,building_count,mean_building_footprint_m2_valid_only,building_footprint_area_m2,building_coverage_ratio,hospital_count,university_count,school_count,healthcare_count,cafe_count,restaurant_count,bar_pub_count,supermarket_count,retail_count,office_count,tourism_count,leisure_count,total_poi_count,poi_density_km2,poi_category_count,poi_entropy,population_worldpop_raw,population_density_worldpop_raw_km2,population_calibrated,population_density_calibrated_km2,mean_elevation_m,median_elevation_m,min_elevation_m,max_elevation_m,elevation_std_m,elevation_range_m,mean_slope_deg,median_slope_deg,max_slope_deg,slope_std_deg,pct_area_slope_lt_3deg,pct_area_slope_3_6deg,pct_area_slope_6_10deg,pct_area_slope_gt_10deg,metro_station_count,distance_to_nearest_metro_m,tram_station_count,distance_to_nearest_tram_m,rail_station_count,distance_to_nearest_rail_m,ferry_terminal_count,distance_to_nearest_ferry_m,metrobus_station_count,bus_stop_count,distance_to_nearest_metrobus_m,distance_to_nearest_bus_stop_m,total_transit_stop_count,distance_to_nearest_transit_m,transit_stops_within_500m,transit_stops_within_1000m,bus_stops_within_500m,fixed_guideway_stations_within_1000m,number_of_transit_modes_accessible,routes_serving_grid,unique_bus_routes,unique_rail_lines,bus_departures_per_day,bus_departures_peak_hour,cycle_infrastructure_length_km_ibb_only,cycle_infrastructure_density_km_per_km2_ibb_only,protected_cycleway_length_km_ibb_only,protected_cycleway_density_km_per_km2_ibb_only,distance_to_nearest_cycle_infrastructure_m_ibb_only,distance_to_nearest_bicycle_parking_m,bicycle_parking_count,distance_to_nearest_micromobility_parking_m,micromobility_parking_count
building_count,1.0,-0.02452367488956227,0.9837074329071346,0.9834456077285758,0.20952189758512152,0.1163161464215127,0.48168940683600336,0.5039133037039747,0.3890850289910875,0.44025370632390964,0.139939599751112,0.46261357600374653,0.5353113275454704,0.44239385710888157,0.2936570143342378,0.664710850281479,0.7562787628420862,0.75518686597652,0.7557439563777252,0.669886750741597,0.7317111254470904,0.7318542681431912,0.7353412520800175,0.7353510146790913,-0.19945318358829847,-0.19832018225306863,-0.1732753036166143,-0.22603791576186508,-0.17066029073327188,-0.16472453642796472,-0.1798461598353027,-0.18560825526032587,-0.12010268590459665,-0.11508205977015055,0.18952388976877116,0.22955430168374777,-0.029633239494583165,-0.17684091832062762,0.12255085758986758,-0.5193960090632047,0.0943049599433428,-0.4782660187922732,0.07293358086821716,-0.5211601912421611,0.05970632020675343,-0.5181858863764125,0.15329123867293656,0.4177865945028607,-0.5225649712924494,-0.4279860796194948,0.4448287634623269,-0.48467017897298353,0.5314038576265465,0.5622390521060483,0.4750975196423734,0.42754802123578495,0.5254215682577945,0.4439015997955134,0.41725577366957817,0.16696809928887896,0.42193933573589437,0.1142632133042734,0.271147968895597,0.27092070481848285,0.23565776831764465,0.23549748241493765,-0.5701031363377368,-0.5448623977789715,0.13717429361359973,-0.5169718466994598,0.1201394573536477
mean_building_footprint_m2_valid_only,-0.02452367488956227,1.0,0.3478484667314555,0.34254768975388106,0.0787356348980242,0.08716009816437953,0.09928206538435554,0.08034475870784433,0.08607996920154348,0.09533453201616639,0.018691191916456056,0.06504024169733942,0.11911676041278148,0.12311994869582929,0.06480973404695739,0.1272289681341417,0.18239812232763986,0.1777584196410181,0.20470885999910207,0.1850555735736892,0.310901901758481,0.30731016221739776,0.32184210067059194,0.3179303018977166,-0.08002159082797676,-0.08011233594950802,-0.03242756345540453,-0.1187602002205824,-0.1861183287407326,-0.17204137703451672,-0.1900854468058554,-0.19764138202860107,-0.12731715248491998,-0.12455439419430334,0.19333359204330874,0.1518751217489372,-0.0450685579880244,-0.16622274516993993,0.07291275764972185,-0.2517484675909884,-0.0033615142083676585,-0.21299211702601417,0.03460684296881991,-0.33266577762536603,-7.415877815789206e-05,-0.16007636528567054,0.06675836795068081,0.08167837160573951,-0.3053139950250881,-0.17225382016933305,0.09087782928051895,-0.17505273220797313,0.10359971782338023,0.1322673628505512,0.09201709229305205,0.1377601073620129,0.11014971633191284,0.088022899522749,0.08123228519048803,0.06469181928919836,0.08455624928846657,0.033898137180206483,0.11267792303632182,0.11123417573978932,0.1570689813173359,0.1562524740500505,-0.2691390098428158,-0.2763926065599693,0.07426361150916115,-0.2827048293342896,0.04511008753146144
building_footprint_area_m2,0.9837074329071346,0.3478484667314555,1.0,0.9996235551224597,0.21416521701182753,0.12275779621736724,0.4821045517541395,0.5058265857476789,0.3924528833443821,0.4421383828043641,0.14121873449525885,0.4623969377756975,0.5407564048729675,0.4488343372606491,0.2959468330028559,0.6582754942977159,0.7558687513671867,0.7546217553769002,0.7563794823697483,0.6720423083181934,0.7475920062216709,0.7475905276798103,0.7513013152368856,0.7511677521361758,-0.20194682785370302,-0.2007806760074916,-0.17202878920094317,-0.23173610352474802,-0.18584512731373778,-0.1793419427911138,-0.19577802735198468,-0.20147842313962472,-0.13241287261082194,-0.1272910994762719,0.20462689914832988,0.24208547352963997,-0.033986284426384364,-0.19152173434491832,0.12905980607794074,-0.5293088227882579,0.09541291442179428,-0.4882134985688481,0.07382997912914595,-0.5353079050710811,0.05720551608520901,-0.5258169342788095,0.15598234975026026,0.4149327923519063,-0.5348826441626265,-0.4310326275535589,0.44290884992177226,-0.488437876620625,0.5307753422803119,0.5656563597628245,0.4731323260350164,0.43819573853107907,0.5254681683944095,0.44180528508840167,0.41431367709704675,0.17249597689436055,0.41911361378157747,0.11419104121940755,0.2756895108173193,0.27541096766794965,0.24429343251182342,0.2441108404374096,-0.5825347814833152,-0.5541071246188806,0.14225309981786455,-0.5285414226153808,0.12277823091740604
building_coverage_ratio,0.9834456077285758,0.34254768975388106,0.9996235551224597,1.0,0.21374678360212165,0.12284748414561096,0.4804596196996402,0.5050211599000274,0.39530919012606164,0.4442770769725652,0.14326242309153014,0.4615953217608458,0.540667025573961,0.4482552109673377,0.2990778540282395,0.6587739423508103,0.7565163756728154,0.7558568148757464,0.7570770873398646,0.6726265381937205,0.7470744023799573,0.7477679021649447,0.7508140875207426,0.7513793288723598,-0.20573991700217642,-0.20455259972062867,-0.17619434053717106,-0.2352795346486556,-0.18727429373955906,-0.18123376077022688,-0.1951339884634949,-0.20100514687419302,-0.13199239099102827,-0.12638877696707865,0.20420495635280742,0.24064341697610822,-0.035176635584690336,-0.19078250343078865,0.12880998170582394,-0.5297279305153217,0.09582711221339148,-0.48858376503207995,0.07427611648683541,-0.5359190923118557,0.06288436246667903,-0.5271074451957065,0.15541343888462075,0.41358805194100473,-0.5350193550141943,-0.4309153606450662,0.442080838361494,-0.4889585394751478,0.5306182480172457,0.5657542216601926,0.4717883358368644,0.43914157443521695,0.5255107779234136,0.4410477510279172,0.4130095936520097,0.1725838574221194,0.41777691295280467,0.11427364833645402,0.279486225719033,0.27933882012436684,0.246782290089519,0.24667026819192797,-0.5835617028698398,-0.5546756378643773,0.1426382539412955,-0.5288893176925584,0.1243363156809284
hospital_count,0.20952189758512152,0.0787356348980242,0.21416521701182753,0.21374678360212165,1.0,0.10020418167665712,0.24615134476890269,0.34568853605029426,0.26391207474454387,0.27167265625390224,0.11444087432387445,0.2584447128099518,0.2791144281972038,0.26218096939215885,0.16596139014370934,0.21794787941602264,0.25537357250869125,0.2544702827936421,0.26330679016670366,0.31006210959421515,0.19988743203838671,0.19972375680243687,0.20149760722628887,0.20136812470300894,-0.06471174957047941,-0.06404581135359372,-0.054164601374188735,-0.0764849818318255,-0.06560611641712667,-0.059745814298090456,-0.05998490225928665,-0.06082696894372434,-0.03771008463928709,-0.03860030018286364,0.06150178134755666,0.08704395373640153,-0.005652003650823644,-0.05749250369115237,0.08627495046519337,-0.16291466281583694,0.07665035558948656,-0.15524130553960672,0.05539106639419736,-0.1609935453150996,0.015742930903119418,-0.15587969425022793,0.07676893028146568,0.14632410229892828,-0.159105976027837,-0.1225787035774307,0.16368255608599686,-0.14873907762795568,0.17036920113843126,0.17906562886786104,0.13751841307301743,0.2584288489699873,0.17005955762337593,0.1638188687656846,0.14745356153751737,0.11950415082060746,0.14869413362249478,0.03397920211895481,0.08446539280641648,0.08422965801175647,0.07680949131890695,0.07671207879926226,-0.1558458057806899,-0.1674973081599485,0.09938126734798217,-0.16007486830259446,0.15753807474775325
university_count,0.1163161464215127,0.08716009816437953,0.12275779621736724,0.12284748414561096,0.10020418167665712,1.0,0.10310277768359001,0.14176379528624058,0.16541053895017696,0.15029132578984147,0.11973858018492263,0.11463753630791773,0.14620231977586076,0.16529654673986424,0.15027932130358146,0.12811741557913697,0.15033984618153456,0.14991756863505395,0.15624131647250436,0.18106303301934876,0.1141225025911467,0.11420624109943037,0.11496423817011567,0.11505232102457802,-0.0421189468163772,-0.04183219137255707,-0.039477200975665865,-0.04682472588388924,-0.02821702607465135,-0.02009991361686602,-0.020068221713763684,-0.024691328369056784,0.0015027961725258177,0.0021310066398908256,0.030799676022700156,0.03564782455239421,-8.421059472756999e-05,-0.01340992906687409,0.06410243566167666,-0.10166330090781711,0.058208753556950425,-0.09725000786529404,0.011081793335860209,-0.09844403432195967,0.04711879803049686,-0.10356213318836344,0.05495750460882428,0.06973210554855293,-0.09387250153154264,-0.07593759208367484,0.08521709481248338,-0.0916680289659983,0.09556832834936183,0.10725207511368064,0.06719272430255267,0.13616082863882334,0.09927104994076223,0.08481457600314755,0.06984275639440164,0.0778082690701982,0.06997884091676586,0.04716462738486607,0.09520590878035658,0.09485816005735605,0.06799022801609117,0.06783093428611366,-0.0933631288869702,-0.10088362497332874,0.03135779946887181,-0.10134324739799178,0.1313233907734132
school_count,0.48168940683600336,0.09928206538435554,0.4821045517541395,0.4804596196996402,0.24615134476890269,0.10310277768359001,1.0,0.5444898648523202,0.378689157565342,0.4141584580070119,0.16254480974344176,0.5040536442058757,0.5091468325654528,0.43356247663523884,0.2280930303230449,0.507959978428007,0.5721925755468679,0.5689050456569301,0.5842148775157744,0.6635905162561424,0.45791463157716333,0.45663302846047055,0.4595236258158299,0.45818662518189446,-0.10353276404557066,-0.10254295323143932,-0.08234058197607244,-0.12602310759191895,-0.10608507448162897,-0.09649298195314798,-0.10930023395248196,-0.10982266447646784,-0.07909785100905745,-0.07663293427864859,0.11192675381839552,0.1731702215166042,0.008625091168724452,-0.10967438236837466,0.10442401722323372,-0.36276992593925356,0.131352099115028,-0.3336742330450513,0.05834751829210727,-0.3584467453165856,0.02184158103284907,-0.3304234290339962,0.12944415203522913,0.3132466660752752,-0.3666765789387623,-0.2887799802543972,0.3432167246342981,-0.33363414459688306,0.38414575987085586,0.390886065093602,0.3293758857559193,0.40765609412819953,0.37606591528322114,0.3409032929383599,0.31169999213777383,0.1650119307814653,0.31746714493730643,0.09342978666771548,0.1709516112436747,0.17029606537484043,0.16191484461900685,0.16152414691686862,-0.3486216484195788,-0.37265858878565206,0.13248958590422147,-0.3492299043459042,0.14037420770887668
healthcare_count,0.5039133037039747,0.08034475870784433,0.5058265857476789,0.5050211599000274,0.34568853605029426,0.14176379528624058,0.5444898648523202,1.0,0.5188396620602667,0.5454376031108473,0.21919409360099013,0.6324326188609557,0.627806227858818,0.5389635870479259,0.3048457935091965,0.5088062839946637,0.599017448910712,0.596130513052319,0.6117257038426964,0.7126033965285936,0.47587576923386554,0.47528037199524015,0.47821352543057605,0.4776152910553168,-0.12711699232673054,-0.1256475851932174,-0.105763425916045,-0.15229575694170314,-0.12755276329108578,-0.11539478374000511,-0.1239020787432688,-0.12531081998095026,-0.08417243834243159,-0.08060205694979501,0.13100068388749544,0.18948603080250587,8.295213960357008e-05,-0.12305805665685923,0.17594923618600694,-0.3835216803110912,0.1477615723355189,-0.35890545293441783,0.09367291148329386,-0.37687326314707453,0.07027363740180861,-0.35664672501337324,0.16341392162089202,0.32419421658935277,-0.3780850494634611,-0.29223497955519206,0.3702000909779167,-0.346560705518983,0.3970787772696574,0.40567504517312625,0.31719075234939564,0.4971594469779112,0.39253063837222524,0.36811733215167,0.32345125287609233,0.2402208176924946,0.32948004957390464,0.10383256877138887,0.2025887503986646,0.20202148858777744,0.18413791340809194,0.1837859445630732,-0.36846903859191266,-0.3898674802892796,0.15872715755810396,-0.37372464023501994,0.2076381180775278
cafe_count,0.3890850289910875,0.08607996920154348,0.3924528833443821,0.39530919012606164,0.26391207474454387,0.16541053895017696,0.378689157565342,0.5188396620602667,1.0,0.6215826818588509,0.31675028407798234,0.5311435784157559,0.5706058132361214,0.5037540643601309,0.3708436841273828,0.42315185367037345,0.49134605944222587,0.4930924652166049,0.5000998250931578,0.5871926791372065,0.3579654653495589,0.360915870751775,0.3606564097087991,0.36363090846751633,-0.12911972111527698,-0.12781039288422735,-0.11613486589175491,-0.14498728173795852,-0.11627954218157502,-0.1083015751025588,-0.0998444443391845,-0.10420755462006538,-0.06068591432602667,-0.055051689476248354,0.11426340017827696,0.1241991335377766,-0.033857371302627774,-0.08990539675408349,0.16905154223716412,-0.29569057541530713,0.16445605023468235,-0.27705381723955075,0.10511323086896318,-0.2912475200762554,0.13045950312519328,-0.2864015816260143,0.07575667656656024,0.23633057687664613,-0.28231911643887325,-0.2244184666922208,0.28776909483991003,-0.2731806939345663,0.32286283276373307,0.3199735472063441,0.23174307253041887,0.4189890873798952,0.32492036250477,0.2877217261053754,0.23677456676517888,0.24553431742929627,0.23819641752565754,0.09337278025671587,0.2674000453289423,0.2675600460113882,0.22108920800366508,0.2212200747969918,-0.288229558521189,-0.3028551787230985,0.17810322758124797,-0.2892047933630437,0.25524225630297004
restaurant_count,0.44025370632390964,0.09533453201616639,0.4421383828043641,0.4442770769725652,0.27167265625390224,0.15029132578984147,0.4141584580070119,0.5454376031108473,0.6215826818588509,1.0,0.28374103409753954,0.587476000343295,0.6377111635588819,0.5319814986851359,0.3707347244040757,0.4588289392817786,0.5616764315791856,0.5626624065373815,0.5718574638234393,0.6551708091555069,0.4051887181018939,0.40737170981729226,0.4076208041315995,0.4098328744348258,-0.13486686725334987,-0.133544619765518,-0.1195937030115158,-0.15283568233161776,-0.12394864695342724,-0.11547402091164209,-0.11104573761857613,-0.11537547554629098,-0.06858331674407597,-0.06115602031164973,0.12548714147770082,0.1392592694270037,-0.028786296953722413,-0.10178584323460983,0.17190487015711572,-0.3275036320870474,0.1415886933560871,-0.30164513323101805,0.09825777966614833,-0.3213547772445292,0.11216263536534983,-0.3116414760060685,0.09923927907125392,0.2705297572293404,-0.31331578379261177,-0.25498592283286703,0.31745993829900976,-0.3044877247236607,0.3487599346914946,0.35615751558950365,0.2701273458842258,0.42689989126751793,0.34893842226187494,0.31697323568999275,0.27085131118916234,0.23465991515511672,0.27303183760596317,0.09580845283708897,0.23472540039385043,0.2349914383593522,0.19815078741951705,0.1983176670333355,-0.3210697899413761,-0.3383823590917512,0.17632517412795223,-0.3158247577637746,0.23577258052962632
bar_pub_count,0.139939599751112,0.018691191916456056,0.14121873449525885,0.14326242309153014,0.11444087432387445,0.11973858018492263,0.16254480974344176,0.21919409360099013,0.31675028407798234,0.28374103409753954,1.0,0.2194154441807603,0.23471962754107278,0.23337467909263504,0.25677142739055153,0.1591728996897137,0.17823856498608998,0.1788364173863551,0.18080969343808995,0.21012130598289439,0.12625084624792104,0.12784054499632969,0.12893674313433437,0.13061737930910197,-0.07719324193846575,-0.07650970508203422,-0.07800633268849308,-0.07873762551908484,-0.032292015789260456,-0.030134140076410316,-0.02501386990390268,-0.028006595828455102,-0.008409035445241117,-0.003372642705754363,0.0362788643661721,0.04268769497187877,-0.0030125706689229253,-0.020438825325228095,0.11374576229470038,-0.11452187639277527,0.1437861305202636,-0.11354322572688762,0.0882739915907379,-0.11557795473931626,0.1192132088553919,-0.11828612305514925,0.005342054637417033,0.06755117377743941,-0.10395364318655215,-0.08279020707704006,0.10102345250716058,-0.10117238039452071,0.11503713884055362,0.12085768358420851,0.06387343901037144,0.2043000223383493,0.12149282347003887,0.0994936522484852,0.06689611584337504,0.17853660201817162,0.06677682408714311,0.0425052313145406,0.10271677216853965,0.10277625432997546,0.09948207583420876,0.0995586124585309,-0.10521313671795278,-0.11449893668785381,0.06908313278262779,-0.11927931443943374,0.29508434620117446
supermarket_count,0.46261357600374653,0.06504024169733942,0.4623969377756975,0.4615953217608458,0.2584447128099518,0.11463753630791773,0.5040536442058757,0.6324326188609557,0.5311435784157559,0.587476000343295,0.2194154441807603,1.0,0.6548693472528471,0.5356152340676628,0.28026149175765563,0.4767794628380474,0.5581898189624387,0.5557487290519347,0.568550318274988,0.6661494729520061,0.42884519902070084,0.4281531570019423,0.431092216694367,0.43039216172756245,-0.10807938578143074,-0.10708421828854843,-0.08726091577616539,-0.1304606331985189,-0.12677859638281982,-0.11434972067067493,-0.12116799931057053,-0.1214907177543202,-0.08668205055446904,-0.08293968723513655,0.12596303352735638,0.16271607408183172,-0.01119251716435231,-0.11805179101484803,0.16130153800144362,-0.3399905878886122,0.1370891176531351,-0.30530207388486363,0.0813476602683376,-0.3317367266910769,0.05305657888393205,-0.31298116737318826,0.1349907114571039,0.3398046543052475,-0.336393890734095,-0.27857173207161534,0.3745576019749725,-0.3229599291051055,0.3930403694980509,0.38852484383781744,0.32702704503422764,0.43581936980464764,0.38487584298452704,0.37193056890652865,0.3381362201960809,0.21874099243789644,0.33967410924063035,0.09033388730156232,0.1877772551949477,0.18713617846531597,0.17916437240171762,0.17880595957715445,-0.32735461051375936,-0.35339230312426156,0.17489393630188663,-0.3237147435547556,0.19940055121674954
retail_count,0.5353113275454704,0.11911676041278148,0.5407564048729675,0.540667025573961,0.2791144281972038,0.14620231977586076,0.5091468325654528,0.627806227858818,0.5706058132361214,0.6377111635588819,0.23471962754107278,0.6548693472528471,1.0,0.5798755228155966,0.3351708296217775,0.5079117692636376,0.6527335403974057,0.6506516048082518,0.6660756859237338,0.7543021398602003,0.5038319962354064,0.504052669282143,0.5060935211208538,0.5062718079862691,-0.13210820505578424,-0.1311577810240032,-0.107090499401429,-0.15739253268270306,-0.14731818699114424,-0.13449837069287796,-0.1410579245345154,-0.14541753820198772,-0.08999375137331264,-0.08590615797854446,0.15468334031117298,0.18530411986067774,-0.023200403328845792,-0.1332182768490062,0.18784685654250272,-0.3909173297759408,0.14859422109613699,-0.3581595226802618,0.07874299947127811,-0.38433419548157194,0.07152535128386625,-0.361483300963312,0.17505449728897207,0.3460039299859706,-0.38543466264087967,-0.3040081445470624,0.3876691164026403,-0.3588023874748661,0.4239039031703291,0.4268163905477005,0.3429714948627103,0.4877500797339241,0.4202878524473736,0.38697598096041896,0.34649790789281004,0.24043511961591013,0.35009147025239434,0.10403294184523539,0.22134046903731366,0.22098702500549408,0.1963731747063293,0.19625395871652104,-0.37897984548963726,-0.3998275876031819,0.18911949675732162,-0.375171560215801,0.19253292287803778
office_count,0.44239385710888157,0.12311994869582929,0.4488343372606491,0.4482552109673377,0.26218096939215885,0.16529654673986424,0.43356247663523884,0.5389635870479259,0.5037540643601309,0.5319814986851359,0.23337467909263504,0.5356152340676628,0.5798755228155966,1.0,0.3068752323526486,0.4361552663353568,0.5414319434344115,0.5393382510811063,0.5519608150419627,0.6261281231497218,0.4175118816886269,0.41722567182885506,0.4189294389675901,0.4185996347311716,-0.1158031249803068,-0.11471129543365341,-0.0928471158595627,-0.13915741740688684,-0.131757767971323,-0.12002434113180797,-0.12359974298344564,-0.12749003278227333,-0.07945598185655242,-0.0765545495589401,0.13434677179344112,0.16425852595266233,-0.026497816355897603,-0.11621566825414731,0.18401090885891,-0.33909651305129945,0.1407629885244971,-0.3054006246778597,0.07866352546473308,-0.33002474634989465,0.04043690788557088,-0.30636170505947685,0.12949623101084157,0.3086798973830247,-0.32898054952603867,-0.2701663368531772,0.3441999333956732,-0.3132518396021527,0.3660885355260212,0.37794287278341726,0.29967978650837995,0.46438650507457246,0.3620409573088602,0.343795178064244,0.30940851614729337,0.2343641355464673,0.31127134828592523,0.09261386904186746,0.18728196206979186,0.18681506091978373,0.16684940075880725,0.16659565402251486,-0.3196646651512652,-0.34290190122045383,0.1457952591456355,-0.3189550562095217,0.19622821989813935
tourism_count,0.2936570143342378,0.06480973404695739,0.2959468330028559,0.2990778540282395,0.16596139014370934,0.15027932130358146,0.2280930303230449,0.3048457935091965,0.3708436841273828,0.3707347244040757,0.25677142739055153,0.28026149175765563,0.3351708296217775,0.3068752323526486,1.0,0.315607469161215,0.42214344424843175,0.42549940712305817,0.4350470239167074,0.44190862723774005,0.27134880140016565,0.27457492075410866,0.2742241033989377,0.2775396238136142,-0.1438875519133191,-0.14285515755115652,-0.14807510328475326,-0.14484507198320282,-0.05202126412034541,-0.05155923423063534,-0.03679777233609204,-0.04360145599853003,-0.0021824722062738426,0.0015102735424922533,0.05921251697778475,0.05078292308039756,-0.019909626105537415,-0.025131885307515547,0.08897761974585501,-0.22576994707206363,0.12225584240861531,-0.21655992002896038,0.0805137165238345,-0.21902844543160757,0.10934883600949878,-0.23214114739398295,0.056342291717260705,0.1381250284962759,-0.20954359326780805,-0.17221172899221715,0.17427606695410428,-0.20988960464435413,0.21671181988771773,0.22953468402875563,0.150635722147997,0.2925578189857308,0.22324509092281142,0.1738033109478927,0.1381887276986298,0.15318253306199894,0.13786495094223186,0.04903062752407051,0.21108121057542892,0.211402319576115,0.16499206184428789,0.16529496418009845,-0.23370593199182998,-0.23273940492807504,0.08742523636407001,-0.2261819487073236,0.18841338127985657
leisure_count,0.664710850281479,0.1272289681341417,0.6582754942977159,0.6587739423508103,0.21794787941602264,0.12811741557913697,0.507959978428007,0.5088062839946637,0.42315185367037345,0.4588289392817786,0.1591728996897137,0.4767794628380474,0.5079117692636376,0.4361552663353568,0.315607469161215,1.0,0.871867925376787,0.8711080262740099,0.8578832508015272,0.729529586564564,0.6139543921574537,0.6151602440472639,0.6157055979605837,0.6168021195177046,-0.17736299164157826,-0.1762781000443826,-0.1624865008699665,-0.19270135586523449,-0.10969867043842159,-0.10211952581192664,-0.10539993912037403,-0.11256010311211151,-0.05638815648332539,-0.05271631151381349,0.12013818497724373,0.16383182547823724,0.0030166922205006395,-0.10184989350011314,0.12393609563414065,-0.483347581988682,0.09107998073989755,-0.43576719658478286,0.06537271986907166,-0.46278084037477996,0.0608767430715245,-0.46848115961363895,0.14112836098682724,0.3998330487898953,-0.47712243535535387,-0.4154586880144406,0.4260110619689429,-0.47043100185352993,0.5023763934097908,0.5301647927587604,0.44465642729989024,0.4260218596139711,0.4964201862176248,0.425636805448375,0.3998710748550596,0.16249954750310905,0.4043366745646405,0.1093976336048122,0.3065420627897787,0.30648304026230383,0.28126944437116597,0.2812476083239323,-0.4905507860314356,-0.5034404149950905,0.1616946026436681,-0.4640868107633897,0.13626097102784387
total_poi_count,0.7562787628420862,0.18239812232763986,0.7558687513671867,0.7565163756728154,0.25537357250869125,0.15033984618153456,0.5721925755468679,0.599017448910712,0.49134605944222587,0.5616764315791856,0.17823856498608998,0.5581898189624387,0.6527335403974057,0.5414319434344115,0.42214344424843175,0.871867925376787,1.0,0.9995673322195597,0.9962925665784407,0.8143005042928078,0.7076493277014317,0.7088289353773096,0.7105763123356093,0.7116306849083054,-0.2039619913609636,-0.20283821316572592,-0.18358665035422336,-0.22492319060677401,-0.14278382849220808,-0.13366775554263347,-0.13758270460221908,-0.14517719178579028,-0.07865082887117346,-0.07430474437012835,0.15387599360217358,0.1969959728831144,-0.010079061849198278,-0.1315581038551445,0.14490632232846087,-0.5379902573069721,0.10961126038366248,-0.48759609558226286,0.08545979639633897,-0.523036868013199,0.07595687876981728,-0.5211942741122582,0.16769123067720396,0.45359556188064365,-0.5355452699255123,-0.4599845274689811,0.4854703433829215,-0.5210035316262255,0.5651844316373117,0.5864288201970431,0.49930814260834144,0.47903549175476035,0.5586853888744395,0.484393133479874,0.453032230538527,0.19560952129596837,0.45760155980358125,0.12664643424786398,0.3259517193451482,0.32584271464635595,0.2913095544168006,0.291252598217617,-0.5561631468544848,-0.56204992779973,0.16567630299927893,-0.5229937366987101,0.15127321466715332
poi_density_km2,0.75518686597652,0.1777584196410181,0.7546217553769002,0.7558568148757464,0.2544702827936421,0.14991756863505395,0.5689050456569301,0.596130513052319,0.4930924652166049,0.5626624065373815,0.1788364173863551,0.5557487290519347,0.6506516048082518,0.5393382510811063,0.42549940712305817,0.8711080262740099,0.9995673322195597,1.0,0.9959401585215277,0.8128494357318006,0.7062561708489156,0.7080612952377064,0.7092217308155555,0.7109027904975611,-0.2076693885323115,-0.20652766046840731,-0.18774408357820382,-0.22830335102302166,-0.14390348446687223,-0.1352682602019487,-0.1367755475105445,-0.14456708612186414,-0.07798147604167145,-0.07320850601182209,0.15332550605734843,0.19500285802071401,-0.01147774873288607,-0.1305890873481766,0.1442025552770974,-0.5372451622311192,0.10951887505288563,-0.4869100947335589,0.08561883686249219,-0.5225602393276927,0.08038632421942896,-0.5214706578001091,0.16669192454364803,0.4514634832116694,-0.534562756031471,-0.459170850268046,0.48369931579664044,-0.5205272895945627,0.563852492503669,0.5853124413480285,0.49723207122230434,0.4786712219341087,0.5575439909670787,0.4826912442850641,0.4509461997729397,0.19509031414439443,0.45546696134879566,0.1265475255293806,0.32990493188980585,0.3299428399983886,0.2941886855648201,0.2942187664343773,-0.5563551746557983,-0.5616428870704019,0.16588925721224315,-0.522315838372427,0.15204337196328058
poi_category_count,0.7557439563777252,0.20470885999910207,0.7563794823697483,0.7570770873398646,0.26330679016670366,0.15624131647250436,0.5842148775157744,0.6117257038426964,0.5000998250931578,0.5718574638234393,0.18080969343808995,0.568550318274988,0.6660756859237338,0.5519608150419627,0.4350470239167074,0.8578832508015272,0.9962925665784407,0.9959401585215277,1.0,0.8324437335497694,0.7085128082145142,0.7097565662505186,0.7115802068829113,0.7127074906621733,-0.20481102772237425,-0.2036702643957064,-0.18407012390044267,-0.22634287042073176,-0.14504266881559866,-0.1358841783758144,-0.139512094701845,-0.14723922618231483,-0.0794134996444735,-0.07491281345813623,0.15652198760292435,0.19966599139926755,-0.011552462877824762,-0.133097912763402,0.14668577860056506,-0.5376145008387769,0.11092787418284387,-0.48836122264551324,0.08604578434192055,-0.5238886414060121,0.07780174176733493,-0.5209105563102774,0.17181849624036144,0.45482015999569947,-0.5355219728412841,-0.4576237905066182,0.48718364461268665,-0.519059856972996,0.5649998400220761,0.584564413796622,0.49814969620225197,0.48333286777220924,0.5584584729947031,0.48607372722874626,0.45426617520805085,0.1977533551224604,0.45886123830562725,0.1273599366725176,0.32724400627155814,0.32714696444738994,0.2925043135989941,0.2924581031818268,-0.5568000410950632,-0.5612442385807098,0.16655041220486883,-0.5241413821249289,0.15305458982724862
poi_entropy,0.669886750741597,0.1850555735736892,0.6720423083181934,0.6726265381937205,0.31006210959421515,0.18106303301934876,0.6635905162561424,0.7126033965285936,0.5871926791372065,0.6551708091555069,0.21012130598289439,0.6661494729520061,0.7543021398602003,0.6261281231497218,0.44190862723774005,0.729529586564564,0.8143005042928078,0.8128494357318006,0.8324437335497694,1.0,0.6269171560596184,0.6282009333535697,0.6291958060427041,0.6303867220146352,-0.172190807243,-0.17086881627357112,-0.15184582129771831,-0.19548173086915838,-0.14419412521138286,-0.13168074673904906,-0.13725488257867005,-0.14344097388753557,-0.08154518012473554,-0.07606854981576809,0.15471956323329875,0.19773181516789132,-0.011336808757522908,-0.1293421574971599,0.17057824939612445,-0.4918173616832737,0.1284371545660509,-0.4511607009705127,0.08651727144809611,-0.48205432541590565,0.09132137593714643,-0.46048780028426073,0.19443377762412234,0.41840205431692856,-0.4864593530523165,-0.390133677642706,0.4590262433077521,-0.4546026916175479,0.5117208009415207,0.5260301066318107,0.4309007789069674,0.5313255701349594,0.5047521173596524,0.45752510595699486,0.41787675887837733,0.22335049514863836,0.42382886256522107,0.12273973815553646,0.32102141298702463,0.32088318334100097,0.2895026122873128,0.28944098883308816,-0.489895803893795,-0.5065174425418462,0.188720433235645,-0.47680824014152773,0.17567476773845525
population_worldpop_raw,0.7317111254470904,0.310901901758481,0.7475920062216709,0.7470744023799573,0.19988743203838671,0.1141225025911467,0.45791463157716333,0.47587576923386554,0.3579654653495589,0.4051887181018939,0.12625084624792104,0.42884519902070084,0.5038319962354064,0.4175118816886269,0.27134880140016565,0.6139543921574537,0.7076493277014317,0.7062561708489156,0.7085128082145142,0.6269171560596184,1.0,0.9994536590006632,0.9987761284800328,0.9981570859761262,-0.28952978211031405,-0.28821523315050473,-0.2567491289282293,-0.3177985832834682,-0.191808370444298,-0.18678098878258884,-0.209285326344933,-0.218719614543913,-0.13394969732291692,-0.12358754950145767,0.22154109476143777,0.2565796380944587,-0.012695270894134917,-0.20458528388533082,0.12229713200508192,-0.6271952025586881,0.08870804028437791,-0.6022038449558493,0.06893926089597863,-0.6353289589444515,0.05177388526561367,-0.6058245830375997,0.1528279030583028,0.39920261002110524,-0.6297391214866213,-0.4744091108940293,0.42526229666888765,-0.5309487432421601,0.5165749599363245,0.5557944954075297,0.462152168092348,0.4249520975411043,0.51229267596065,0.4244780991656684,0.3989067025694304,0.16221533944838354,0.4038639499681205,0.10662045806920617,0.261754640389984,0.2615329288388669,0.2446429135493649,0.2445572068857674,-0.6617785627443282,-0.6339877614508397,0.13158769237512163,-0.6341855407852794,0.10894761483132154
population_density_worldpop_raw_km2,0.7318542681431912,0.30731016221739776,0.7475905276798103,0.7477679021649447,0.19972375680243687,0.11420624109943037,0.45663302846047055,0.47528037199524015,0.360915870751775,0.40737170981729226,0.12784054499632969,0.4281531570019423,0.504052669282143,0.41722567182885506,0.27457492075410866,0.6151602440472639,0.7088289353773096,0.7080612952377064,0.7097565662505186,0.6282009333535697,0.9994536590006632,1.0,0.9982851687384202,0.9987609966131897,-0.2944746688074746,-0.29312499255522884,-0.26214881511793164,-0.3224720888533205,-0.19415250695597883,-0.1897447139310582,-0.2088434325004356,-0.2184763226201373,-0.13387024075523635,-0.12280004596970241,0.2213395399440657,0.2547382795239738,-0.014291928229905453,-0.2039502375690497,0.12218688232097756,-0.6275732831706454,0.08913405022000041,-0.6023565989220874,0.06937916890276632,-0.6358348388781974,0.05692903099213923,-0.607247976118815,0.15265598940724273,0.398122720588893,-0.6298677582369652,-0.4745491600196589,0.42470308288846575,-0.5316972909248191,0.5169149330017393,0.5563977271185001,0.4613071167531989,0.42688643616416405,0.5128241272220513,0.4239808568108324,0.39786778587472793,0.1624306221515782,0.40282279396322745,0.10679807998085873,0.26663991187540537,0.2665798920221078,0.24855452749776713,0.2485728796572707,-0.6628486489696981,-0.6349157389110396,0.13217798742617468,-0.6343921488121695,0.11016281094332725
population_calibrated,0.7353412520800175,0.32184210067059194,0.7513013152368856,0.7508140875207426,0.20149760722628887,0.11496423817011567,0.4595236258158299,0.47821352543057605,0.3606564097087991,0.4076208041315995,0.12893674313433437,0.431092216694367,0.5060935211208538,0.4189294389675901,0.2742241033989377,0.6157055979605837,0.7105763123356093,0.7092217308155555,0.7115802068829113,0.6291958060427041,0.9987761284800328,0.9982851687384202,1.0,0.9994487214918107,-0.29081583690051965,-0.2894764489151464,-0.2573777078507492,-0.31970347845145286,-0.19591449271266406,-0.19077965642596814,-0.21472547003528444,-0.22383573373117044,-0.14015134384749953,-0.13038275939450436,0.22461473067977503,0.2608394530010068,-0.015895427194855042,-0.2105147737478415,0.12256585355693184,-0.622452419661105,0.08908859395067037,-0.5965355810021863,0.06974457636001741,-0.6356976817363738,0.051793693004722884,-0.6078587366240661,0.15324672720452862,0.3986270667724587,-0.6314065078037105,-0.4762299246083433,0.42481708444874977,-0.5324636382606334,0.5164867921923546,0.5563530378883244,0.46199684193107926,0.4258658279018155,0.5123560031556784,0.4238436177385527,0.3981614026762087,0.16288065082647335,0.40323175326251,0.1063565573957745,0.26539108919445276,0.265174645440924,0.24940642063488544,0.2493280273055095,-0.6641232354856579,-0.6365983480124946,0.13284738251839776,-0.6342746744336891,0.1122118803698944
population_density_calibrated_km2,0.7353510146790913,0.3179303018977166,0.7511677521361758,0.7513793288723598,0.20136812470300894,0.11505232102457802,0.45818662518189446,0.4776152910553168,0.36363090846751633,0.4098328744348258,0.13061737930910197,0.43039216172756245,0.5062718079862691,0.4185996347311716,0.2775396238136142,0.6168021195177046,0.7116306849083054,0.7109027904975611,0.7127074906621733,0.6303867220146352,0.9981570859761262,0.9987609966131897,0.9994487214918107,1.0,-0.2958271945831358,-0.2944513437399521,-0.2628434331321812,-0.32444715380608297,-0.19831426073642755,-0.19380801969815523,-0.2143250844161807,-0.22362940861987776,-0.14011235577616557,-0.12962894534889965,0.22445619552226376,0.25900604590067794,-0.01751580280743866,-0.20991004932797006,0.1224654339567594,-0.6227373678117433,0.08957408701515246,-0.5966526449763754,0.07017916289898106,-0.6361314206160534,0.056981761921981504,-0.6092146538138478,0.15306900418855282,0.3974510683741002,-0.6314508726115031,-0.47627448824383245,0.42416834918702184,-0.5331116666938336,0.5167446261822783,0.5568704580332475,0.461075117051376,0.427783906852204,0.5128119198243267,0.4232540508483448,0.3970244542112895,0.16312649830020848,0.4020913269930507,0.10652298470775946,0.2702790438659736,0.27022457349560697,0.25334498409021095,0.2533712969036416,-0.6651105584914714,-0.6374364795859243,0.13343621285350543,-0.6344351236321898,0.11355286423166178
mean_elevation_m,-0.19945318358829847,-0.08002159082797676,-0.20194682785370302,-0.20573991700217642,-0.06471174957047941,-0.0421189468163772,-0.10353276404557066,-0.12711699232673054,-0.12911972111527698,-0.13486686725334987,-0.07719324193846575,-0.10807938578143074,-0.13210820505578424,-0.1158031249803068,-0.1438875519133191,-0.17736299164157826,-0.2039619913609636,-0.2076693885323115,-0.20481102772237425,-0.172190807243,-0.28952978211031405,-0.2944746688074746,-0.29081583690051965,-0.2958271945831358,1.0,0.9992507777312979,0.9712062808016216,0.9760938524808183,0.22815949067226132,0.2668856929977332,0.265653831307682,0.28423701139886587,0.1680310253572055,0.12183579894900824,-0.33628210572746403,0.017494873324373116,0.19093826758368382,0.2125049840367714,-0.027134114111452143,0.2429966460489375,-0.032297708391595875,0.2784612720253566,-0.06464630292859466,0.267991281614728,-0.05642062300259316,0.290134053120984,-0.04098697200090084,-0.04691886611457219,0.24154536488517594,0.1762997681237883,-0.06327994531794359,0.2039289641543255,-0.0894845449757596,-0.11588622753670115,-0.05695625838410565,-0.1724622940822043,-0.09627805665573455,-0.06387553240031683,-0.04789279292644665,-0.06191779437394251,-0.04897975450985967,-0.009522564154801965,-0.1285299675408038,-0.12924769128860766,-0.10209514741250843,-0.10261014699406315,0.3181967717771572,0.26935219595335635,-0.04250671749376917,0.27114148749707734,-0.05958768651334621
median_elevation_m,-0.19832018225306863,-0.08011233594950802,-0.2007806760074916,-0.20455259972062867,-0.06404581135359372,-0.04183219137255707,-0.10254295323143932,-0.1256475851932174,-0.12781039288422735,-0.133544619765518,-0.07650970508203422,-0.10708421828854843,-0.1311577810240032,-0.11471129543365341,-0.14285515755115652,-0.1762781000443826,-0.20283821316572592,-0.20652766046840731,-0.2036702643957064,-0.17086881627357112,-0.28821523315050473,-0.29312499255522884,-0.2894764489151464,-0.2944513437399521,0.9992507777312979,1.0,0.96785375679957,0.9723171425817198,0.22569942296755893,0.26475804940918923,0.2649670353844875,0.2841081209628912,0.1667505822525392,0.12028386597345585,-0.3364812161601109,0.018266297901709812,0.19139077746690034,0.2115652757729554,-0.027072600136676086,0.24099403021740515,-0.031733624339852134,0.2759179098937281,-0.06424604792411523,0.2663604680895414,-0.0568683037030984,0.2867485386973519,-0.04101228989351107,-0.0483891368933192,0.2399201911124806,0.1764987939473407,-0.06459795851795723,0.20374681089782534,-0.09067079250696722,-0.11632744779082752,-0.05855186930481753,-0.17052422808973486,-0.09741630452533882,-0.0651948835114623,-0.04935229798244959,-0.061418831845585255,-0.05042898762894301,-0.00953857098102362,-0.1282220216498992,-0.1289377994125034,-0.10168834516207861,-0.10220053133302791,0.3157800209899044,0.26721454705882003,-0.04256230848075699,0.26876321434139405,-0.05867305191898299
min_elevation_m,-0.1732753036166143,-0.03242756345540453,-0.17202878920094317,-0.17619434053717106,-0.054164601374188735,-0.039477200975665865,-0.08234058197607244,-0.105763425916045,-0.11613486589175491,-0.1195937030115158,-0.07800633268849308,-0.08726091577616539,-0.107090499401429,-0.0928471158595627,-0.14807510328475326,-0.1624865008699665,-0.18358665035422336,-0.18774408357820382,-0.18407012390044267,-0.15184582129771831,-0.2567491289282293,-0.26214881511793164,-0.2573777078507492,-0.2628434331321812,0.9712062808016216,0.96785375679957,1.0,0.9152152622273779,0.04760030357992368,0.08285595768839088,0.08739792340356106,0.1095593205341801,0.0020002603122297774,-0.03704342171190112,-0.17796599570091562,0.1244380085190994,0.15074584686682987,0.03983598042175753,-0.01734482947173142,0.24624959846059669,-0.026652482644508202,0.27792564264608144,-0.06350098682020493,0.25062967591423607,-0.060739164341769396,0.2816416021934773,-0.02871038518980547,-0.027062538661367694,0.22917468236650862,0.20506836242776205,-0.04217674115787012,0.23180346855111128,-0.07237284777821626,-0.11187357356338368,-0.040415584126567504,-0.1540563046299892,-0.08012274893721227,-0.04275817962660028,-0.027935852532324616,-0.05163590098443367,-0.02872550251812389,-0.005852014974552349,-0.13072494997907555,-0.13151933605959162,-0.09320565944050004,-0.09377102139613752,0.3005008514023819,0.27304233142941015,-0.03380080770984464,0.2614895357903196,-0.05481646171743288
max_elevation_m,-0.22603791576186508,-0.1187602002205824,-0.23173610352474802,-0.2352795346486556,-0.0764849818318255,-0.04682472588388924,-0.12602310759191895,-0.15229575694170314,-0.14498728173795852,-0.15283568233161776,-0.07873762551908484,-0.1304606331985189,-0.15739253268270306,-0.13915741740688684,-0.14484507198320282,-0.19270135586523449,-0.22492319060677401,-0.22830335102302166,-0.22634287042073176,-0.19548173086915838,-0.3177985832834682,-0.3224720888533205,-0.31970347845145286,-0.32444715380608297,0.9760938524808183,0.9723171425817198,0.9152152622273779,1.0,0.3845526028057567,0.4232401951747815,0.4092590093354051,0.4220374854937824,0.30808244918974387,0.25942316849786157,-0.4534991744172332,-0.09052610876059153,0.20886855389189068,0.35671700486310154,-0.0364215817520767,0.24358514468648926,-0.039205302849654934,0.28349088787134646,-0.06468143626589261,0.28219289151117205,-0.05110604607646418,0.3055029599399068,-0.05038132412636553,-0.057665049183671685,0.252869018292885,0.14576154921213963,-0.07558527274073211,0.1755251484779829,-0.09938700508409705,-0.11694031190312507,-0.06455182850000367,-0.1936063385587272,-0.1054038483302594,-0.07613301155422737,-0.05870598972189869,-0.07230114932703506,-0.06019110178611214,-0.012759996845809862,-0.12520004298182383,-0.12585655812579757,-0.10979936827322741,-0.11027380199892267,0.33673911483237623,0.26908020241158653,-0.049790255699201556,0.28332933080889855,-0.06450913086312639
elevation_std_m,-0.17066029073327188,-0.1861183287407326,-0.18584512731373778,-0.18727429373955906,-0.06560611641712667,-0.02821702607465135,-0.10608507448162897,-0.12755276329108578,-0.11627954218157502,-0.12394864695342724,-0.032292015789260456,-0.12677859638281982,-0.14731818699114424,-0.131757767971323,-0.05202126412034541,-0.10969867043842159,-0.14278382849220808,-0.14390348446687223,-0.14504266881559866,-0.14419412521138286,-0.191808370444298,-0.19415250695597883,-0.19591449271266406,-0.19831426073642755,0.22815949067226132,0.22569942296755893,0.04760030357992368,0.3845526028057567,1.0,0.9773856534526685,0.9346745299764546,0.9217452215031284,0.836797923568385,0.8093184966234575,-0.8485676464968454,-0.4601846071230739,0.38591583624252507,0.8877719756729149,-0.04810913483571992,-0.011546864965153536,-0.039733425848751135,0.01035903146386999,-0.041749642252655705,0.08201019047844532,-0.011178716732341868,0.08251721580207806,-0.06295417528908502,-0.07725479463953602,0.05082755406740287,-0.1357885465887444,-0.08971568207011234,-0.11639432995356798,-0.08282552413056737,-0.03791102335774189,-0.0644222358540113,-0.14277302216361054,-0.08134785104149207,-0.090172430319103,-0.0783058912316404,-0.0718205047910602,-0.07969365745589019,-0.023185747474653604,-0.06288872324183262,-0.06309295312692205,-0.09232304690009865,-0.09254714239466302,0.11554779336763396,0.0009094598785223766,-0.06051738358508225,0.053499227184884014,-0.05219705957261744
elevation_range_m,-0.16472453642796472,-0.17204137703451672,-0.1793419427911138,-0.18123376077022688,-0.059745814298090456,-0.02009991361686602,-0.09649298195314798,-0.11539478374000511,-0.1083015751025588,-0.11547402091164209,-0.030134140076410316,-0.11434972067067493,-0.13449837069287796,-0.12002434113180797,-0.05155923423063534,-0.10211952581192664,-0.13366775554263347,-0.1352682602019487,-0.1358841783758144,-0.13168074673904906,-0.18678098878258884,-0.1897447139310582,-0.19077965642596814,-0.19380801969815523,0.2668856929977332,0.26475804940918923,0.08285595768839088,0.4232401951747815,0.9773856534526685,1.0,0.9342800894278014,0.9175829567266215,0.8494702431409699,0.8077205153007849,-0.8627347667266893,-0.45548870080260656,0.3949501362842485,0.891246114338421,-0.04122016793486577,-0.022638342304796423,-0.03731151230279651,0.003799613573682811,-0.0435592500970135,0.07505735387592229,-0.013208468999065573,0.0763136970202436,-0.05769453688420607,-0.06538050106221825,0.0406082077817023,-0.15197582903024193,-0.07726043567296391,-0.1327925485919441,-0.07053214985263354,-0.024754341022322816,-0.052909045664067546,-0.13605130058480422,-0.06964470123031698,-0.0779138947033235,-0.0665913579450166,-0.06618605846057374,-0.06781891091337976,-0.021027598426541106,-0.06421242731057943,-0.06452061954899782,-0.09368920017085046,-0.09397219957675781,0.11129702667527223,-0.010072131019161884,-0.05535936629838121,0.04624135097899054,-0.048518690002883856
mean_slope_deg,-0.1798461598353027,-0.1900854468058554,-0.19577802735198468,-0.1951339884634949,-0.05998490225928665,-0.020068221713763684,-0.10930023395248196,-0.1239020787432688,-0.0998444443391845,-0.11104573761857613,-0.02501386990390268,-0.12116799931057053,-0.1410579245345154,-0.12359974298344564,-0.03679777233609204,-0.10539993912037403,-0.13758270460221908,-0.1367755475105445,-0.139512094701845,-0.13725488257867005,-0.209285326344933,-0.2088434325004356,-0.21472547003528444,-0.2143250844161807,0.265653831307682,0.2649670353844875,0.08739792340356106,0.4092590093354051,0.9346745299764546,0.9342800894278014,1.0,0.9870188941065546,0.9067601950057026,0.8767032855908742,-0.8951729807601152,-0.5095130136351607,0.40769312789620005,0.9614065869900489,-0.041104786131037636,-0.02862125567545915,-0.03355490065338187,0.003911998488027144,-0.04103526217539336,0.09553614549503923,-0.0002558025338827969,0.09153783338904573,-0.06098155966369281,-0.07438622629701551,0.05248841452800677,-0.1676205745106959,-0.08375111457057913,-0.14957618339034304,-0.07580466205310475,-0.023766466441422843,-0.061874266810209924,-0.13044311777081458,-0.07389423477573875,-0.08369730320864578,-0.07497169310442246,-0.06375061877405667,-0.07635987116926017,-0.01957514885887575,-0.04610515095432841,-0.04592734067746865,-0.0805336306019716,-0.08057121543413408,0.13557238512597405,-0.013077109250059579,-0.05607226390793608,0.058281971260666594,-0.04064824359177287
median_slope_deg,-0.18560825526032587,-0.19764138202860107,-0.20147842313962472,-0.20100514687419302,-0.06082696894372434,-0.024691328369056784,-0.10982266447646784,-0.12531081998095026,-0.10420755462006538,-0.11537547554629098,-0.028006595828455102,-0.1214907177543202,-0.14541753820198772,-0.12749003278227333,-0.04360145599853003,-0.11256010311211151,-0.14517719178579028,-0.14456708612186414,-0.14723922618231483,-0.14344097388753557,-0.218719614543913,-0.2184763226201373,-0.22383573373117044,-0.22362940861987776,0.28423701139886587,0.2841081209628912,0.1095593205341801,0.4220374854937824,0.9217452215031284,0.9175829567266215,0.9870188941065546,1.0,0.8513600616164576,0.815366108273389,-0.9081892671525779,-0.48810091124562044,0.42339309657389773,0.9327874557524946,-0.043111697057880996,-0.022246121089015504,-0.033338033694558615,0.008993359949411835,-0.04241244102585537,0.09571947525452122,-0.003610452136410795,0.0954798944941602,-0.060789307264120795,-0.07866240246710277,0.05516972951947215,-0.15991516868056233,-0.08876440401623413,-0.1400837033792046,-0.08275738479846557,-0.03167670816374955,-0.0674178548110396,-0.13576536102991513,-0.08145467695544958,-0.0888772461140587,-0.07939113377396488,-0.06548945441067965,-0.08073788790090179,-0.02090908610249625,-0.054291158162176584,-0.054129072853730684,-0.08727554567724323,-0.08732072868165139,0.1389427867617968,-0.007307057991742519,-0.05782006042174112,0.06146330829505673,-0.041422243853930736
max_slope_deg,-0.12010268590459665,-0.12731715248491998,-0.13241287261082194,-0.13199239099102827,-0.03771008463928709,0.0015027961725258177,-0.07909785100905745,-0.08417243834243159,-0.06068591432602667,-0.06858331674407597,-0.008409035445241117,-0.08668205055446904,-0.08999375137331264,-0.07945598185655242,-0.0021824722062738426,-0.05638815648332539,-0.07865082887117346,-0.07798147604167145,-0.0794134996444735,-0.08154518012473554,-0.13394969732291692,-0.13387024075523635,-0.14015134384749953,-0.14011235577616557,0.1680310253572055,0.1667505822525392,0.0020002603122297774,0.30808244918974387,0.836797923568385,0.8494702431409699,0.9067601950057026,0.8513600616164576,1.0,0.9651581288750195,-0.7171398482635261,-0.508468060820748,0.30285531891456036,0.933844867073552,-0.01741520706297711,-0.06890198018050489,-0.025352798764635243,-0.03650583777255346,-0.02787245131870618,0.06914886088700511,0.007289016420934897,0.0565808550893997,-0.04455034284264268,-0.03459674707496817,0.0214198784742205,-0.19115726419549678,-0.03985160045348396,-0.18149859536219498,-0.02605889130588105,0.02336664941816882,-0.019902394209782855,-0.08135555035281491,-0.022790799198673738,-0.03929882108628965,-0.034557076586518826,-0.037027509458611496,-0.035764903946811574,-0.00993113955410675,-0.0161908827663462,-0.016151688898021547,-0.050950819038167915,-0.05105422237180485,0.10120410393297552,-0.05000750942624172,-0.03456020876446156,0.022991788503470317,-0.027688597474968827
slope_std_deg,-0.11508205977015055,-0.12455439419430334,-0.1272910994762719,-0.12638877696707865,-0.03860030018286364,0.0021310066398908256,-0.07663293427864859,-0.08060205694979501,-0.055051689476248354,-0.06115602031164973,-0.003372642705754363,-0.08293968723513655,-0.08590615797854446,-0.0765545495589401,0.0015102735424922533,-0.05271631151381349,-0.07430474437012835,-0.07320850601182209,-0.07491281345813623,-0.07606854981576809,-0.12358754950145767,-0.12280004596970241,-0.13038275939450436,-0.12962894534889965,0.12183579894900824,0.12028386597345585,-0.03704342171190112,0.25942316849786157,0.8093184966234575,0.8077205153007849,0.8767032855908742,0.815366108273389,0.9651581288750195,1.0,-0.6307214493316233,-0.5078944327257401,0.2818544212068379,0.9169582266750761,-0.019334816566918194,-0.06999031428499784,-0.02271347438286862,-0.04237562271332322,-0.022483734616758472,0.06859843364310002,0.014745044921318054,0.0542755161266816,-0.04434250043258454,-0.034341911404922376,0.02223925723228374,-0.18379673391246218,-0.038089974064965074,-0.17568075904828753,-0.02345498667730793,0.024658477164856613,-0.019414655742644945,-0.07413776108444099,-0.019756052700782022,-0.037356800190268546,-0.034110786600840284,-0.03512713348597519,-0.03531760684845451,-0.005914203469830602,-0.0065117449503250295,-0.006428302494655544,-0.039529099886138355,-0.0395538997206844,0.09901946629985459,-0.05014727358417271,-0.03503417099815375,0.020124272230768833,-0.025801439236252985
pct_area_slope_lt_3deg,0.18952388976877116,0.19333359204330874,0.20462689914832988,0.20420495635280742,0.06150178134755666,0.030799676022700156,0.11192675381839552,0.13100068388749544,0.11426340017827696,0.12548714147770082,0.0362788643661721,0.12596303352735638,0.15468334031117298,0.13434677179344112,0.05921251697778475,0.12013818497724373,0.15387599360217358,0.15332550605734843,0.15652198760292435,0.15471956323329875,0.22154109476143777,0.2213395399440657,0.22461473067977503,0.22445619552226376,-0.33628210572746403,-0.3364812161601109,-0.17796599570091562,-0.4534991744172332,-0.8485676464968454,-0.8627347667266893,-0.8951729807601152,-0.9081892671525779,-0.7171398482635261,-0.6307214493316233,1.0,0.33722263646858247,-0.5219204202900113,-0.807748651897281,0.04707437628862389,0.009912793526350912,0.035421974489844806,-0.016497662489680348,0.045110775523107306,-0.07438191437801023,0.007424087841366426,-0.08891383670223887,0.061278341482680104,0.0879390612208838,-0.045606154343416916,0.12668087750325163,0.09902203764952669,0.10411055392660172,0.09698104072073367,0.053436971437066765,0.07948793396867433,0.1445277799266193,0.09673133243696494,0.09956351833331152,0.08912086207482142,0.07065887845321568,0.09013891285339327,0.02615325522064671,0.0727546285217466,0.07252300734602425,0.09650533174882725,0.09654702660887084,-0.13356979597069113,-0.006683519759382493,0.06001310293798006,-0.056046746231458514,0.04439983085565769
pct_area_slope_3_6deg,0.22955430168374777,0.1518751217489372,0.24208547352963997,0.24064341697610822,0.08704395373640153,0.03564782455239421,0.1731702215166042,0.18948603080250587,0.1241991335377766,0.1392592694270037,0.04268769497187877,0.16271607408183172,0.18530411986067774,0.16425852595266233,0.05078292308039756,0.16383182547823724,0.1969959728831144,0.19500285802071401,0.19966599139926755,0.19773181516789132,0.2565796380944587,0.2547382795239738,0.2608394530010068,0.25900604590067794,0.017494873324373116,0.018266297901709812,0.1244380085190994,-0.09052610876059153,-0.4601846071230739,-0.45548870080260656,-0.5095130136351607,-0.48810091124562044,-0.508468060820748,-0.5078944327257401,0.33722263646858247,1.0,0.11828276131419163,-0.6251170704903362,0.054543581096004615,-0.08838503375655757,0.04270574194133501,-0.11269004652362899,0.016935793596590625,-0.16315914139165352,-0.001733756777752705,-0.1425897211649056,0.06814379928850417,0.1113145429935689,-0.13556946650576643,0.04753740483860489,0.12214694855595809,0.03043715218938485,0.12068523415603971,0.08771869622942521,0.10369347575958629,0.14279729946891415,0.11720947217194459,0.12117861246853842,0.1108949305432668,0.06793405427906472,0.11397172118906157,0.024029948185180068,0.03776342966888148,0.037359210439510335,0.06544713316142045,0.06522777503940468,-0.16309100223041562,-0.08693208497822455,0.05281757760106054,-0.13913338681636392,0.04832237203433784
pct_area_slope_6_10deg,-0.029633239494583165,-0.0450685579880244,-0.033986284426384364,-0.035176635584690336,-0.005652003650823644,-8.421059472756999e-05,0.008625091168724452,8.295213960357008e-05,-0.033857371302627774,-0.028786296953722413,-0.0030125706689229253,-0.01119251716435231,-0.023200403328845792,-0.026497816355897603,-0.019909626105537415,0.0030166922205006395,-0.010079061849198278,-0.01147774873288607,-0.011552462877824762,-0.011336808757522908,-0.012695270894134917,-0.014291928229905453,-0.015895427194855042,-0.01751580280743866,0.19093826758368382,0.19139077746690034,0.15074584686682987,0.20886855389189068,0.38591583624252507,0.3949501362842485,0.40769312789620005,0.42339309657389773,0.30285531891456036,0.2818544212068379,-0.5219204202900113,0.11828276131419163,1.0,0.3178950093011184,-0.004316711324414111,-0.14637783519983255,-0.0050352877765043645,-0.1575838565954089,-0.021914397919613818,-0.09282472027623452,-0.006978593621188093,-0.05474440834255735,-0.0154612648213143,-0.002188651067676635,-0.1105289448796977,-0.1216319204682027,-0.0035258173415722276,-0.11148789020975533,8.842282405426293e-05,0.021394152299568668,0.002533093785918193,-0.02917591252472222,-0.0009068477042688939,-0.005053756256656403,-0.003937474751064286,-0.015198303561202857,-0.0028168848292964457,-0.0023917486594295656,-0.04405478518992287,-0.04428560827954503,-0.029887036189788798,-0.03005395142592029,0.008590559920126896,-0.10117385131098774,-0.026171060833621355,-0.11197243460267618,-0.01838893909647128
pct_area_slope_gt_10deg,-0.17684091832062762,-0.16622274516993993,-0.19152173434491832,-0.19078250343078865,-0.05749250369115237,-0.01340992906687409,-0.10967438236837466,-0.12305805665685923,-0.08990539675408349,-0.10178584323460983,-0.020438825325228095,-0.11805179101484803,-0.1332182768490062,-0.11621566825414731,-0.025131885307515547,-0.10184989350011314,-0.1315581038551445,-0.1305890873481766,-0.133097912763402,-0.1293421574971599,-0.20458528388533082,-0.2039502375690497,-0.2105147737478415,-0.20991004932797006,0.2125049840367714,0.2115652757729554,0.03983598042175753,0.35671700486310154,0.8877719756729149,0.891246114338421,0.9614065869900489,0.9327874557524946,0.933844867073552,0.9169582266750761,-0.807748651897281,-0.6251170704903362,0.3178950093011184,1.0,-0.034358737286633634,-0.031251922541615636,-0.029868804986027963,0.003272923427547474,-0.03436784680291212,0.09994684348563872,0.0035198435857958293,0.0955925598200996,-0.05615490631586354,-0.06711911465987142,0.05364052362961207,-0.17671185018712599,-0.07483173326514066,-0.16050129241815508,-0.06348170000440014,-0.00986848334508696,-0.052709574766354066,-0.11636856724599917,-0.06059709136733169,-0.07451925575847657,-0.06736749729608689,-0.0548420719740346,-0.06875679391111003,-0.017364482164057587,-0.035351438663419665,-0.03516014456655629,-0.07126780421776505,-0.07127973845060359,0.14115955895828086,-0.016363245499608985,-0.04794609795420747,0.06028677977809459,-0.03759457278481504
metro_station_count,0.12255085758986758,0.07291275764972185,0.12905980607794074,0.12880998170582394,0.08627495046519337,0.06410243566167666,0.10442401722323372,0.17594923618600694,0.16905154223716412,0.17190487015711572,0.11374576229470038,0.16130153800144362,0.18784685654250272,0.18401090885891,0.08897761974585501,0.12393609563414065,0.14490632232846087,0.1442025552770974,0.14668577860056506,0.17057824939612445,0.12229713200508192,0.12218688232097756,0.12256585355693184,0.1224654339567594,-0.027134114111452143,-0.027072600136676086,-0.01734482947173142,-0.0364215817520767,-0.04810913483571992,-0.04122016793486577,-0.041104786131037636,-0.043111697057880996,-0.01741520706297711,-0.019334816566918194,0.04707437628862389,0.054543581096004615,-0.004316711324414111,-0.034358737286633634,1.0,-0.12344053559444487,0.08433953539428128,-0.10688396524702892,0.025887797535004264,-0.1007025665855701,0.03110514335485655,-0.09959848028793586,0.12572458488164312,0.11706360617866018,-0.10528202585342487,-0.08260769136958086,0.23006611630168455,-0.11387910169711807,0.16925642123576468,0.12956129259098434,0.09205294411151917,0.2779576608402233,0.1838847953279036,0.22697282977431424,0.11784520666683969,0.7501116837909266,0.12004134071511324,0.11949397349716341,0.04954023565188204,0.049377925128434044,0.05177920607633634,0.051722146405255714,-0.0942072543684512,-0.11595518606560659,0.4743558610399957,-0.10693310422854245,0.11516169981398859
distance_to_nearest_metro_m,-0.5193960090632047,-0.2517484675909884,-0.5293088227882579,-0.5297279305153217,-0.16291466281583694,-0.10166330090781711,-0.36276992593925356,-0.3835216803110912,-0.29569057541530713,-0.3275036320870474,-0.11452187639277527,-0.3399905878886122,-0.3909173297759408,-0.33909651305129945,-0.22576994707206363,-0.483347581988682,-0.5379902573069721,-0.5372451622311192,-0.5376145008387769,-0.4918173616832737,-0.6271952025586881,-0.6275732831706454,-0.622452419661105,-0.6227373678117433,0.2429966460489375,0.24099403021740515,0.24624959846059669,0.24358514468648926,-0.011546864965153536,-0.022638342304796423,-0.02862125567545915,-0.022246121089015504,-0.06890198018050489,-0.06999031428499784,0.009912793526350912,-0.08838503375655757,-0.14637783519983255,-0.031251922541615636,-0.12344053559444487,1.0,-0.07965354955818837,0.9632851827167478,-0.06182536762759792,0.9476764387657091,-0.05306737302253069,0.9076645941479959,-0.12278625041061092,-0.3218130305921958,0.9610913815477836,0.740583465663444,-0.3477082189322479,0.7853777951834401,-0.43640564665648346,-0.5299781421314065,-0.3829386795790273,-0.4095638371494981,-0.4348006286043048,-0.3470895162026743,-0.321661624643323,-0.15522626494331263,-0.32568891524391325,-0.08709467223507585,-0.24487136116807787,-0.2448427442586898,-0.21307279578261773,-0.21305321272917452,0.8348714344753293,0.9443692136434627,-0.1213440692078291,0.9616140463227628,-0.10634448891794794
tram_station_count,0.0943049599433428,-0.0033615142083676585,0.09541291442179428,0.09582711221339148,0.07665035558948656,0.058208753556950425,0.131352099115028,0.1477615723355189,0.16445605023468235,0.1415886933560871,0.1437861305202636,0.1370891176531351,0.14859422109613699,0.1407629885244971,0.12225584240861531,0.09107998073989755,0.10961126038366248,0.10951887505288563,0.11092787418284387,0.1284371545660509,0.08870804028437791,0.08913405022000041,0.08908859395067037,0.08957408701515246,-0.032297708391595875,-0.031733624339852134,-0.026652482644508202,-0.039205302849654934,-0.039733425848751135,-0.03731151230279651,-0.03355490065338187,-0.033338033694558615,-0.025352798764635243,-0.02271347438286862,0.035421974489844806,0.04270574194133501,-0.0050352877765043645,-0.029868804986027963,0.08433953539428128,-0.07965354955818837,1.0,-0.08663368902285216,0.018482047233287332,-0.07270728237668135,0.11845413683303091,-0.07589527102270957,-0.004559478472840073,-0.0019678842809276857,-0.06672621331441077,-0.035814583732823285,0.15361721856448965,-0.07827840183884908,0.11205672996554217,0.08473421322310293,0.0010202511731770276,0.20271918369429542,0.1232403071107939,0.15040079864719505,-0.002044668483889279,0.5248661296709582,-0.0024228153719871434,0.009166709419122213,0.03573161247828227,0.03568131493546331,0.021396731940142355,0.021478889972708023,-0.06913035205171762,-0.07794604965048463,0.060892793380627745,-0.0749489507105506,0.18120077254653622
distance_to_nearest_tram_m,-0.4782660187922732,-0.21299211702601417,-0.4882134985688481,-0.48858376503207995,-0.15524130553960672,-0.09725000786529404,-0.3336742330450513,-0.35890545293441783,-0.27705381723955075,-0.30164513323101805,-0.11354322572688762,-0.30530207388486363,-0.3581595226802618,-0.3054006246778597,-0.21655992002896038,-0.43576719658478286,-0.48759609558226286,-0.4869100947335589,-0.48836122264551324,-0.4511607009705127,-0.6022038449558493,-0.6023565989220874,-0.5965355810021863,-0.5966526449763754,0.2784612720253566,0.2759179098937281,0.27792564264608144,0.28349088787134646,0.01035903146386999,0.003799613573682811,0.003911998488027144,0.008993359949411835,-0.03650583777255346,-0.04237562271332322,-0.016497662489680348,-0.11269004652362899,-0.1575838565954089,0.003272923427547474,-0.10688396524702892,0.9632851827167478,-0.08663368902285216,1.0,-0.054249080173640704,0.9229348311910001,-0.05495373855311865,0.9043601686239107,-0.09754068236594746,-0.24409077997286635,0.910052825927317,0.5970917108841057,-0.2728386594646424,0.6504989081571,-0.34200927435771294,-0.4126538069946812,-0.28394025088342656,-0.37385755659419295,-0.3418726859654,-0.2715955489401898,-0.24335348353411126,-0.14294095400246154,-0.24812570988262977,-0.06975755291053136,-0.23984967390589582,-0.23981648693277638,-0.20849331552485095,-0.20847517691986142,0.8096529796064347,0.8823126634725589,-0.10723367753040772,0.9712275642806393,-0.1074861412536819
rail_station_count,0.07293358086821716,0.03460684296881991,0.07382997912914595,0.07427611648683541,0.05539106639419736,0.011081793335860209,0.05834751829210727,0.09367291148329386,0.10511323086896318,0.09825777966614833,0.0882739915907379,0.0813476602683376,0.07874299947127811,0.07866352546473308,0.0805137165238345,0.06537271986907166,0.08545979639633897,0.08561883686249219,0.08604578434192055,0.08651727144809611,0.06893926089597863,0.06937916890276632,0.06974457636001741,0.07017916289898106,-0.06464630292859466,-0.06424604792411523,-0.06350098682020493,-0.06468143626589261,-0.041749642252655705,-0.0435592500970135,-0.04103526217539336,-0.04241244102585537,-0.02787245131870618,-0.022483734616758472,0.045110775523107306,0.016935793596590625,-0.021914397919613818,-0.03436784680291212,0.025887797535004264,-0.06182536762759792,0.018482047233287332,-0.054249080173640704,1.0,-0.07505234692483499,0.08166434065135236,-0.058926305869658205,0.030511341549965317,0.0706162733397449,-0.060474579071245066,-0.050984086266408726,0.1385863377895539,-0.06926031960434054,0.10369422326493219,0.07949164183076876,0.05942799555404965,0.1647627285799707,0.11215388713139869,0.13616987047155737,0.07041770362765977,0.45453534659532735,0.07422695515664866,0.026176946508683983,0.08624991929602521,0.08620180192306288,0.08684861786643748,0.08685339008899698,-0.06245616342374749,-0.06287888644583654,0.07156672322191773,-0.05681156777585259,0.1640713018120718
distance_to_nearest_rail_m,-0.5211601912421611,-0.33266577762536603,-0.5353079050710811,-0.5359190923118557,-0.1609935453150996,-0.09844403432195967,-0.3584467453165856,-0.37687326314707453,-0.2912475200762554,-0.3213547772445292,-0.11557795473931626,-0.3317367266910769,-0.38433419548157194,-0.33002474634989465,-0.21902844543160757,-0.46278084037477996,-0.523036868013199,-0.5225602393276927,-0.5238886414060121,-0.48205432541590565,-0.6353289589444515,-0.6358348388781974,-0.6356976817363738,-0.6361314206160534,0.267991281614728,0.2663604680895414,0.25062967591423607,0.28219289151117205,0.08201019047844532,0.07505735387592229,0.09553614549503923,0.09571947525452122,0.06914886088700511,0.06859843364310002,-0.07438191437801023,-0.16315914139165352,-0.09282472027623452,0.09994684348563872,-0.1007025665855701,0.9476764387657091,-0.07270728237668135,0.9229348311910001,-0.07505234692483499,1.0,-0.0526299137828865,0.8999230714621165,-0.12997104463614273,-0.3145830804272154,0.9680199179717647,0.6867898064845241,-0.33801212071098025,0.7244241009528649,-0.4193313978162151,-0.49803954227197933,-0.3715629590267709,-0.3827528994444456,-0.4165887143174851,-0.33654779717234257,-0.31364965649890847,-0.14113501920933302,-0.3190274142817432,-0.08589109496642092,-0.24631230234633567,-0.2463833726840498,-0.22096134842437098,-0.22102670946549677,0.8469605723747803,0.9043272005263875,-0.11485156591508341,0.9543096344075592,-0.10829420104352588
ferry_terminal_count,0.05970632020675343,-7.415877815789206e-05,0.05720551608520901,0.06288436246667903,0.015742930903119418,0.04711879803049686,0.02184158103284907,0.07027363740180861,0.13045950312519328,0.11216263536534983,0.1192132088553919,0.05305657888393205,0.07152535128386625,0.04043690788557088,0.10934883600949878,0.0608767430715245,0.07595687876981728,0.08038632421942896,0.07780174176733493,0.09132137593714643,0.05177388526561367,0.05692903099213923,0.051793693004722884,0.056981761921981504,-0.05642062300259316,-0.0568683037030984,-0.060739164341769396,-0.05110604607646418,-0.011178716732341868,-0.013208468999065573,-0.0002558025338827969,-0.003610452136410795,0.007289016420934897,0.014745044921318054,0.007424087841366426,-0.001733756777752705,-0.006978593621188093,0.0035198435857958293,0.03110514335485655,-0.05306737302253069,0.11845413683303091,-0.05495373855311865,0.08166434065135236,-0.0526299137828865,1.0,-0.06447288071313322,-0.003390458077836821,0.037756971538199756,-0.04557949901519926,-0.03766053983906605,0.11880924500464342,-0.058748223211629216,0.0880839944021221,0.0650545597238516,0.02967475928185529,0.06155323908061633,0.0949101751913611,0.12223455485818423,0.038824393172595985,0.08564702175930691,0.03853178371491304,0.06572424377388368,0.07193743991321022,0.07319281533346013,0.054642099489743454,0.0554603526379544,-0.055231531268156546,-0.05192269314943705,0.05517228739895372,-0.05739722130601016,0.17454819796411639
distance_to_nearest_ferry_m,-0.5181858863764125,-0.16007636528567054,-0.5258169342788095,-0.5271074451957065,-0.15587969425022793,-0.10356213318836344,-0.3304234290339962,-0.35664672501337324,-0.2864015816260143,-0.3116414760060685,-0.11828612305514925,-0.31298116737318826,-0.361483300963312,-0.30636170505947685,-0.23214114739398295,-0.46848115961363895,-0.5211942741122582,-0.5214706578001091,-0.5209105563102774,-0.46048780028426073,-0.6058245830375997,-0.607247976118815,-0.6078587366240661,-0.6092146538138478,0.290134053120984,0.2867485386973519,0.2816416021934773,0.3055029599399068,0.08251721580207806,0.0763136970202436,0.09153783338904573,0.0954798944941602,0.0565808550893997,0.0542755161266816,-0.08891383670223887,-0.1425897211649056,-0.05474440834255735,0.0955925598200996,-0.09959848028793586,0.9076645941479959,-0.07589527102270957,0.9043601686239107,-0.058926305869658205,0.8999230714621165,-0.06447288071313322,1.0,-0.09619413633992281,-0.2716821312094573,0.9105992594472211,0.6045585725407764,-0.2970478261630824,0.6567040811493293,-0.3739732320204167,-0.44992366197689965,-0.3205529479891135,-0.3546223561726094,-0.37274231510032074,-0.29645533191983375,-0.2713793067800599,-0.13450477055644802,-0.2753899132541325,-0.07878415267947425,-0.2507260193368608,-0.25095522317144314,-0.20281591299929524,-0.2029725195537613,0.8634167831772372,0.8912531939757112,-0.11098044156467228,0.9446141003824652,-0.10672565011373503
metrobus_station_count,0.15329123867293656,0.06675836795068081,0.15598234975026026,0.15541343888462075,0.07676893028146568,0.05495750460882428,0.12944415203522913,0.16341392162089202,0.07575667656656024,0.09923927907125392,0.005342054637417033,0.1349907114571039,0.17505449728897207,0.12949623101084157,0.056342291717260705,0.14112836098682724,0.16769123067720396,0.16669192454364803,0.17181849624036144,0.19443377762412234,0.1528279030583028,0.15265598940724273,0.15324672720452862,0.15306900418855282,-0.04098697200090084,-0.04101228989351107,-0.02871038518980547,-0.05038132412636553,-0.06295417528908502,-0.05769453688420607,-0.06098155966369281,-0.060789307264120795,-0.04455034284264268,-0.04434250043258454,0.061278341482680104,0.06814379928850417,-0.0154612648213143,-0.05615490631586354,0.12572458488164312,-0.12278625041061092,-0.004559478472840073,-0.09754068236594746,0.030511341549965317,-0.12997104463614273,-0.003390458077836821,-0.09619413633992281,1.0,0.27566236065923183,-0.15616803394581968,-0.14141440915858483,0.30534688184566666,-0.14500738848598912,0.23916491937194417,0.19176044261458408,0.22650529518108461,0.15005127738006446,0.24610922802671217,0.3028041341374014,0.2822850172051472,0.10652636969958368,0.31974817396552124,0.07795455625963443,0.029089486072426844,0.029008011585445356,0.03741637494854426,0.03739041900162609,-0.11067317356504276,-0.1264945682418436,0.1127193981790393,-0.10471220549640824,0.02293867075906322
bus_stop_count,0.4177865945028607,0.08167837160573951,0.4149327923519063,0.41358805194100473,0.14632410229892828,0.06973210554855293,0.3132466660752752,0.32419421658935277,0.23633057687664613,0.2705297572293404,0.06755117377743941,0.3398046543052475,0.3460039299859706,0.3086798973830247,0.1381250284962759,0.3998330487898953,0.45359556188064365,0.4514634832116694,0.45482015999569947,0.41840205431692856,0.39920261002110524,0.398122720588893,0.3986270667724587,0.3974510683741002,-0.04691886611457219,-0.0483891368933192,-0.027062538661367694,-0.057665049183671685,-0.07725479463953602,-0.06538050106221825,-0.07438622629701551,-0.07866240246710277,-0.03459674707496817,-0.034341911404922376,0.0879390612208838,0.1113145429935689,-0.002188651067676635,-0.06711911465987142,0.11706360617866018,-0.3218130305921958,-0.0019678842809276857,-0.24409077997286635,0.0706162733397449,-0.3145830804272154,0.037756971538199756,-0.2716821312094573,0.27566236065923183,1.0,-0.34649421097443267,-0.4736945939824564,0.9609854271823883,-0.4707851715576513,0.7482980076832959,0.5980965271259698,0.790529395373441,0.2226647374710157,0.7150716627558227,0.9604965622879111,0.9988764681308229,0.11201540990431834,0.9936856704142059,0.24080638513112396,0.12563649997749257,0.1254521843791222,0.12278024794186487,0.1226536783343325,-0.28597198603542134,-0.3357022310078808,0.12350904445930011,-0.28210302843098556,0.06132950236107778
distance_to_nearest_metrobus_m,-0.5225649712924494,-0.3053139950250881,-0.5348826441626265,-0.5350193550141943,-0.159105976027837,-0.09387250153154264,-0.3666765789387623,-0.3780850494634611,-0.28231911643887325,-0.31331578379261177,-0.10395364318655215,-0.336393890734095,-0.38543466264087967,-0.32898054952603867,-0.20954359326780805,-0.47712243535535387,-0.5355452699255123,-0.534562756031471,-0.5355219728412841,-0.4864593530523165,-0.6297391214866213,-0.6298677582369652,-0.6314065078037105,-0.6314508726115031,0.24154536488517594,0.2399201911124806,0.22917468236650862,0.252869018292885,0.05082755406740287,0.0406082077817023,0.05248841452800677,0.05516972951947215,0.0214198784742205,0.02223925723228374,-0.045606154343416916,-0.13556946650576643,-0.1105289448796977,0.05364052362961207,-0.10528202585342487,0.9610913815477836,-0.06672621331441077,0.910052825927317,-0.060474579071245066,0.9680199179717647,-0.04557949901519926,0.9105992594472211,-0.15616803394581968,-0.34649421097443267,1.0,0.7660001175620615,-0.3671532085115501,0.7948370208202542,-0.4573499333101831,-0.549669986250979,-0.4152692334320291,-0.3704689057473608,-0.4544674955714364,-0.3657936437119935,-0.34577404533400224,-0.13572595955370642,-0.35165092559394445,-0.08996793164606608,-0.22860768208410437,-0.22859911575026814,-0.21121461225709026,-0.2112195277780331,0.8498271717051401,0.9427452602111025,-0.11252300315658013,0.9548849897147461,-0.09646090350336452
distance_to_nearest_bus_stop_m,-0.4279860796194948,-0.17225382016933305,-0.4310326275535589,-0.4309153606450662,-0.1225787035774307,-0.07593759208367484,-0.2887799802543972,-0.29223497955519206,-0.2244184666922208,-0.25498592283286703,-0.08279020707704006,-0.27857173207161534,-0.3040081445470624,-0.2701663368531772,-0.17221172899221715,-0.4154586880144406,-0.4599845274689811,-0.459170850268046,-0.4576237905066182,-0.390133677642706,-0.4744091108940293,-0.4745491600196589,-0.4762299246083433,-0.47627448824383245,0.1762997681237883,0.1764987939473407,0.20506836242776205,0.14576154921213963,-0.1357885465887444,-0.15197582903024193,-0.1676205745106959,-0.15991516868056233,-0.19115726419549678,-0.18379673391246218,0.12668087750325163,0.04753740483860489,-0.1216319204682027,-0.17671185018712599,-0.08260769136958086,0.740583465663444,-0.035814583732823285,0.5970917108841057,-0.050984086266408726,0.6867898064845241,-0.03766053983906605,0.6045585725407764,-0.14141440915858483,-0.4736945939824564,0.7660001175620615,1.0,-0.4746276148349754,0.9847692938731024,-0.5914758555060314,-0.7190590113253218,-0.5874661565530377,-0.26522006679861376,-0.5870797550847812,-0.4744127646641253,-0.47334464306493723,-0.09916664690330591,-0.4744886510302043,-0.11420688852381695,-0.16170339430054323,-0.1617327558072715,-0.1459911308239906,-0.1460292569592288,0.621660595595241,0.8046341257064027,-0.09026808924604779,0.653013515968958,-0.07662990938390422
total_transit_stop_count,0.4448287634623269,0.09087782928051895,0.44290884992177226,0.442080838361494,0.16368255608599686,0.08521709481248338,0.3432167246342981,0.3702000909779167,0.28776909483991003,0.31745993829900976,0.10102345250716058,0.3745576019749725,0.3876691164026403,0.3441999333956732,0.17427606695410428,0.4260110619689429,0.4854703433829215,0.48369931579664044,0.48718364461268665,0.4590262433077521,0.42526229666888765,0.42470308288846575,0.42481708444874977,0.42416834918702184,-0.06327994531794359,-0.06459795851795723,-0.04217674115787012,-0.07558527274073211,-0.08971568207011234,-0.07726043567296391,-0.08375111457057913,-0.08876440401623413,-0.03985160045348396,-0.038089974064965074,0.09902203764952669,0.12214694855595809,-0.0035258173415722276,-0.07483173326514066,0.23006611630168455,-0.3477082189322479,0.15361721856448965,-0.2728386594646424,0.1385863377895539,-0.33801212071098025,0.11880924500464342,-0.2970478261630824,0.30534688184566666,0.9609854271823883,-0.3671532085115501,-0.4746276148349754,1.0,-0.49119619914833096,0.774250265547655,0.6157239104382682,0.7629285785735334,0.2948091463122669,0.747759588834736,0.998890440211769,0.9599894140383232,0.3020798424186692,0.9651591682587162,0.23401054405905067,0.147360502668281,0.14722210729968763,0.1403202657297282,0.14024936556020184,-0.30940224975924663,-0.35953685538652835,0.16173882599450487,-0.3068340912998336,0.11034340818235773
distance_to_nearest_transit_m,-0.48467017897298353,-0.17505273220797313,-0.488437876620625,-0.4889585394751478,-0.14873907762795568,-0.0916680289659983,-0.33363414459688306,-0.346560705518983,-0.2731806939345663,-0.3044877247236607,-0.10117238039452071,-0.3229599291051055,-0.3588023874748661,-0.3132518396021527,-0.20988960464435413,-0.47043100185352993,-0.5210035316262255,-0.5205272895945627,-0.519059856972996,-0.4546026916175479,-0.5309487432421601,-0.5316972909248191,-0.5324636382606334,-0.5331116666938336,0.2039289641543255,0.20374681089782534,0.23180346855111128,0.1755251484779829,-0.11639432995356798,-0.1327925485919441,-0.14957618339034304,-0.1400837033792046,-0.18149859536219498,-0.17568075904828753,0.10411055392660172,0.03043715218938485,-0.11148789020975533,-0.16050129241815508,-0.11387910169711807,0.7853777951834401,-0.07827840183884908,0.6504989081571,-0.06926031960434054,0.7244241009528649,-0.058748223211629216,0.6567040811493293,-0.14500738848598912,-0.4707851715576513,0.7948370208202542,0.9847692938731024,-0.49119619914833096,1.0,-0.6182166653847141,-0.7485789634960911,-0.579837798520247,-0.3498015454595514,-0.6171273637711266,-0.49081305776626827,-0.47041049609361935,-0.1510407673820358,-0.47292113955480325,-0.11364114399958225,-0.2058547222848202,-0.20595700529279232,-0.1769930050323395,-0.1770802821940543,0.6708475045643943,0.8440075047506428,-0.1150262368771888,0.6973787252088317,-0.09442137272972786
transit_stops_within_500m,0.5314038576265465,0.10359971782338023,0.5307753422803119,0.5306182480172457,0.17036920113843126,0.09556832834936183,0.38414575987085586,0.3970787772696574,0.32286283276373307,0.3487599346914946,0.11503713884055362,0.3930403694980509,0.4239039031703291,0.3660885355260212,0.21671181988771773,0.5023763934097908,0.5651844316373117,0.563852492503669,0.5649998400220761,0.5117208009415207,0.5165749599363245,0.5169149330017393,0.5164867921923546,0.5167446261822783,-0.0894845449757596,-0.09067079250696722,-0.07237284777821626,-0.09938700508409705,-0.08282552413056737,-0.07053214985263354,-0.07580466205310475,-0.08275738479846557,-0.02605889130588105,-0.02345498667730793,0.09698104072073367,0.12068523415603971,8.842282405426293e-05,-0.06348170000440014,0.16925642123576468,-0.43640564665648346,0.11205672996554217,-0.34200927435771294,0.10369422326493219,-0.4193313978162151,0.0880839944021221,-0.3739732320204167,0.23916491937194417,0.7482980076832959,-0.4573499333101831,-0.5914758555060314,0.774250265547655,-0.6182166653847141,1.0,0.7952929196221332,0.9450887657614397,0.3790507200950904,0.9960122773615345,0.7737520314883788,0.7478820096120414,0.2224221785797483,0.7519733189052757,0.18154485773424517,0.17320724725516512,0.1733424872891833,0.15579509480341272,0.15593290541734847,-0.38913353444947996,-0.45473890802497136,0.1516080513965717,-0.3828103094723939,0.113831851035376
transit_stops_within_1000m,0.5622390521060483,0.1322673628505512,0.5656563597628245,0.5657542216601926,0.17906562886786104,0.10725207511368064,0.390886065093602,0.40567504517312625,0.3199735472063441,0.35615751558950365,0.12085768358420851,0.38852484383781744,0.4268163905477005,0.37794287278341726,0.22953468402875563,0.5301647927587604,0.5864288201970431,0.5853124413480285,0.584564413796622,0.5260301066318107,0.5557944954075297,0.5563977271185001,0.5563530378883244,0.5568704580332475,-0.11588622753670115,-0.11632744779082752,-0.11187357356338368,-0.11694031190312507,-0.03791102335774189,-0.024754341022322816,-0.023766466441422843,-0.03167670816374955,0.02336664941816882,0.024658477164856613,0.053436971437066765,0.08771869622942521,0.021394152299568668,-0.00986848334508696,0.12956129259098434,-0.5299781421314065,0.08473421322310293,-0.4126538069946812,0.07949164183076876,-0.49803954227197933,0.0650545597238516,-0.44992366197689965,0.19176044261458408,0.5980965271259698,-0.549669986250979,-0.7190590113253218,0.6157239104382682,-0.7485789634960911,0.7952929196221332,1.0,0.7589255795135723,0.4561285122039032,0.7912160163773448,0.615359013776599,0.5978008318602422,0.16985000351695334,0.601166764758318,0.14564393570644218,0.18945365064781913,0.18950472912357946,0.16475167620145778,0.16484049038374493,-0.46994753150444374,-0.5599916682655183,0.13265173121353635,-0.4592691233028423,0.11303080117095149
bus_stops_within_500m,0.4750975196423734,0.09201709229305205,0.4731323260350164,0.4717883358368644,0.13751841307301743,0.06719272430255267,0.3293758857559193,0.31719075234939564,0.23174307253041887,0.2701273458842258,0.06387343901037144,0.32702704503422764,0.3429714948627103,0.29967978650837995,0.150635722147997,0.44465642729989024,0.49930814260834144,0.49723207122230434,0.49814969620225197,0.4309007789069674,0.462152168092348,0.4613071167531989,0.46199684193107926,0.461075117051376,-0.05695625838410565,-0.05855186930481753,-0.040415584126567504,-0.06455182850000367,-0.0644222358540113,-0.052909045664067546,-0.061874266810209924,-0.0674178548110396,-0.019902394209782855,-0.019414655742644945,0.07948793396867433,0.10369347575958629,0.002533093785918193,-0.052709574766354066,0.09205294411151917,-0.3829386795790273,0.0010202511731770276,-0.28394025088342656,0.05942799555404965,-0.3715629590267709,0.02967475928185529,-0.3205529479891135,0.22650529518108461,0.790529395373441,-0.4152692334320291,-0.5874661565530377,0.7629285785735334,-0.579837798520247,0.9450887657614397,0.7589255795135723,1.0,0.2457289848292869,0.9293854852468668,0.762821443336207,0.790007447396366,0.09171264030819809,0.7887755570084813,0.19116111910505557,0.11887394813980909,0.11886641318540131,0.11806335791464741,0.11807768692510061,-0.3395992360258024,-0.405310392401511,0.10543157120469435,-0.33116817959065353,0.057926924464577034
fixed_guideway_stations_within_1000m,0.42754802123578495,0.1377601073620129,0.43819573853107907,0.43914157443521695,0.2584288489699873,0.13616082863882334,0.40765609412819953,0.4971594469779112,0.4189890873798952,0.42689989126751793,0.2043000223383493,0.43581936980464764,0.4877500797339241,0.46438650507457246,0.2925578189857308,0.4260218596139711,0.47903549175476035,0.4786712219341087,0.48333286777220924,0.5313255701349594,0.4249520975411043,0.42688643616416405,0.4258658279018155,0.427783906852204,-0.1724622940822043,-0.17052422808973486,-0.1540563046299892,-0.1936063385587272,-0.14277302216361054,-0.13605130058480422,-0.13044311777081458,-0.13576536102991513,-0.08135555035281491,-0.07413776108444099,0.1445277799266193,0.14279729946891415,-0.02917591252472222,-0.11636856724599917,0.2779576608402233,-0.4095638371494981,0.20271918369429542,-0.37385755659419295,0.1647627285799707,-0.3827528994444456,0.06155323908061633,-0.3546223561726094,0.15005127738006446,0.2226647374710157,-0.3704689057473608,-0.26522006679861376,0.2948091463122669,-0.3498015454595514,0.3790507200950904,0.4561285122039032,0.2457289848292869,1.0,0.39666770401203993,0.29352232255828736,0.2235135872963304,0.37263911977415715,0.22982165239112506,0.0721450407841805,0.21811352751539126,0.2181368866318425,0.2157800903857389,0.2159998044921776,-0.34923070457670397,-0.3945371884017874,0.21564410635589354,-0.36738163536504564,0.21220951524109072
number_of_transit_modes_accessible,0.5254215682577945,0.11014971633191284,0.5254681683944095,0.5255107779234136,0.17005955762337593,0.09927104994076223,0.37606591528322114,0.39253063837222524,0.32492036250477,0.34893842226187494,0.12149282347003887,0.38487584298452704,0.4202878524473736,0.3620409573088602,0.22324509092281142,0.4964201862176248,0.5586853888744395,0.5575439909670787,0.5584584729947031,0.5047521173596524,0.51229267596065,0.5128241272220513,0.5123560031556784,0.5128119198243267,-0.09627805665573455,-0.09741630452533882,-0.08012274893721227,-0.1054038483302594,-0.08134785104149207,-0.06964470123031698,-0.07389423477573875,-0.08145467695544958,-0.022790799198673738,-0.019756052700782022,0.09673133243696494,0.11720947217194459,-0.0009068477042688939,-0.06059709136733169,0.1838847953279036,-0.4348006286043048,0.1232403071107939,-0.3418726859654,0.11215388713139869,-0.4165887143174851,0.0949101751913611,-0.37274231510032074,0.24610922802671217,0.7150716627558227,-0.4544674955714364,-0.5870797550847812,0.747759588834736,-0.6171273637711266,0.9960122773615345,0.7912160163773448,0.9293854852468668,0.39666770401203993,1.0,0.7475843135540517,0.715292240057705,0.24180473787921594,0.7197054512353402,0.17383616794530402,0.1748715504203758,0.17504634783394474,0.15526613328515262,0.15543413726696112,-0.38748753341202447,-0.4530601043913938,0.15886577161511878,-0.3810026285332849,0.12173077925882314
routes_serving_grid,0.4439015997955134,0.088022899522749,0.44180528508840167,0.4410477510279172,0.1638188687656846,0.08481457600314755,0.3409032929383599,0.36811733215167,0.2877217261053754,0.31697323568999275,0.0994936522484852,0.37193056890652865,0.38697598096041896,0.343795178064244,0.1738033109478927,0.425636805448375,0.484393133479874,0.4826912442850641,0.48607372722874626,0.45752510595699486,0.4244780991656684,0.4239808568108324,0.4238436177385527,0.4232540508483448,-0.06387553240031683,-0.0651948835114623,-0.04275817962660028,-0.07613301155422737,-0.090172430319103,-0.0779138947033235,-0.08369730320864578,-0.0888772461140587,-0.03929882108628965,-0.037356800190268546,0.09956351833331152,0.12117861246853842,-0.005053756256656403,-0.07451925575847657,0.22697282977431424,-0.3470895162026743,0.15040079864719505,-0.2715955489401898,0.13616987047155737,-0.33654779717234257,0.12223455485818423,-0.29645533191983375,0.3028041341374014,0.9604965622879111,-0.3657936437119935,-0.4744127646641253,0.998890440211769,-0.49081305776626827,0.7737520314883788,0.615359013776599,0.762821443336207,0.29352232255828736,0.7475843135540517,1.0,0.9616213251807885,0.2974329095215287,0.9660271152925574,0.23516682645276663,0.1483517084212921,0.14823746829032036,0.1397763791156996,0.13971632462432032,-0.30912129844154473,-0.3586317010239865,0.15993738300047713,-0.3055288990550988,0.11008414222168295
unique_bus_routes,0.41725577366957817,0.08123228519048803,0.41431367709704675,0.4130095936520097,0.14745356153751737,0.06984275639440164,0.31169999213777383,0.32345125287609233,0.23677456676517888,0.27085131118916234,0.06689611584337504,0.3381362201960809,0.34649790789281004,0.30940851614729337,0.1381887276986298,0.3998710748550596,0.453032230538527,0.4509461997729397,0.45426617520805085,0.41787675887837733,0.3989067025694304,0.39786778587472793,0.3981614026762087,0.3970244542112895,-0.04789279292644665,-0.04935229798244959,-0.027935852532324616,-0.05870598972189869,-0.0783058912316404,-0.0665913579450166,-0.07497169310442246,-0.07939113377396488,-0.034557076586518826,-0.034110786600840284,0.08912086207482142,0.1108949305432668,-0.003937474751064286,-0.06736749729608689,0.11784520666683969,-0.321661624643323,-0.002044668483889279,-0.24335348353411126,0.07041770362765977,-0.31364965649890847,0.038824393172595985,-0.2713793067800599,0.2822850172051472,0.9988764681308229,-0.34577404533400224,-0.47334464306493723,0.9599894140383232,-0.47041049609361935,0.7478820096120414,0.5978008318602422,0.790007447396366,0.2235135872963304,0.715292240057705,0.9616213251807885,1.0,0.11256368071449267,0.9941777167476241,0.2420017590431902,0.1266530007412674,0.1264840993325995,0.12246783013349458,0.12235004928357253,-0.2860381801514054,-0.33523980055339864,0.12404975182367071,-0.28120860620836985,0.06269737873722407
unique_rail_lines,0.16696809928887896,0.06469181928919836,0.17249597689436055,0.1725838574221194,0.11950415082060746,0.0778082690701982,0.1650119307814653,0.2402208176924946,0.24553431742929627,0.23465991515511672,0.17853660201817162,0.21874099243789644,0.24043511961591013,0.2343641355464673,0.15318253306199894,0.16249954750310905,0.19560952129596837,0.19509031414439443,0.1977533551224604,0.22335049514863836,0.16221533944838354,0.1624306221515782,0.16288065082647335,0.16312649830020848,-0.06191779437394251,-0.061418831845585255,-0.05163590098443367,-0.07230114932703506,-0.0718205047910602,-0.06618605846057374,-0.06375061877405667,-0.06548945441067965,-0.037027509458611496,-0.03512713348597519,0.07065887845321568,0.06793405427906472,-0.015198303561202857,-0.0548420719740346,0.7501116837909266,-0.15522626494331263,0.5248661296709582,-0.14294095400246154,0.45453534659532735,-0.14113501920933302,0.08564702175930691,-0.13450477055644802,0.10652636969958368,0.11201540990431834,-0.13572595955370642,-0.09916664690330591,0.3020798424186692,-0.1510407673820358,0.2224221785797483,0.16985000351695334,0.09171264030819809,0.37263911977415715,0.24180473787921594,0.2974329095215287,0.11256368071449267,1.0,0.11583370426868887,0.09371933239707904,0.0917873969280651,0.09156448125120657,0.08543907468283725,0.08540256830210914,-0.12946423316990724,-0.14931675192076213,0.3881414996537091,-0.13857441138136903,0.2299002197848314
bus_departures_per_day,0.42193933573589437,0.08455624928846657,0.41911361378157747,0.41777691295280467,0.14869413362249478,0.06997884091676586,0.31746714493730643,0.32948004957390464,0.23819641752565754,0.27303183760596317,0.06677682408714311,0.33967410924063035,0.35009147025239434,0.31127134828592523,0.13786495094223186,0.4043366745646405,0.45760155980358125,0.45546696134879566,0.45886123830562725,0.42382886256522107,0.4038639499681205,0.40282279396322745,0.40323175326251,0.4020913269930507,-0.04897975450985967,-0.05042898762894301,-0.02872550251812389,-0.06019110178611214,-0.07969365745589019,-0.06781891091337976,-0.07635987116926017,-0.08073788790090179,-0.035764903946811574,-0.03531760684845451,0.09013891285339327,0.11397172118906157,-0.0028168848292964457,-0.06875679391111003,0.12004134071511324,-0.32568891524391325,-0.0024228153719871434,-0.24812570988262977,0.07422695515664866,-0.3190274142817432,0.03853178371491304,-0.2753899132541325,0.31974817396552124,0.9936856704142059,-0.35165092559394445,-0.4744886510302043,0.9651591682587162,-0.47292113955480325,0.7519733189052757,0.601166764758318,0.7887755570084813,0.22982165239112506,0.7197054512353402,0.9660271152925574,0.9941777167476241,0.11583370426868887,1.0,0.24293481451726517,0.1256833911013537,0.12551239375439707,0.1221062864492252,0.12198674648333484,-0.28972100763153313,-0.3390275738393269,0.12362352500400482,-0.285763505666088,0.062422215720331624
bus_departures_peak_hour,0.1142632133042734,0.033898137180206483,0.11419104121940755,0.11427364833645402,0.03397920211895481,0.04716462738486607,0.09342978666771548,0.10383256877138887,0.09337278025671587,0.09580845283708897,0.0425052313145406,0.09033388730156232,0.10403294184523539,0.09261386904186746,0.04903062752407051,0.1093976336048122,0.12664643424786398,0.1265475255293806,0.1273599366725176,0.12273973815553646,0.10662045806920617,0.10679807998085873,0.1063565573957745,0.10652298470775946,-0.009522564154801965,-0.00953857098102362,-0.005852014974552349,-0.012759996845809862,-0.023185747474653604,-0.021027598426541106,-0.01957514885887575,-0.02090908610249625,-0.00993113955410675,-0.005914203469830602,0.02615325522064671,0.024029948185180068,-0.0023917486594295656,-0.017364482164057587,0.11949397349716341,-0.08709467223507585,0.009166709419122213,-0.06975755291053136,0.026176946508683983,-0.08589109496642092,0.06572424377388368,-0.07878415267947425,0.07795455625963443,0.24080638513112396,-0.08996793164606608,-0.11420688852381695,0.23401054405905067,-0.11364114399958225,0.18154485773424517,0.14564393570644218,0.19116111910505557,0.0721450407841805,0.17383616794530402,0.23516682645276663,0.2420017590431902,0.09371933239707904,0.24293481451726517,1.0,0.06290898489439284,0.06290758293163683,0.059821259783987606,0.05984911457491331,-0.08299316224316561,-0.0902107804328702,0.10930670969746292,-0.08019282795088846,0.06051723818341189
cycle_infrastructure_length_km_ibb_only,0.271147968895597,0.11267792303632182,0.2756895108173193,0.279486225719033,0.08446539280641648,0.09520590878035658,0.1709516112436747,0.2025887503986646,0.2674000453289423,0.23472540039385043,0.10271677216853965,0.1877772551949477,0.22134046903731366,0.18728196206979186,0.21108121057542892,0.3065420627897787,0.3259517193451482,0.32990493188980585,0.32724400627155814,0.32102141298702463,0.261754640389984,0.26663991187540537,0.26539108919445276,0.2702790438659736,-0.1285299675408038,-0.1282220216498992,-0.13072494997907555,-0.12520004298182383,-0.06288872324183262,-0.06421242731057943,-0.04610515095432841,-0.054291158162176584,-0.0161908827663462,-0.0065117449503250295,0.0727546285217466,0.03776342966888148,-0.04405478518992287,-0.035351438663419665,0.04954023565188204,-0.24487136116807787,0.03573161247828227,-0.23984967390589582,0.08624991929602521,-0.24631230234633567,0.07193743991321022,-0.2507260193368608,0.029089486072426844,0.12563649997749257,-0.22860768208410437,-0.16170339430054323,0.147360502668281,-0.2058547222848202,0.17320724725516512,0.18945365064781913,0.11887394813980909,0.21811352751539126,0.1748715504203758,0.1483517084212921,0.1266530007412674,0.0917873969280651,0.1256833911013537,0.06290898489439284,1.0,0.9999417051178547,0.8816716918878876,0.881645491701843,-0.33976895364475196,-0.2642249532340316,0.11661432095978205,-0.2603641077079103,0.09352296919220135
cycle_infrastructure_density_km_per_km2_ibb_only,0.27092070481848285,0.11123417573978932,0.27541096766794965,0.27933882012436684,0.08422965801175647,0.09485816005735605,0.17029606537484043,0.20202148858777744,0.2675600460113882,0.2349914383593522,0.10277625432997546,0.18713617846531597,0.22098702500549408,0.18681506091978373,0.211402319576115,0.30648304026230383,0.32584271464635595,0.3299428399983886,0.32714696444738994,0.32088318334100097,0.2615329288388669,0.2665798920221078,0.265174645440924,0.27022457349560697,-0.12924769128860766,-0.1289377994125034,-0.13151933605959162,-0.12585655812579757,-0.06309295312692205,-0.06452061954899782,-0.04592734067746865,-0.054129072853730684,-0.016151688898021547,-0.006428302494655544,0.07252300734602425,0.037359210439510335,-0.04428560827954503,-0.03516014456655629,0.049377925128434044,-0.2448427442586898,0.03568131493546331,-0.23981648693277638,0.08620180192306288,-0.2463833726840498,0.07319281533346013,-0.25095522317144314,0.029008011585445356,0.1254521843791222,-0.22859911575026814,-0.1617327558072715,0.14722210729968763,-0.20595700529279232,0.1733424872891833,0.18950472912357946,0.11886641318540131,0.2181368866318425,0.17504634783394474,0.14823746829032036,0.1264840993325995,0.09156448125120657,0.12551239375439707,0.06290758293163683,0.9999417051178547,1.0,0.8811949834131013,0.8812337156374546,-0.33978034002918184,-0.2642885902187452,0.11650795582810207,-0.26037150096623174,0.0936778589832052
protected_cycleway_length_km_ibb_only,0.23565776831764465,0.1570689813173359,0.24429343251182342,0.246782290089519,0.07680949131890695,0.06799022801609117,0.16191484461900685,0.18413791340809194,0.22108920800366508,0.19815078741951705,0.09948207583420876,0.17916437240171762,0.1963731747063293,0.16684940075880725,0.16499206184428789,0.28126944437116597,0.2913095544168006,0.2941886855648201,0.2925043135989941,0.2895026122873128,0.2446429135493649,0.24855452749776713,0.24940642063488544,0.25334498409021095,-0.10209514741250843,-0.10168834516207861,-0.09320565944050004,-0.10979936827322741,-0.09232304690009865,-0.09368920017085046,-0.0805336306019716,-0.08727554567724323,-0.050950819038167915,-0.039529099886138355,0.09650533174882725,0.06544713316142045,-0.029887036189788798,-0.07126780421776505,0.05177920607633634,-0.21307279578261773,0.021396731940142355,-0.20849331552485095,0.08684861786643748,-0.22096134842437098,0.054642099489743454,-0.20281591299929524,0.03741637494854426,0.12278024794186487,-0.21121461225709026,-0.1459911308239906,0.1403202657297282,-0.1769930050323395,0.15579509480341272,0.16475167620145778,0.11806335791464741,0.2157800903857389,0.15526613328515262,0.1397763791156996,0.12246783013349458,0.08543907468283725,0.1221062864492252,0.059821259783987606,0.8816716918878876,0.8811949834131013,1.0,0.9999710850726582,-0.2995044699331737,-0.23345488204505893,0.10977148833250895,-0.23259114585313292,0.10447720270719116
protected_cycleway_density_km_per_km2_ibb_only,0.23549748241493765,0.1562524740500505,0.2441108404374096,0.24667026819192797,0.07671207879926226,0.06783093428611366,0.16152414691686862,0.1837859445630732,0.2212200747969918,0.1983176670333355,0.0995586124585309,0.17880595957715445,0.19625395871652104,0.16659565402251486,0.16529496418009845,0.2812476083239323,0.291252598217617,0.2942187664343773,0.2924581031818268,0.28944098883308816,0.2445572068857674,0.2485728796572707,0.2493280273055095,0.2533712969036416,-0.10261014699406315,-0.10220053133302791,-0.09377102139613752,-0.11027380199892267,-0.09254714239466302,-0.09397219957675781,-0.08057121543413408,-0.08732072868165139,-0.05105422237180485,-0.0395538997206844,0.09654702660887084,0.06522777503940468,-0.03005395142592029,-0.07127973845060359,0.051722146405255714,-0.21305321272917452,0.021478889972708023,-0.20847517691986142,0.08685339008899698,-0.22102670946549677,0.0554603526379544,-0.2029725195537613,0.03739041900162609,0.1226536783343325,-0.2112195277780331,-0.1460292569592288,0.14024936556020184,-0.1770802821940543,0.15593290541734847,0.16484049038374493,0.11807768692510061,0.2159998044921776,0.15543413726696112,0.13971632462432032,0.12235004928357253,0.08540256830210914,0.12198674648333484,0.05984911457491331,0.881645491701843,0.8812337156374546,0.9999710850726582,1.0,-0.2995112841718345,-0.23350700865146864,0.10967570161055724,-0.2326121899548935,0.10463383898430687
distance_to_nearest_cycle_infrastructure_m_ibb_only,-0.5701031363377368,-0.2691390098428158,-0.5825347814833152,-0.5835617028698398,-0.1558458057806899,-0.0933631288869702,-0.3486216484195788,-0.36846903859191266,-0.288229558521189,-0.3210697899413761,-0.10521313671795278,-0.32735461051375936,-0.37897984548963726,-0.3196646651512652,-0.23370593199182998,-0.4905507860314356,-0.5561631468544848,-0.5563551746557983,-0.5568000410950632,-0.489895803893795,-0.6617785627443282,-0.6628486489696981,-0.6641232354856579,-0.6651105584914714,0.3181967717771572,0.3157800209899044,0.3005008514023819,0.33673911483237623,0.11554779336763396,0.11129702667527223,0.13557238512597405,0.1389427867617968,0.10120410393297552,0.09901946629985459,-0.13356979597069113,-0.16309100223041562,0.008590559920126896,0.14115955895828086,-0.0942072543684512,0.8348714344753293,-0.06913035205171762,0.8096529796064347,-0.06245616342374749,0.8469605723747803,-0.055231531268156546,0.8634167831772372,-0.11067317356504276,-0.28597198603542134,0.8498271717051401,0.621660595595241,-0.30940224975924663,0.6708475045643943,-0.38913353444947996,-0.46994753150444374,-0.3395992360258024,-0.34923070457670397,-0.38748753341202447,-0.30912129844154473,-0.2860381801514054,-0.12946423316990724,-0.28972100763153313,-0.08299316224316561,-0.33976895364475196,-0.33978034002918184,-0.2995044699331737,-0.2995112841718345,1.0,0.8552778965768348,-0.11373216159510864,0.8697843506193719,-0.09611418081470359
distance_to_nearest_bicycle_parking_m,-0.5448623977789715,-0.2763926065599693,-0.5541071246188806,-0.5546756378643773,-0.1674973081599485,-0.10088362497332874,-0.37265858878565206,-0.3898674802892796,-0.3028551787230985,-0.3383823590917512,-0.11449893668785381,-0.35339230312426156,-0.3998275876031819,-0.34290190122045383,-0.23273940492807504,-0.5034404149950905,-0.56204992779973,-0.5616428870704019,-0.5612442385807098,-0.5065174425418462,-0.6339877614508397,-0.6349157389110396,-0.6365983480124946,-0.6374364795859243,0.26935219595335635,0.26721454705882003,0.27304233142941015,0.26908020241158653,0.0009094598785223766,-0.010072131019161884,-0.013077109250059579,-0.007307057991742519,-0.05000750942624172,-0.05014727358417271,-0.006683519759382493,-0.08693208497822455,-0.10117385131098774,-0.016363245499608985,-0.11595518606560659,0.9443692136434627,-0.07794604965048463,0.8823126634725589,-0.06287888644583654,0.9043272005263875,-0.05192269314943705,0.8912531939757112,-0.1264945682418436,-0.3357022310078808,0.9427452602111025,0.8046341257064027,-0.35953685538652835,0.8440075047506428,-0.45473890802497136,-0.5599916682655183,-0.405310392401511,-0.3945371884017874,-0.4530601043913938,-0.3586317010239865,-0.33523980055339864,-0.14931675192076213,-0.3390275738393269,-0.0902107804328702,-0.2642249532340316,-0.2642885902187452,-0.23345488204505893,-0.23350700865146864,0.8552778965768348,1.0,-0.142877998123615,0.9157438870688097,-0.10560834868644042
bicycle_parking_count,0.13717429361359973,0.07426361150916115,0.14225309981786455,0.1426382539412955,0.09938126734798217,0.03135779946887181,0.13248958590422147,0.15872715755810396,0.17810322758124797,0.17632517412795223,0.06908313278262779,0.17489393630188663,0.18911949675732162,0.1457952591456355,0.08742523636407001,0.1616946026436681,0.16567630299927893,0.16588925721224315,0.16655041220486883,0.188720433235645,0.13158769237512163,0.13217798742617468,0.13284738251839776,0.13343621285350543,-0.04250671749376917,-0.04256230848075699,-0.03380080770984464,-0.049790255699201556,-0.06051738358508225,-0.05535936629838121,-0.05607226390793608,-0.05782006042174112,-0.03456020876446156,-0.03503417099815375,0.06001310293798006,0.05281757760106054,-0.026171060833621355,-0.04794609795420747,0.4743558610399957,-0.1213440692078291,0.060892793380627745,-0.10723367753040772,0.07156672322191773,-0.11485156591508341,0.05517228739895372,-0.11098044156467228,0.1127193981790393,0.12350904445930011,-0.11252300315658013,-0.09026808924604779,0.16173882599450487,-0.1150262368771888,0.1516080513965717,0.13265173121353635,0.10543157120469435,0.21564410635589354,0.15886577161511878,0.15993738300047713,0.12404975182367071,0.3881414996537091,0.12362352500400482,0.10930670969746292,0.11661432095978205,0.11650795582810207,0.10977148833250895,0.10967570161055724,-0.11373216159510864,-0.142877998123615,1.0,-0.1155559413676312,0.09791648098876718
distance_to_nearest_micromobility_parking_m,-0.5169718466994598,-0.2827048293342896,-0.5285414226153808,-0.5288893176925584,-0.16007486830259446,-0.10134324739799178,-0.3492299043459042,-0.37372464023501994,-0.2892047933630437,-0.3158247577637746,-0.11927931443943374,-0.3237147435547556,-0.375171560215801,-0.3189550562095217,-0.2261819487073236,-0.4640868107633897,-0.5229937366987101,-0.522315838372427,-0.5241413821249289,-0.47680824014152773,-0.6341855407852794,-0.6343921488121695,-0.6342746744336891,-0.6344351236321898,0.27114148749707734,0.26876321434139405,0.2614895357903196,0.28332933080889855,0.053499227184884014,0.04624135097899054,0.058281971260666594,0.06146330829505673,0.022991788503470317,0.020124272230768833,-0.056046746231458514,-0.13913338681636392,-0.11197243460267618,0.06028677977809459,-0.10693310422854245,0.9616140463227628,-0.0749489507105506,0.9712275642806393,-0.05681156777585259,0.9543096344075592,-0.05739722130601016,0.9446141003824652,-0.10471220549640824,-0.28210302843098556,0.9548849897147461,0.653013515968958,-0.3068340912998336,0.6973787252088317,-0.3828103094723939,-0.4592691233028423,-0.33116817959065353,-0.36738163536504564,-0.3810026285332849,-0.3055288990550988,-0.28120860620836985,-0.13857441138136903,-0.285763505666088,-0.08019282795088846,-0.2603641077079103,-0.26037150096623174,-0.23259114585313292,-0.2326121899548935,0.8697843506193719,0.9157438870688097,-0.1155559413676312,1.0,-0.11794414485632286
micromobility_parking_count,0.1201394573536477,0.04511008753146144,0.12277823091740604,0.1243363156809284,0.15753807474775325,0.1313233907734132,0.14037420770887668,0.2076381180775278,0.25524225630297004,0.23577258052962632,0.29508434620117446,0.19940055121674954,0.19253292287803778,0.19622821989813935,0.18841338127985657,0.13626097102784387,0.15127321466715332,0.15204337196328058,0.15305458982724862,0.17567476773845525,0.10894761483132154,0.11016281094332725,0.1122118803698944,0.11355286423166178,-0.05958768651334621,-0.05867305191898299,-0.05481646171743288,-0.06450913086312639,-0.05219705957261744,-0.048518690002883856,-0.04064824359177287,-0.041422243853930736,-0.027688597474968827,-0.025801439236252985,0.04439983085565769,0.04832237203433784,-0.01838893909647128,-0.03759457278481504,0.11516169981398859,-0.10634448891794794,0.18120077254653622,-0.1074861412536819,0.1640713018120718,-0.10829420104352588,0.17454819796411639,-0.10672565011373503,0.02293867075906322,0.06132950236107778,-0.09646090350336452,-0.07662990938390422,0.11034340818235773,-0.09442137272972786,0.113831851035376,0.11303080117095149,0.057926924464577034,0.21220951524109072,0.12173077925882314,0.11008414222168295,0.06269737873722407,0.2299002197848314,0.062422215720331624,0.06051723818341189,0.09352296919220135,0.0936778589832052,0.10447720270719116,0.10463383898430687,-0.09611418081470359,-0.10560834868644042,0.09791648098876718,-0.11794414485632286,1.0
