access_point_id,stop_id,raw_stop_id,stop_name,mode,source_feed,district,in_system_a,in_system_b
main_18926__ferry,main_18926,18926,Anadolu Hisarı ŞH.,ferry,main_gtfs,Beykoz,True,False
main_18917__ferry,main_18917,18917,Çengelköy ŞH.,ferry,main_gtfs,Üsküdar,True,False
main_18939__ferry,main_18939,18939,Kadıköy-Beşiktaş-Adalar ŞH.,ferry,main_gtfs,Kadıköy,True,False
main_18908__ferry,main_18908,18908,Eminönü-Boğaz ŞH.,ferry,main_gtfs,Fatih,True,False
main_18920__ferry,main_18920,18920,Karaköy ŞH.,ferry,main_gtfs,Beyoğlu,True,False
main_18910__ferry,main_18910,18910,Beşiktaş-Üsküdar ŞH.,ferry,main_gtfs,Beşiktaş,True,False
main_18915__ferry,main_18915,18915,Yeni Kadıköy ŞH.,ferry,main_gtfs,Kadıköy,True,False
main_87063__ferry,main_87063,87063,İstinye ŞH.,ferry,main_gtfs,Sarıyer,True,False
main_272185__ferry,main_272185,272185,Aşiyan ŞH,ferry,main_gtfs,Beşiktaş,True,False
main_94867__ferry,main_94867,94867,Eminönü Camlı İskele ŞH.,ferry,main_gtfs,Fatih,True,False
main_18911__ferry,main_18911,18911,Heybeliada ŞH.,ferry,main_gtfs,Adalar,True,False
main_18940__ferry,main_18940,18940,Beşiktaş-Kadıköy ŞH.,ferry,main_gtfs,Beşiktaş,True,False
main_18927__ferry,main_18927,18927,Kuzguncuk ŞH.,ferry,main_gtfs,Üsküdar,True,False
main_18916__ferry,main_18916,18916,Ayvansaray ŞH.,ferry,main_gtfs,Fatih,True,False
main_18918__ferry,main_18918,18918,Kabataş ŞH.,ferry,main_gtfs,Beyoğlu,True,False
main_18950__ferry,main_18950,18950,Ortaköy ŞH.,ferry,main_gtfs,Beşiktaş,True,False
main_18921__ferry,main_18921,18921,Küçüksu ŞH.,ferry,main_gtfs,Beykoz,True,False
main_18951__ferry,main_18951,18951,Balat ŞH.,ferry,main_gtfs,Fatih,True,False
main_18928__ferry,main_18928,18928,Arnavutköy ŞH.,ferry,main_gtfs,Beşiktaş,True,False
main_18925__ferry,main_18925,18925,Kanlıca ŞH.,ferry,main_gtfs,Beykoz,True,False
main_18931__ferry,main_18931,18931,Eyüp ŞH.,ferry,main_gtfs,Eyüpsultan,True,False
main_18936__ferry,main_18936,18936,Eminönü-Kadıköy ŞH.,ferry,main_gtfs,Fatih,True,False
main_18943__ferry,main_18943,18943,Kasımpaşa ŞH.,ferry,main_gtfs,Beyoğlu,True,False
main_18934__ferry,main_18934,18934,Paşabahçe ŞH.,ferry,main_gtfs,Beykoz,True,False
main_18914__ferry,main_18914,18914,Beykoz ŞH.,ferry,main_gtfs,Beykoz,True,False
main_18944__ferry,main_18944,18944,Rumeli Kavağı ŞH.,ferry,main_gtfs,Sarıyer,True,False
main_18945__ferry,main_18945,18945,Çubuklu ŞH.,ferry,main_gtfs,Beykoz,True,False
main_18912__ferry,main_18912,18912,Kınalıada ŞH.,ferry,main_gtfs,Adalar,True,False
main_18946__ferry,main_18946,18946,Bebek ŞH.,ferry,main_gtfs,Beşiktaş,True,False
main_18932__ferry,main_18932,18932,Beylerbeyi ŞH.,ferry,main_gtfs,Üsküdar,True,False
main_18924__ferry,main_18924,18924,Anadolu Kavağı ŞH.,ferry,main_gtfs,Beykoz,True,False
main_87065__ferry,main_87065,87065,Çubuklu ŞH. (Arabalı Vapur),ferry,main_gtfs,Beykoz,True,False
main_18937__ferry,main_18937,18937,Emirgan ŞH.,ferry,main_gtfs,Sarıyer,True,False
main_18909__ferry,main_18909,18909,Üsküdar ŞH.,ferry,main_gtfs,Üsküdar,True,False
main_18948__ferry,main_18948,18948,Büyükada ŞH.,ferry,main_gtfs,Adalar,True,False
main_18952__ferry,main_18952,18952,Sarıyer ŞH.,ferry,main_gtfs,Sarıyer,True,False
main_18922__ferry,main_18922,18922,İstinye ŞH.,ferry,main_gtfs,Sarıyer,True,False
main_18935__ferry,main_18935,18935,Fener ŞH.,ferry,main_gtfs,Fatih,True,False
main_18913__ferry,main_18913,18913,Bostancı ŞH.,ferry,main_gtfs,Kadıköy,True,False
main_18930__ferry,main_18930,18930,Sütlüce ŞH.,ferry,main_gtfs,Beyoğlu,True,False
main_18942__ferry,main_18942,18942,Kandilli ŞH.,ferry,main_gtfs,Üsküdar,True,False
main_18929__ferry,main_18929,18929,Burgazada ŞH.,ferry,main_gtfs,Adalar,True,False
main_18919__ferry,main_18919,18919,Hasköy ŞH.,ferry,main_gtfs,Beyoğlu,True,False
main_214368__rail,main_214368,214368,Fatih,rail,main_gtfs,Tuzla,True,True
main_214385__rail,main_214385,214385,Pendik,rail,main_gtfs,Pendik,True,True
main_214376__rail,main_214376,214376,Küçükyalı,rail,main_gtfs,Maltepe,True,True
main_214355__rail,main_214355,214355,Mustafa Kemal,rail,main_gtfs,Küçükçekmece,True,True
main_214389__rail,main_214389,214389,Aydıntepe,rail,main_gtfs,Tuzla,True,True
main_214374__rail,main_214374,214374,Suadiye,rail,main_gtfs,Kadıköy,True,True
main_214364__rail,main_214364,214364,Zeytinburnu,rail,main_gtfs,Zeytinburnu,True,True
main_214381__rail,main_214381,214381,Atalar,rail,main_gtfs,Kartal,True,True
main_214371__rail,main_214371,214371,Feneryolu,rail,main_gtfs,Kadıköy,True,True
main_214365__rail,main_214365,214365,Gebze,rail,main_gtfs,Tuzla,True,True
main_272165__rail,main_272165,272165,Ispartakule,rail,main_gtfs,Başakşehir,True,True
main_12259__rail,main_12259,12259,Üsküdar,rail,main_gtfs,Üsküdar,True,True
main_12260__rail,main_12260,12260,Sirkeci,rail,main_gtfs,Fatih,True,True
main_214372__rail,main_214372,214372,Göztepe,rail,main_gtfs,Kadıköy,True,True
main_214356__rail,main_214356,214356,Küçükçekmece,rail,main_gtfs,Küçükçekmece,True,True
main_214358__rail,main_214358,214358,Florya Akvaryum,rail,main_gtfs,Bakırköy,True,True
main_214370__rail,main_214370,214370,Söğütlüçeşme,rail,main_gtfs,Kadıköy,True,True
main_214384__rail,main_214384,214384,Yunus,rail,main_gtfs,Kartal,True,True
main_272164__rail,main_272164,272164,Altınşehir,rail,main_gtfs,Küçükçekmece,True,True
main_214357__rail,main_214357,214357,Florya,rail,main_gtfs,Bakırköy,True,True
main_214382__rail,main_214382,214382,Başak,rail,main_gtfs,Kartal,True,True
main_214375__rail,main_214375,214375,Bostancı,rail,main_gtfs,Kadıköy,True,True
main_214390__rail,main_214390,214390,İçmeler,rail,main_gtfs,Tuzla,True,True
main_12258__rail,main_12258,12258,Ayrılıkçeşme,rail,main_gtfs,Kadıköy,True,True
main_214380__rail,main_214380,214380,Cevizli,rail,main_gtfs,Kartal,True,True
main_272163__rail,main_272163,272163,Konut Birlik,rail,main_gtfs,Küçükçekmece,True,True
main_214388__rail,main_214388,214388,Güzelyalı,rail,main_gtfs,Pendik,True,True
main_214360__rail,main_214360,214360,Yeşilyurt,rail,main_gtfs,Bakırköy,True,True
main_12262__rail,main_12262,12262,Kazlıçeşme,rail,main_gtfs,Zeytinburnu,True,True
main_214379__rail,main_214379,214379,Maltepe,rail,main_gtfs,Maltepe,True,True
main_272166__rail,main_272166,272166,Bahçeşehir,rail,main_gtfs,Başakşehir,True,True
main_214354__rail,main_214354,214354,Halkalı,rail,main_gtfs,Küçükçekmece,True,True
main_214383__rail,main_214383,214383,Kartal,rail,main_gtfs,Kartal,True,True
main_214377__rail,main_214377,214377,İdealtepe,rail,main_gtfs,Maltepe,True,True
main_214369__rail,main_214369,214369,Çayırova,rail,main_gtfs,Tuzla,True,True
main_214391__rail,main_214391,214391,Tuzla,rail,main_gtfs,Tuzla,True,True
main_214366__rail,main_214366,214366,Darıca,rail,main_gtfs,Tuzla,True,True
main_214361__rail,main_214361,214361,Ataköy,rail,main_gtfs,Bakırköy,True,True
main_214373__rail,main_214373,214373,Erenköy,rail,main_gtfs,Kadıköy,True,True
main_214362__rail,main_214362,214362,Bakırköy,rail,main_gtfs,Bakırköy,True,True
main_214359__rail,main_214359,214359,Yeşilköy,rail,main_gtfs,Bakırköy,True,True
main_214386__rail,main_214386,214386,Kaynarca,rail,main_gtfs,Pendik,True,True
main_214367__rail,main_214367,214367,Osmangazi,rail,main_gtfs,Tuzla,True,True
main_214363__rail,main_214363,214363,Yenimahalle,rail,main_gtfs,Bakırköy,True,True
main_214378__rail,main_214378,214378,Süreyya Plajı,rail,main_gtfs,Maltepe,True,True
main_12261__rail,main_12261,12261,Yenikapı,rail,main_gtfs,Fatih,True,True
main_214387__rail,main_214387,214387,Tersane,rail,main_gtfs,Pendik,True,True
main_272177__metro,main_272177,272177,Yenimahalle,metro,main_gtfs,Gaziosmanpaşa,True,True
main_272182__metro,main_272182,272182,Bahariye,metro,main_gtfs,Küçükçekmece,True,True
main_19040__tram,main_19040,19040,Altıyol,tram,main_gtfs,Kadıköy,True,True
main_272178__metro,main_272178,272178,Karadeniz Mah.,metro,main_gtfs,Gaziosmanpaşa,True,True
main_272186__metro,main_272186,272186,Bostancı,metro,main_gtfs,Maltepe,True,True
main_19036__tram,main_19036,19036,Bahariye,tram,main_gtfs,Kadıköy,True,True
main_272187__metro,main_272187,272187,Emin Ali Paşa,metro,main_gtfs,Kadıköy,True,True
main_272188__metro,main_272188,272188,Ayşe Kadın,metro,main_gtfs,Kadıköy,True,True
main_272170__metro,main_272170,272170,Kağıthane,metro,main_gtfs,Kâğıthane,True,True
main_272191__metro,main_272191,272191,İçerenköy,metro,main_gtfs,Ataşehir,True,True
main_272190__metro,main_272190,272190,Küçükbakkalköy,metro,main_gtfs,Ataşehir,True,True
main_272194__metro,main_272194,272194,İmes,metro,main_gtfs,Ümraniye,True,True
main_272172__metro,main_272172,272172,Alibeyköy,metro,main_gtfs,Eyüpsultan,True,True
main_272175__metro,main_272175,272175,Yeşilpınar,metro,main_gtfs,Eyüpsultan,True,True
main_272200__metro,main_272200,272200,Yıldız,metro,main_gtfs,Beşiktaş,True,True
main_19038__tram,main_19038,19038,Kilise,tram,main_gtfs,Kadıköy,True,True
main_94992__metro,main_94992,94992,Ihlamurkuyu,metro,main_gtfs,Ümraniye,True,True
main_19003__metro,main_19003,19003,Ziya Gökalp Mah.,metro,main_gtfs,Başakşehir,True,True
main_18983__metro,main_18983,18983,Sanayi Mahallesi,metro,main_gtfs,Sarıyer,True,True
main_19000__metro,main_19000,19000,Bağcılar Meydan,metro,main_gtfs,Bağcılar,True,True
main_272184__metro,main_272184,272184,İkitelli Sanayi,metro,main_gtfs,Başakşehir,True,True
main_272167__metro,main_272167,272167,Mahmutbey,metro,main_gtfs,Bağcılar,True,True
main_272181__metro,main_272181,272181,Göztepe Mah.,metro,main_gtfs,Bağcılar,True,True
main_18964__metro,main_18964,18964,Emniyet - Fatih,metro,main_gtfs,Fatih,True,True
main_272168__metro,main_272168,272168,Mecidiyeköy,metro,main_gtfs,Şişli,True,True
main_272179__metro,main_272179,272179,Tekstilkent - Giyimkent,metro,main_gtfs,Esenler,True,True
main_272180__metro,main_272180,272180,Oruç Reis - Yüzyıl,metro,main_gtfs,Esenler,True,True
main_272189__metro,main_272189,272189,Kozyatağı,metro,main_gtfs,Ataşehir,True,True
main_272169__metro,main_272169,272169,Çağlayan,metro,main_gtfs,Kâğıthane,True,True
main_272199__metro,main_272199,272199,Fulya,metro,main_gtfs,Beşiktaş,True,True
main_272174__metro,main_272174,272174,Veysel Karani - Akşemsettin,metro,main_gtfs,Eyüpsultan,True,True
main_18976__metro,main_18976,18976,Göztepe,metro,main_gtfs,Üsküdar,True,True
main_19070__tram,main_19070,19070,Topçular,tram,main_gtfs,Eyüpsultan,True,True
main_87259__metro,main_87259,87259,Altunizade,metro,main_gtfs,Üsküdar,True,True
main_272183__metro,main_272183,272183,Masko,metro,main_gtfs,Başakşehir,True,True
main_94995__metro,main_94995,94995,Dudullu,metro,main_gtfs,Ümraniye,True,True
main_19072__tram,main_19072,19072,Akıncılar,tram,main_gtfs,Güngören,True,True
main_272173__metro,main_272173,272173,Çırçır Mah.,metro,main_gtfs,Eyüpsultan,True,True
main_272171__metro,main_272171,272171,Nurtepe,metro,main_gtfs,Kâğıthane,True,True
main_19013__metro,main_19013,19013,Menderes,metro,main_gtfs,Esenler,True,True
main_272198__metro,main_272198,272198,Huzur,metro,main_gtfs,Ümraniye,True,True
main_18981__metro,main_18981,18981,Mahmutbey,metro,main_gtfs,Bağcılar,True,True
main_94901__tram,main_94901,94901,Beyazıt - Kapalıçarşı,tram,main_gtfs,Fatih,True,True
main_19033__tram,main_19033,19033,Moda,tram,main_gtfs,Kadıköy,True,True
main_19039__tram,main_19039,19039,Damga Sokak,tram,main_gtfs,Kadıköy,True,True
main_18965__metro,main_18965,18965,Bahçelievler,metro,main_gtfs,Bahçelievler,True,True
main_94909__metro,main_94909,94909,İTÜ - Ayazağa,metro,main_gtfs,Sarıyer,True,True
main_272193__metro,main_272193,272193,Mevlana,metro,main_gtfs,Ataşehir,True,True
main_272192__metro,main_272192,272192,Kayışdağı,metro,main_gtfs,Ataşehir,True,True
main_19098__tram,main_19098,19098,Sultanahmet,tram,main_gtfs,Fatih,True,True
main_19079__tram,main_19079,19079,Tophane,tram,main_gtfs,Beyoğlu,True,True
main_19056__tram,main_19056,19056,Demirkapı,tram,main_gtfs,Eyüpsultan,True,True
main_19047__tram,main_19047,19047,Bosna - Çukurçeşme,tram,main_gtfs,Bayrampaşa,True,True
main_272176__metro,main_272176,272176,Kazım Karabekir,metro,main_gtfs,Gaziosmanpaşa,True,True
main_18970__metro,main_18970,18970,Esenler,metro,main_gtfs,Esenler,True,True
main_18957__metro,main_18957,18957,Aksaray,metro,main_gtfs,Fatih,True,True
main_272197__metro,main_272197,272197,Parseller,metro,main_gtfs,Ümraniye,True,True
main_272196__metro,main_272196,272196,Dudullu,metro,main_gtfs,Ümraniye,True,True
main_272195__metro,main_272195,272195,Modoko - Keyap,metro,main_gtfs,Ümraniye,True,True
main_19064__tram,main_19064,19064,Soğanlı,tram,main_gtfs,Güngören,True,True
main_19062__tram,main_19062,19062,Gülhane,tram,main_gtfs,Fatih,True,True
main_18966__metro,main_18966,18966,Otogar,metro,main_gtfs,Bayrampaşa,True,True
main_40121__metro,main_40121,40121,Etiler,metro,main_gtfs,Beşiktaş,True,True
main_18993__metro,main_18993,18993,Levent,metro,main_gtfs,Şişli,True,True
main_18988__metro,main_18988,18988,Yenikapı,metro,main_gtfs,Fatih,True,True
main_19083__tram,main_19083,19083,Ali Fuat Başgil,tram,main_gtfs,Gaziosmanpaşa,True,True
main_40123__metro,main_40123,40123,Levent,metro,main_gtfs,Şişli,True,True
main_87261__metro,main_87261,87261,Bulgurlu,metro,main_gtfs,Üsküdar,True,True
main_19055__tram,main_19055,19055,Taşköprü,tram,main_gtfs,Bayrampaşa,True,True
main_19002__metro,main_19002,19002,Osmanbey,metro,main_gtfs,Şişli,True,True
main_94908__metro,main_94908,94908,Şişli - Mecidiyeköy,metro,main_gtfs,Şişli,True,True
main_19052__tram,main_19052,19052,Çapa - Şehremini,tram,main_gtfs,Fatih,True,True
main_18996__metro,main_18996,18996,Taksim,metro,main_gtfs,Beyoğlu,True,True
main_94996__metro,main_94996,94996,Çakmak,metro,main_gtfs,Ümraniye,True,True
main_19018__metro,main_19018,19018,Gayrettepe,metro,main_gtfs,Şişli,True,True
main_94894__tram,main_94894,94894,Yenimahalle,tram,main_gtfs,Sultangazi,True,True
main_18992__metro,main_18992,18992,Seyrantepe,metro,main_gtfs,Sarıyer,True,True
main_94905__metro,main_94905,94905,Atatürk Oto Sanayi,metro,main_gtfs,Sarıyer,True,True
main_19031__tram,main_19031,19031,Kadıköy İDO,tram,main_gtfs,Kadıköy,True,True
main_19009__metro,main_19009,19009,Turgut Özal,metro,main_gtfs,Başakşehir,True,True
main_19089__tram,main_19089,19089,Fındıkzade,tram,main_gtfs,Fatih,True,True
main_19077__tram,main_19077,19077,Sirkeci,tram,main_gtfs,Fatih,True,True
main_19016__metro,main_19016,19016,Esenkent,metro,main_gtfs,Maltepe,True,True
main_19073__tram,main_19073,19073,Aksaray,tram,main_gtfs,Fatih,True,True
main_19082__tram,main_19082,19082,Cebeci,tram,main_gtfs,Sultangazi,True,True
main_19045__tram,main_19045,19045,Topkapı,tram,main_gtfs,Zeytinburnu,True,True
main_19024__metro,main_19024,19024,Acıbadem,metro,main_gtfs,Kadıköy,True,True
main_18991__metro,main_18991,18991,Küçükyalı,metro,main_gtfs,Maltepe,True,True
main_19015__metro,main_19015,19015,Maltepe,metro,main_gtfs,Maltepe,True,True
main_94895__tram,main_94895,94895,KİPTAŞ Venezia,tram,main_gtfs,Gaziosmanpaşa,True,True
main_19065__tram,main_19065,19065,Cevizlibağ - AÖY,tram,main_gtfs,Zeytinburnu,True,True
main_19012__metro,main_19012,19012,Kartal,metro,main_gtfs,Kartal,True,True
main_18969__metro,main_18969,18969,DTM - İstanbul Fuar Merkezi,metro,main_gtfs,Bakırköy,True,True
main_94896__tram,main_94896,94896,Cumhuriyet Mahallesi,tram,main_gtfs,Sultangazi,True,True
main_94906__metro,main_94906,94906,Darüşşafaka,metro,main_gtfs,Sarıyer,True,True
main_19086__tram,main_19086,19086,Yavuz Selim,tram,main_gtfs,Güngören,True,True
main_19032__tram,main_19032,19032,Mühürdar,tram,main_gtfs,Kadıköy,True,True
main_19001__metro,main_19001,19001,Hastane - Adliye,metro,main_gtfs,Kartal,True,True
main_87258__metro,main_87258,87258,Bağlarbaşı,metro,main_gtfs,Üsküdar,True,True
main_40122__metro,main_40122,40122,Nispetiye,metro,main_gtfs,Beşiktaş,True,True
main_19022__metro,main_19022,19022,Huzurevi,metro,main_gtfs,Maltepe,True,True
main_94994__metro,main_94994,94994,İmam Hatip,metro,main_gtfs,Ümraniye,True,True
main_19076__tram,main_19076,19076,Edirnekapı,tram,main_gtfs,Eyüpsultan,True,True
main_19067__tram,main_19067,19067,Sultançiftliği,tram,main_gtfs,Sultangazi,True,True
main_19046__tram,main_19046,19046,Karadeniz,tram,main_gtfs,Bayrampaşa,True,True
main_19025__metro,main_19025,19025,Hacıosman,metro,main_gtfs,Sarıyer,True,True
main_19071__tram,main_19071,19071,Fetihkapı,tram,main_gtfs,Zeytinburnu,True,True
main_19063__tram,main_19063,19063,Vatan,tram,main_gtfs,Eyüpsultan,True,True
main_87257__metro,main_87257,87257,Fıstık Ağacı,metro,main_gtfs,Üsküdar,True,True
main_18962__metro,main_18962,18962,Atatürk Havalimanı,metro,main_gtfs,Bakırköy,True,True
main_87262__metro,main_87262,87262,Ümraniye,metro,main_gtfs,Ümraniye,True,True
main_19017__metro,main_19017,19017,4. Levent,metro,main_gtfs,Şişli,True,True
main_19019__metro,main_19019,19019,Soğanlık,metro,main_gtfs,Kartal,True,True
main_19011__metro,main_19011,19011,İstoç,metro,main_gtfs,Bağcılar,True,True
main_18971__metro,main_18971,18971,Topkapı - Ulubatlı,metro,main_gtfs,Fatih,True,True
main_19092__tram,main_19092,19092,Eminönü,tram,main_gtfs,Fatih,True,True
main_19095__tram,main_19095,19095,Sağmalcılar,tram,main_gtfs,Gaziosmanpaşa,True,True
main_87264__metro,main_87264,87264,Yamanevler,metro,main_gtfs,Ümraniye,True,True
main_18961__metro,main_18961,18961,Bakırköy - İncirli,metro,main_gtfs,Bakırköy,True,True
main_87263__metro,main_87263,87263,Çarşı,metro,main_gtfs,Ümraniye,True,True
main_18986__metro,main_18986,18986,Başakşehir - Metrokent,metro,main_gtfs,Başakşehir,True,True
main_18975__metro,main_18975,18975,Bostancı,metro,main_gtfs,Kadıköy,True,True
main_18972__metro,main_18972,18972,Terazidere,metro,main_gtfs,Esenler,True,True
main_19088__tram,main_19088,19088,Mithatpaşa,tram,main_gtfs,Zeytinburnu,True,True
main_19233__metro,main_19233,19233,Yenikapı,metro,main_gtfs,Fatih,True,True
main_19034__tram,main_19034,19034,Moda İlkokulu,tram,main_gtfs,Kadıköy,True,True
main_19035__tram,main_19035,19035,Çarşı,tram,main_gtfs,Kadıköy,True,True
main_18963__metro,main_18963,18963,Bayrampaşa - Maltepe,metro,main_gtfs,Eyüpsultan,True,True
main_19007__metro,main_19007,19007,Kadıköy,metro,main_gtfs,Kadıköy,True,True
main_19069__tram,main_19069,19069,Kabataş,tram,main_gtfs,Beyoğlu,True,True
main_94902__tram,main_94902,94902,Fındıklı - Mimar Sinan Ü.,tram,main_gtfs,Beyoğlu,True,True
main_18990__metro,main_18990,18990,Olimpiyat,metro,main_gtfs,Başakşehir,True,True
main_94900__tram,main_94900,94900,Laleli - İstanbul Ü.,tram,main_gtfs,Fatih,True,True
main_18995__metro,main_18995,18995,Ünalan,metro,main_gtfs,Üsküdar,True,True
main_18960__metro,main_18960,18960,Merter,metro,main_gtfs,Güngören,True,True
main_94898__tram,main_94898,94898,Seyitnizam - Akşemsettin,tram,main_gtfs,Zeytinburnu,True,True
main_94998__metro,main_94998,94998,Çekmeköy,metro,main_gtfs,Çekmeköy,True,True
main_94903__metro,main_94903,94903,Kirazlı Bağcılar,metro,main_gtfs,Bağcılar,True,True
main_94904__metro,main_94904,94904,Vezneciler - İstanbul Ü.,metro,main_gtfs,Fatih,True,True
main_53121__metro,main_53121,53121,Pendik,metro,main_gtfs,Pendik,True,True
main_18998__metro,main_18998,18998,Başak Konutları,metro,main_gtfs,Başakşehir,True,True
main_87260__metro,main_87260,87260,Kısıklı,metro,main_gtfs,Üsküdar,True,True
main_18997__metro,main_18997,18997,Yenisahra,metro,main_gtfs,Kadıköy,True,True
main_19093__tram,main_19093,19093,Karaköy,tram,main_gtfs,Beyoğlu,True,True
main_94911__metro,main_94911,94911,Ayrılık Çeşmesi,metro,main_gtfs,Kadıköy,True,True
main_40120__metro,main_40120,40120,Boğaziçi Üniversitesi,metro,main_gtfs,Sarıyer,True,True
main_19059__tram,main_19059,19059,Rami,tram,main_gtfs,Eyüpsultan,True,True
main_94897__tram,main_94897,94897,Merter Teks. Mrk.,tram,main_gtfs,Bahçelievler,True,True
main_18985__metro,main_18985,18985,Siteler,metro,main_gtfs,Başakşehir,True,True
main_19091__tram,main_19091,19091,Topkapı,tram,main_gtfs,Zeytinburnu,True,True
main_19054__tram,main_19054,19054,Bağcılar,tram,main_gtfs,Bağcılar,True,True
main_18977__metro,main_18977,18977,Kozyatağı,metro,main_gtfs,Ataşehir,True,True
main_94899__tram,main_94899,94899,Merkezefendi,tram,main_gtfs,Zeytinburnu,True,True
main_18989__metro,main_18989,18989,Haliç,metro,main_gtfs,Fatih,True,True
main_19049__tram,main_19049,19049,Hacı Şükrü,tram,main_gtfs,Sultangazi,True,True
main_53122__metro,main_53122,53122,Tavşantepe,metro,main_gtfs,Pendik,True,True
main_19074__tram,main_19074,19074,Çemberlitaş,tram,main_gtfs,Fatih,True,True
main_19075__tram,main_19075,19075,Uluyol - Bereç,tram,main_gtfs,Bayrampaşa,True,True
main_94997__metro,main_94997,94997,Necip Fazıl,metro,main_gtfs,Ümraniye,True,True
main_18973__metro,main_18973,18973,Yenibosna,metro,main_gtfs,Bakırköy,True,True
main_94993__metro,main_94993,94993,Altınşehir,metro,main_gtfs,Ümraniye,True,True
main_18967__metro,main_18967,18967,Sağmalcılar,metro,main_gtfs,Bayrampaşa,True,True
main_94913__metro,main_94913,94913,Yakacık - Adnan Kahveci,metro,main_gtfs,Kartal,True,True
main_19080__tram,main_19080,19080,Zeytinburnu,tram,main_gtfs,Bakırköy,True,True
main_19058__tram,main_19058,19058,Yusufpaşa,tram,main_gtfs,Fatih,True,True
main_19084__tram,main_19084,19084,Haseki,tram,main_gtfs,Fatih,True,True
main_18958__metro,main_18958,18958,Davutpaşa - YTÜ,metro,main_gtfs,Güngören,True,True
main_19020__metro,main_19020,19020,Üçyüzlü,metro,main_gtfs,Bağcılar,True,True
main_19087__tram,main_19087,19087,50. Yıl - Baştabya,tram,main_gtfs,Esenler,True,True
main_87256__metro,main_87256,87256,Üsküdar,metro,main_gtfs,Üsküdar,True,True
main_19021__metro,main_19021,19021,Gülsuyu,metro,main_gtfs,Maltepe,True,True
main_18968__metro,main_18968,18968,Kocatepe,metro,main_gtfs,Bayrampaşa,True,True
main_18974__metro,main_18974,18974,Ataköy - Şirinevler,metro,main_gtfs,Bakırköy,True,True
main_19050__tram,main_19050,19050,Şehitlik,tram,main_gtfs,Eyüpsultan,True,True
main_18959__metro,main_18959,18959,Zeytinburnu,metro,main_gtfs,Bakırköy,True,True
main_19066__tram,main_19066,19066,Mehmet Akif,tram,main_gtfs,Bahçelievler,True,True
main_94910__metro,main_94910,94910,Yenimahalle,metro,main_gtfs,Bağcılar,True,True
main_19096__tram,main_19096,19096,Mescid-i Selam,tram,main_gtfs,Sultangazi,True,True
main_19037__tram,main_19037,19037,İskele Cami,tram,main_gtfs,Kadıköy,True,True
main_19053__tram,main_19053,19053,Güngören,tram,main_gtfs,Güngören,True,True
main_19005__metro,main_19005,19005,Şişhane,metro,main_gtfs,Beyoğlu,True,True
main_19094__tram,main_19094,19094,Güneştepe,tram,main_gtfs,Güngören,True,True
main_19078__tram,main_19078,19078,Pazartekke,tram,main_gtfs,Fatih,True,True
main_40127__ferry,main_40127,40127,Bostancı İDO,ferry,main_gtfs,Kadıköy,True,False
main_40128__ferry,main_40128,40128,Beşiktaş İDO,ferry,main_gtfs,Beşiktaş,True,False
main_40124__ferry,main_40124,40124,Kadıköy İDO,ferry,main_gtfs,Kadıköy,True,False
main_40126__ferry,main_40126,40126,Harem Feribot,ferry,main_gtfs,Üsküdar,True,False
main_40129__ferry,main_40129,40129,Burgazada İDO,ferry,main_gtfs,Adalar,True,False
main_40125__ferry,main_40125,40125,Heybeliada İDO,ferry,main_gtfs,Adalar,True,False
main_40133__ferry,main_40133,40133,Büyükada İDO,ferry,main_gtfs,Adalar,True,False
main_40136__ferry,main_40136,40136,Yenikapı İDO,ferry,main_gtfs,Fatih,True,False
main_40130__ferry,main_40130,40130,Bakırköy  İDO,ferry,main_gtfs,Bakırköy,True,False
main_40134__ferry,main_40134,40134,Kınalıada İDO,ferry,main_gtfs,Adalar,True,False
main_40135__ferry,main_40135,40135,Sirkeci Feribot,ferry,main_gtfs,Fatih,True,False
main_94975__ferry,main_94975,94975,Büyükçekmece Turyol,ferry,main_gtfs,Büyükçekmece,True,False
main_94977__ferry,main_94977,94977,Beşiktaş Turyol,ferry,main_gtfs,Beşiktaş,True,False
main_94972__ferry,main_94972,94972,Kadıköy Turyol,ferry,main_gtfs,Kadıköy,True,False
main_94971__ferry,main_94971,94971,Üsküdar Turyol,ferry,main_gtfs,Üsküdar,True,False
main_94969__ferry,main_94969,94969,Eminönü Turyol,ferry,main_gtfs,Fatih,True,False
main_94976__ferry,main_94976,94976,Büyükada Turyol,ferry,main_gtfs,Adalar,True,False
main_94973__ferry,main_94973,94973,Kadıköy2(Çayırbaşı)Turyol,ferry,main_gtfs,Kadıköy,True,False
main_94970__ferry,main_94970,94970,Karaköy Turyol,ferry,main_gtfs,Beyoğlu,True,False
main_94963__ferry,main_94963,94963,Avcılar İDO,ferry,main_gtfs,Avcılar,True,False
main_64436__ferry,main_64436,64436,Beşiktaş Dentur,ferry,main_gtfs,Beşiktaş,True,False
main_64438__ferry,main_64438,64438,Üsküdar Dentur,ferry,main_gtfs,Üsküdar,True,False
main_64432__ferry,main_64432,64432,Kabataş Dentur,ferry,main_gtfs,Beyoğlu,True,False
iett_292235__bus,iett_292235,292235,RIFAT ILGAZ CADDESİ,bus,iett_gtfs,Esenyurt,True,False
iett_292236__bus,iett_292236,292236,RIFAT ILGAZ CADDESİ,bus,iett_gtfs,Esenyurt,True,False
iett_292237__bus,iett_292237,292237,UZUNYAYLA,bus,iett_gtfs,Esenyurt,True,False
iett_292238__bus,iett_292238,292238,UZUNYAYLA,bus,iett_gtfs,Esenyurt,True,False
iett_292240__bus,iett_292240,292240,OKTAY RIFAT CADDESİ,bus,iett_gtfs,Esenyurt,True,False
iett_292242__bus,iett_292242,292242,SEBAHATTİN ZAİM İLKOKULU,bus,iett_gtfs,Esenyurt,True,False
iett_509457__bus,iett_509457,509457,YEŞİLTEPE,bus,iett_gtfs,Avcılar,True,False
iett_509459__bus,iett_509459,509459,ŞEHİT TAHSİN GEREKLİ,bus,iett_gtfs,Avcılar,True,False
iett_509460__bus,iett_509460,509460,ŞEHİT TAHSİN GEREKLİ,bus,iett_gtfs,Avcılar,True,False
iett_509461__bus,iett_509461,509461,ISPARTAKULE BLOKLARI,bus,iett_gtfs,Avcılar,True,False
iett_290318__bus,iett_290318,290318,ANITPARK,bus,iett_gtfs,Büyükçekmece,True,False
iett_290288__bus,iett_290288,290288,ATATÜRK MAHALLESİ,bus,iett_gtfs,Büyükçekmece,True,False
iett_508612__bus,iett_508612,508612,SANAYİ TİCARET MÜDÜRLÜĞÜ,bus,iett_gtfs,Başakşehir,True,False
iett_509469__bus,iett_509469,509469,BAĞLARİÇİ CADDESİ,bus,iett_gtfs,Avcılar,True,False
iett_509470__bus,iett_509470,509470,BAĞLARİÇİ CADDESİ,bus,iett_gtfs,Avcılar,True,False
iett_509471__bus,iett_509471,509471,BAĞLAR İÇİ,bus,iett_gtfs,Avcılar,True,False
iett_509472__bus,iett_509472,509472,BAĞLAR İÇİ,bus,iett_gtfs,Avcılar,True,False
iett_509473__bus,iett_509473,509473,OKUL CADDESİ,bus,iett_gtfs,Avcılar,True,False
iett_292243__bus,iett_292243,292243,DEMİRÇEKME,bus,iett_gtfs,Büyükçekmece,True,False
iett_290323__bus,iett_290323,290323,AĞAÇ SARAY EVLERİ,bus,iett_gtfs,Büyükçekmece,True,False
iett_292245__bus,iett_292245,292245,AĞAÇ SARAY EVLERİ,bus,iett_gtfs,Esenyurt,True,False
iett_578969__bus,iett_578969,578969,İSTOÇ 25.-26.ADA,bus,iett_gtfs,Bağcılar,True,False
iett_290329__bus,iett_290329,290329,TEM ÇIKIŞI,bus,iett_gtfs,Büyükçekmece,True,False
iett_509677__bus,iett_509677,509677,GÖL KONUTLARI,bus,iett_gtfs,Küçükçekmece,True,False
iett_509678__bus,iett_509678,509678,GÖL KONUTLARI,bus,iett_gtfs,Küçükçekmece,True,False
iett_509679__bus,iett_509679,509679,DEFNE-1 EVLERİ,bus,iett_gtfs,Küçükçekmece,True,False
iett_509680__bus,iett_509680,509680,DEFNE-1 EVLERİ,bus,iett_gtfs,Küçükçekmece,True,False
iett_509681__bus,iett_509681,509681,HALKALI PARK,bus,iett_gtfs,Küçükçekmece,True,False
iett_509681__metrobus,iett_509681,509681,HALKALI PARK,metrobus,iett_gtfs,Küçükçekmece,True,True
iett_508621__bus,iett_508621,508621,ŞEHİT HAKİ ARAS,bus,iett_gtfs,Başakşehir,True,False
iett_508621__metrobus,iett_508621,508621,ŞEHİT HAKİ ARAS,metrobus,iett_gtfs,Başakşehir,True,True
iett_292250__bus,iett_292250,292250,KIRAÇ KÖPRÜ,bus,iett_gtfs,Esenyurt,True,False
iett_292250__metrobus,iett_292250,292250,KIRAÇ KÖPRÜ,metrobus,iett_gtfs,Esenyurt,True,True
iett_292251__bus,iett_292251,292251,KIRAÇ KÖPRÜ,bus,iett_gtfs,Esenyurt,True,False
iett_292251__metrobus,iett_292251,292251,KIRAÇ KÖPRÜ,metrobus,iett_gtfs,Esenyurt,True,True
iett_509477__bus,iett_509477,509477,ESENYURT YOLU,bus,iett_gtfs,Avcılar,True,False
iett_509478__bus,iett_509478,509478,ESENYURT YOLU,bus,iett_gtfs,Avcılar,True,False
iett_290385__bus,iett_290385,290385,SAHİL YOLU,bus,iett_gtfs,Büyükçekmece,True,False
iett_509479__bus,iett_509479,509479,FABRİKALAR YOLU,bus,iett_gtfs,Avcılar,True,False
iett_509481__bus,iett_509481,509481,FEVZİ ÇAKMAK CADDESİ,bus,iett_gtfs,Avcılar,True,False
iett_509486__bus,iett_509486,509486,ŞEHİT ŞERİFE BACI ÇOK PROGRAMLI ANADOLU LİSESİ,bus,iett_gtfs,Avcılar,True,False
iett_509487__bus,iett_509487,509487,ŞEHİT ŞERİFE BACI ÇOK PROGRAMLI ANADOLU LİSESİ,bus,iett_gtfs,Avcılar,True,False
iett_509685__bus,iett_509685,509685,C KAPISI,bus,iett_gtfs,Küçükçekmece,True,False
iett_509686__bus,iett_509686,509686,C KAPISI,bus,iett_gtfs,Küçükçekmece,True,False
iett_509488__bus,iett_509488,509488,ATATÜRK CADDESİ,bus,iett_gtfs,Avcılar,True,False
iett_509490__bus,iett_509490,509490,GAZİ CADDESİ,bus,iett_gtfs,Avcılar,True,False
iett_509492__metrobus,iett_509492,509492,KOZA EVLERİ YOLU,metrobus,iett_gtfs,Avcılar,True,True
iett_509687__metrobus,iett_509687,509687,ORTA MAHALLESİ,metrobus,iett_gtfs,Küçükçekmece,True,True
iett_509688__metrobus,iett_509688,509688,ORTA MAHALLESİ,metrobus,iett_gtfs,Küçükçekmece,True,True
iett_510978__bus,iett_510978,510978,GAZİ CADDESİ,bus,iett_gtfs,Esenler,True,False
iett_510978__metrobus,iett_510978,510978,GAZİ CADDESİ,metrobus,iett_gtfs,Esenler,True,True
iett_509690__bus,iett_509690,509690,ŞEHİT MUSTAFA DİREKLİ,bus,iett_gtfs,Küçükçekmece,True,False
iett_509691__bus,iett_509691,509691,ŞEHİT MUSTAFA DİREKLİ,bus,iett_gtfs,Küçükçekmece,True,False
iett_292258__bus,iett_292258,292258,FAHİR İLKEL İLKOKULU,bus,iett_gtfs,Esenyurt,True,False
iett_292260__bus,iett_292260,292260,461.SOKAK-ŞEHİT BÜLENT AYDIN,bus,iett_gtfs,Esenyurt,True,False
iett_292261__bus,iett_292261,292261,461.SOKAK-ŞEHİT BÜLENT AYDIN,bus,iett_gtfs,Avcılar,True,False
iett_509495__bus,iett_509495,509495,TÜTÜN SOKAK,bus,iett_gtfs,Avcılar,True,False
iett_509496__bus,iett_509496,509496,TÜTÜN SOKAK,bus,iett_gtfs,Avcılar,True,False
iett_509497__bus,iett_509497,509497,YAHYA ÇAVUŞ,bus,iett_gtfs,Avcılar,True,False
iett_509695__metrobus,iett_509695,509695,HASTANE YOLU,metrobus,iett_gtfs,Küçükçekmece,True,True
iett_509696__metrobus,iett_509696,509696,HASTANE YOLU,metrobus,iett_gtfs,Küçükçekmece,True,True
iett_509697__metrobus,iett_509697,509697,KATI ATIK TESİSLERİ,metrobus,iett_gtfs,Küçükçekmece,True,True
iett_509698__metrobus,iett_509698,509698,KATI ATIK TESİSLERİ,metrobus,iett_gtfs,Küçükçekmece,True,True
iett_508630__bus,iett_508630,508630,İSTİHDAM,bus,iett_gtfs,Başakşehir,True,False
iett_508631__bus,iett_508631,508631,ESKOOP,bus,iett_gtfs,Başakşehir,True,False
iett_509676__bus,iett_509676,509676,GÜNEY YANYOL,bus,iett_gtfs,Küçükçekmece,True,False
iett_509676__metrobus,iett_509676,509676,GÜNEY YANYOL,metrobus,iett_gtfs,Küçükçekmece,True,True
iett_292262__bus,iett_292262,292262,ARDIÇLI MAHALLESİ,bus,iett_gtfs,Esenyurt,True,False
iett_578974__bus,iett_578974,578974,ALTINBAŞ ÜNİVERSİTESİ,bus,iett_gtfs,Bağcılar,True,False
iett_578974__metrobus,iett_578974,578974,ALTINBAŞ ÜNİVERSİTESİ,metrobus,iett_gtfs,Bağcılar,True,True
iett_578975__bus,iett_578975,578975,ALTINBAŞ ÜNİVERSİTESİ,bus,iett_gtfs,Bağcılar,True,False
iett_578975__metrobus,iett_578975,578975,ALTINBAŞ ÜNİVERSİTESİ,metrobus,iett_gtfs,Bağcılar,True,True
iett_508663__bus,iett_508663,508663,TURGUT ÖZAL BULVARI,bus,iett_gtfs,Başakşehir,True,False
iett_509705__bus,iett_509705,509705,İKİTELLİ CADDESİ,bus,iett_gtfs,Küçükçekmece,True,False
iett_509705__metrobus,iett_509705,509705,İKİTELLİ CADDESİ,metrobus,iett_gtfs,Küçükçekmece,True,True
iett_509706__bus,iett_509706,509706,İKİTELLİ CADDESİ,bus,iett_gtfs,Küçükçekmece,True,False
iett_509706__metrobus,iett_509706,509706,İKİTELLİ CADDESİ,metrobus,iett_gtfs,Küçükçekmece,True,True
iett_508677__bus,iett_508677,508677,KELEBEKLER VADİSİ,bus,iett_gtfs,Başakşehir,True,False
iett_5251791__bus,iett_5251791,5251791,KELEBEKLER VADİSİ,bus,iett_gtfs,Başakşehir,True,False
iett_508678__bus,iett_508678,508678,ARMİNA EVLERİ,bus,iett_gtfs,Başakşehir,True,False
iett_508680__bus,iett_508680,508680,2801.SOKAK,bus,iett_gtfs,Başakşehir,True,False
iett_508681__bus,iett_508681,508681,2801.SOKAK,bus,iett_gtfs,Başakşehir,True,False
iett_508682__bus,iett_508682,508682,GÜNIŞIĞI,bus,iett_gtfs,Başakşehir,True,False
iett_508683__bus,iett_508683,508683,GÜNIŞIĞI,bus,iett_gtfs,Başakşehir,True,False
iett_508684__bus,iett_508684,508684,ESTONŞEHİR,bus,iett_gtfs,Başakşehir,True,False
iett_508685__bus,iett_508685,508685,ESTONŞEHİR,bus,iett_gtfs,Başakşehir,True,False
iett_510983__metrobus,iett_510983,510983,ATIŞALANI YANYOL,metrobus,iett_gtfs,Esenler,True,True
iett_510984__bus,iett_510984,510984,ORUÇREİS,bus,iett_gtfs,Esenler,True,False
iett_510984__metrobus,iett_510984,510984,ORUÇREİS,metrobus,iett_gtfs,Esenler,True,True
iett_578976__bus,iett_578976,578976,MEDİPOL ÜNİVERSİTESİ HASTANESİ,bus,iett_gtfs,Bağcılar,True,False
iett_292275__bus,iett_292275,292275,ESENYURT İMAM HATİP,bus,iett_gtfs,Esenyurt,True,False
iett_292275__metrobus,iett_292275,292275,ESENYURT İMAM HATİP,metrobus,iett_gtfs,Esenyurt,True,True
iett_292276__bus,iett_292276,292276,ESENYURT İMAM HATİP,bus,iett_gtfs,Esenyurt,True,False
iett_292276__metrobus,iett_292276,292276,ESENYURT İMAM HATİP,metrobus,iett_gtfs,Esenyurt,True,True
iett_292277__bus,iett_292277,292277,ESENBAHÇE,bus,iett_gtfs,Esenyurt,True,False
iett_292277__metrobus,iett_292277,292277,ESENBAHÇE,metrobus,iett_gtfs,Esenyurt,True,True
iett_292279__bus,iett_292279,292279,YILMAZKENT,bus,iett_gtfs,Esenyurt,True,False
iett_292279__metrobus,iett_292279,292279,YILMAZKENT,metrobus,iett_gtfs,Esenyurt,True,True
iett_292281__bus,iett_292281,292281,YEŞİLKENT MAHALLESİ,bus,iett_gtfs,Esenyurt,True,False
iett_292281__metrobus,iett_292281,292281,YEŞİLKENT MAHALLESİ,metrobus,iett_gtfs,Esenyurt,True,True
iett_292282__bus,iett_292282,292282,YEŞİLKENT MAHALLESİ,bus,iett_gtfs,Esenyurt,True,False
iett_292282__metrobus,iett_292282,292282,YEŞİLKENT MAHALLESİ,metrobus,iett_gtfs,Esenyurt,True,True
iett_292283__bus,iett_292283,292283,NAZIM HİKMET BULVARI,bus,iett_gtfs,Esenyurt,True,False
iett_292283__metrobus,iett_292283,292283,NAZIM HİKMET BULVARI,metrobus,iett_gtfs,Esenyurt,True,True
iett_292284__bus,iett_292284,292284,NAZIM HİKMET BULVARI,bus,iett_gtfs,Esenyurt,True,False
iett_292284__metrobus,iett_292284,292284,NAZIM HİKMET BULVARI,metrobus,iett_gtfs,Esenyurt,True,True
iett_292285__bus,iett_292285,292285,GÜZELYURT SAĞLIK OCAĞI,bus,iett_gtfs,Esenyurt,True,False
iett_292285__metrobus,iett_292285,292285,GÜZELYURT SAĞLIK OCAĞI,metrobus,iett_gtfs,Esenyurt,True,True
iett_292286__bus,iett_292286,292286,GÜZELYURT SAĞLIK OCAĞI,bus,iett_gtfs,Esenyurt,True,False
iett_292286__metrobus,iett_292286,292286,GÜZELYURT SAĞLIK OCAĞI,metrobus,iett_gtfs,Esenyurt,True,True
iett_292287__bus,iett_292287,292287,ALTINYILDIZ İLKOKULU,bus,iett_gtfs,Esenyurt,True,False
iett_292287__metrobus,iett_292287,292287,ALTINYILDIZ İLKOKULU,metrobus,iett_gtfs,Esenyurt,True,True
iett_292288__bus,iett_292288,292288,ALTINYILDIZ İLKOKULU,bus,iett_gtfs,Esenyurt,True,False
iett_292288__metrobus,iett_292288,292288,ALTINYILDIZ İLKOKULU,metrobus,iett_gtfs,Esenyurt,True,True
iett_292289__bus,iett_292289,292289,11.CADDE,bus,iett_gtfs,Esenyurt,True,False
iett_292289__metrobus,iett_292289,292289,11.CADDE,metrobus,iett_gtfs,Esenyurt,True,True
iett_509502__bus,iett_509502,509502,ABDİ İPEKÇİ CADDESİ,bus,iett_gtfs,Avcılar,True,False
iett_509503__bus,iett_509503,509503,ABDİ İPEKÇİ CADDESİ,bus,iett_gtfs,Avcılar,True,False
iett_290406__bus,iett_290406,290406,ATATÜRK CADDESİ,bus,iett_gtfs,Büyükçekmece,True,False
iett_290407__bus,iett_290407,290407,ADALET SOKAK,bus,iett_gtfs,Büyükçekmece,True,False
iett_290408__bus,iett_290408,290408,ADALET SOKAK,bus,iett_gtfs,Büyükçekmece,True,False
iett_290409__bus,iett_290409,290409,DR.SADIK AHMET CADDESİ,bus,iett_gtfs,Büyükçekmece,True,False
iett_290411__bus,iett_290411,290411,İKİZEVLER,bus,iett_gtfs,Büyükçekmece,True,False
iett_290412__bus,iett_290412,290412,İKİZEVLER,bus,iett_gtfs,Büyükçekmece,True,False
iett_292290__bus,iett_292290,292290,ESENYURT KİPTAŞ 4.ETAP,bus,iett_gtfs,Esenyurt,True,False
iett_292293__bus,iett_292293,292293,HÜSEYİN ERGÜN ULU CAMİİ,bus,iett_gtfs,Esenyurt,True,False
iett_292294__bus,iett_292294,292294,HÜSEYİN ERGÜN ULU CAMİİ,bus,iett_gtfs,Esenyurt,True,False
iett_292295__bus,iett_292295,292295,KİPTAŞ 5.ETAP,bus,iett_gtfs,Esenyurt,True,False
iett_292297__bus,iett_292297,292297,HOŞDERE KAVŞAĞI,bus,iett_gtfs,Esenyurt,True,False
iett_292297__metrobus,iett_292297,292297,HOŞDERE KAVŞAĞI,metrobus,iett_gtfs,Esenyurt,True,True
iett_292298__bus,iett_292298,292298,HOŞDERE KAVŞAĞI,bus,iett_gtfs,Esenyurt,True,False
iett_292298__metrobus,iett_292298,292298,HOŞDERE KAVŞAĞI,metrobus,iett_gtfs,Esenyurt,True,True
iett_292299__bus,iett_292299,292299,ESENKENT GİRİŞ,bus,iett_gtfs,Esenyurt,True,False
iett_509718__bus,iett_509718,509718,MANOLYA,bus,iett_gtfs,Küçükçekmece,True,False
iett_509719__bus,iett_509719,509719,GÜMRÜK,bus,iett_gtfs,Küçükçekmece,True,False
iett_509720__bus,iett_509720,509720,GÜMRÜK,bus,iett_gtfs,Küçükçekmece,True,False
iett_509722__bus,iett_509722,509722,SOĞUKSU,bus,iett_gtfs,Küçükçekmece,True,False
iett_292301__bus,iett_292301,292301,KİPTAŞ KONUTLARI YOLU,bus,iett_gtfs,Esenyurt,True,False
iett_578992__bus,iett_578992,578992,İSTOÇ METRO,bus,iett_gtfs,Bağcılar,True,False
iett_292314__bus,iett_292314,292314,KİPTAŞ 3.ETAP,bus,iett_gtfs,Esenyurt,True,False
iett_578996__bus,iett_578996,578996,MAHMUTBEY İLKOKULU,bus,iett_gtfs,Bağcılar,True,False
iett_578996__metrobus,iett_578996,578996,MAHMUTBEY İLKOKULU,metrobus,iett_gtfs,Bağcılar,True,True
iett_509728__bus,iett_509728,509728,KÖPRÜ ,bus,iett_gtfs,Küçükçekmece,True,False
iett_509729__bus,iett_509729,509729,KÖPRÜ,bus,iett_gtfs,Küçükçekmece,True,False
iett_509732__bus,iett_509732,509732,AVRUPA KONUTLARI 3,bus,iett_gtfs,Küçükçekmece,True,False
iett_509732__metrobus,iett_509732,509732,AVRUPA KONUTLARI 3,metrobus,iett_gtfs,Küçükçekmece,True,True
iett_509733__bus,iett_509733,509733,AVRUPA KONUTLARI 3,bus,iett_gtfs,Küçükçekmece,True,False
iett_509733__metrobus,iett_509733,509733,AVRUPA KONUTLARI 3,metrobus,iett_gtfs,Küçükçekmece,True,True
iett_509736__bus,iett_509736,509736,TEM ÇIKIŞI,bus,iett_gtfs,Küçükçekmece,True,False
iett_509736__metrobus,iett_509736,509736,TEM ÇIKIŞI,metrobus,iett_gtfs,Küçükçekmece,True,True
iett_509737__bus,iett_509737,509737,TEM ÇIKIŞI,bus,iett_gtfs,Küçükçekmece,True,False
iett_509737__metrobus,iett_509737,509737,TEM ÇIKIŞI,metrobus,iett_gtfs,Küçükçekmece,True,True
iett_579007__metrobus,iett_579007,579007,FATİH MAHALLESİ,metrobus,iett_gtfs,Bağcılar,True,True
iett_579008__metrobus,iett_579008,579008,FATİH MAHALLESİ,metrobus,iett_gtfs,Bağcılar,True,True
iett_508599__bus,iett_508599,508599,ASMALI EVLER ,bus,iett_gtfs,Başakşehir,True,False
iett_292318__bus,iett_292318,292318,KİPTAŞ GİRİŞ,bus,iett_gtfs,Esenyurt,True,False
iett_292318__metrobus,iett_292318,292318,KİPTAŞ GİRİŞ,metrobus,iett_gtfs,Esenyurt,True,True
iett_292319__bus,iett_292319,292319,KİPTAŞ GİRİŞ,bus,iett_gtfs,Esenyurt,True,False
iett_292319__metrobus,iett_292319,292319,KİPTAŞ GİRİŞ,metrobus,iett_gtfs,Esenyurt,True,True
iett_292320__bus,iett_292320,292320,DUMANKAYA,bus,iett_gtfs,Esenyurt,True,False
iett_508737__bus,iett_508737,508737,DUMANKAYA,bus,iett_gtfs,Başakşehir,True,False
iett_509740__bus,iett_509740,509740,İMSAN,bus,iett_gtfs,Küçükçekmece,True,False
iett_579025__bus,iett_579025,579025,MAHMUTBEY METRO,bus,iett_gtfs,Bağcılar,True,False
iett_579025__metrobus,iett_579025,579025,MAHMUTBEY METRO,metrobus,iett_gtfs,Bağcılar,True,True
iett_509744__bus,iett_509744,509744,TOKİ 3.BÖLGE,bus,iett_gtfs,Küçükçekmece,True,False
iett_509745__bus,iett_509745,509745,TOKİ 3.BÖLGE,bus,iett_gtfs,Küçükçekmece,True,False
iett_509515__bus,iett_509515,509515,IŞIK OKULLARI  ISPARTAKULE KAMPÜSÜ,bus,iett_gtfs,Avcılar,True,False
iett_509516__bus,iett_509516,509516,IŞIK OKULLARI  ISPARTAKULE KAMPÜSÜ,bus,iett_gtfs,Avcılar,True,False
iett_509516__metrobus,iett_509516,509516,IŞIK OKULLARI  ISPARTAKULE KAMPÜSÜ,metrobus,iett_gtfs,Avcılar,True,True
iett_292322__bus,iett_292322,292322,1047.SOKAK,bus,iett_gtfs,Esenyurt,True,False
iett_292323__bus,iett_292323,292323,ŞEHİTLER VE GAZİLER PARKI,bus,iett_gtfs,Esenyurt,True,False
iett_509746__bus,iett_509746,509746,KÜÇÜKÇEKMECE TEM YOL,bus,iett_gtfs,Küçükçekmece,True,False
iett_509517__bus,iett_509517,509517,TAHTAKALE KÖPRÜSÜ,bus,iett_gtfs,Avcılar,True,False
iett_509517__metrobus,iett_509517,509517,TAHTAKALE KÖPRÜSÜ,metrobus,iett_gtfs,Avcılar,True,True
iett_579540__bus,iett_579540,579540,İSKENDERPAŞA,bus,iett_gtfs,Fatih,True,False
iett_579541__bus,iett_579541,579541,İSKENDERPAŞA,bus,iett_gtfs,Fatih,True,False
iett_579542__bus,iett_579542,579542,OĞUZHAN,bus,iett_gtfs,Fatih,True,False
iett_579543__bus,iett_579543,579543,OĞUZHAN,bus,iett_gtfs,Fatih,True,False
iett_579545__bus,iett_579545,579545,İSTANBUL EMNİYET MÜDÜRLÜĞÜ,bus,iett_gtfs,Fatih,True,False
iett_579546__bus,iett_579546,579546,İSTANBUL EMNİYET MÜDÜRLÜĞÜ,bus,iett_gtfs,Fatih,True,False
iett_579547__bus,iett_579547,579547,BEZMİALEM VAKIF ÜNİVERSİTESİ,bus,iett_gtfs,Fatih,True,False
iett_579548__bus,iett_579548,579548,BEZMİALEM VAKIF ÜNİVERSİTESİ,bus,iett_gtfs,Fatih,True,False
iett_579550__bus,iett_579550,579550,ULUBATLI,bus,iett_gtfs,Fatih,True,False
iett_579551__bus,iett_579551,579551,ULUBATLI,bus,iett_gtfs,Fatih,True,False
iett_508789__bus,iett_508789,508789,ATATÜRK SANAYİ SİTESİ,bus,iett_gtfs,Başakşehir,True,False
iett_291588__bus,iett_291588,291588,AKÇABURGAZ,bus,iett_gtfs,Arnavutköy,True,False
iett_291631__bus,iett_291631,291631,ÖMERLİ KİPTAŞ KONUTLARI,bus,iett_gtfs,Arnavutköy,True,False
iett_291633__bus,iett_291633,291633,ÖMERLİ KÖY İÇİ,bus,iett_gtfs,Arnavutköy,True,False
iett_291634__bus,iett_291634,291634,ÖMERLİ MAHALLESİ MUHTARLIĞI,bus,iett_gtfs,Arnavutköy,True,False
iett_5250311__bus,iett_5250311,5250311,DELİKLİKAYA,bus,iett_gtfs,Arnavutköy,True,False
iett_291648__bus,iett_291648,291648,ÖMERLİ CADDESİ,bus,iett_gtfs,Arnavutköy,True,False
iett_680887__bus,iett_680887,680887,AKARETLER,bus,iett_gtfs,Beşiktaş,True,False
iett_680926__bus,iett_680926,680926,SULTAN SELİM MAHALLESİ,bus,iett_gtfs,Beşiktaş,True,False
iett_680928__bus,iett_680928,680928,4.LEVENT,bus,iett_gtfs,Beşiktaş,True,False
iett_680929__bus,iett_680929,680929,4.LEVENT,bus,iett_gtfs,Beşiktaş,True,False
iett_680931__bus,iett_680931,680931,4.LEVENT,bus,iett_gtfs,Beşiktaş,True,False
iett_659092__bus,iett_659092,659092,FABRİKALAR,bus,iett_gtfs,Şişli,True,False
iett_680933__bus,iett_680933,680933,FABRİKALAR,bus,iett_gtfs,Beşiktaş,True,False
iett_659094__bus,iett_659094,659094,LEVENT,bus,iett_gtfs,Şişli,True,False
iett_680934__bus,iett_680934,680934,LEVENT,bus,iett_gtfs,Beşiktaş,True,False
iett_680940__bus,iett_680940,680940,ZİNCİRLİKUYU,bus,iett_gtfs,Beşiktaş,True,False
iett_680950__bus,iett_680950,680950,YILDIZ TEKNİK ÜNİVERSİTESİ,bus,iett_gtfs,Beşiktaş,True,False
iett_680951__bus,iett_680951,680951,YILDIZ TEKNİK ÜNİVERSİTESİ,bus,iett_gtfs,Beşiktaş,True,False
iett_680953__bus,iett_680953,680953,BARBAROS BULVARI,bus,iett_gtfs,Beşiktaş,True,False
iett_680954__bus,iett_680954,680954,BARBAROS BULVARI,bus,iett_gtfs,Beşiktaş,True,False
iett_681059__bus,iett_681059,681059,BEŞİKTAŞ MEYDAN,bus,iett_gtfs,Beşiktaş,True,False
iett_659101__bus,iett_659101,659101,ZİNCİRLİKUYU-ÜNİVERSİTE,bus,iett_gtfs,Şişli,True,False
iett_659102__bus,iett_659102,659102,ZİNCİRLİKUYU-ÜNİVERSİTE,bus,iett_gtfs,Şişli,True,False
iett_659103__bus,iett_659103,659103,ESENTEPE,bus,iett_gtfs,Şişli,True,False
iett_659104__bus,iett_659104,659104,ESENTEPE,bus,iett_gtfs,Şişli,True,False
iett_659106__bus,iett_659106,659106,GAYRETTEPE,bus,iett_gtfs,Şişli,True,False
iett_659107__bus,iett_659107,659107,GAYRETTEPE,bus,iett_gtfs,Şişli,True,False
iett_659108__bus,iett_659108,659108,ALİ SAMİ YEN,bus,iett_gtfs,Şişli,True,False
iett_579888__bus,iett_579888,579888,TAKSİM,bus,iett_gtfs,Beyoğlu,True,False
iett_579892__bus,iett_579892,579892,TEKNİK ÜNİVERSİTE,bus,iett_gtfs,Beyoğlu,True,False
iett_579891__bus,iett_579891,579891,GÜMÜŞSUYU,bus,iett_gtfs,Beyoğlu,True,False
iett_579894__bus,iett_579894,579894,GÜMÜŞSUYU,bus,iett_gtfs,Beyoğlu,True,False
iett_659130__metrobus,iett_659130,659130,ÇAĞLAYAN YOLU,metrobus,iett_gtfs,Şişli,True,True
iett_579760__metrobus,iett_579760,579760,ÇAĞLAYAN YOLU,metrobus,iett_gtfs,Kâğıthane,True,True
iett_659161__bus,iett_659161,659161,DOLMABAHÇE GAZHANE CADDESİ,bus,iett_gtfs,Beşiktaş,True,False
iett_579777__metrobus,iett_579777,579777,OKMEYDANI,metrobus,iett_gtfs,Kâğıthane,True,True
iett_579778__metrobus,iett_579778,579778,OKMEYDANI,metrobus,iett_gtfs,Kâğıthane,True,True
iett_292035__metrobus,iett_292035,292035,AYVANSARAY,metrobus,iett_gtfs,Eyüpsultan,True,True
iett_292036__metrobus,iett_292036,292036,AYVANSARAY,metrobus,iett_gtfs,Eyüpsultan,True,True
iett_659227__bus,iett_659227,659227,GAYRETTEPE METRO,bus,iett_gtfs,Şişli,True,False
iett_508791__bus,iett_508791,508791,SEFAKÖY SANAYİ SİTESİ,bus,iett_gtfs,Başakşehir,True,False
iett_290431__bus,iett_290431,290431,ÜZÜM SOKAK,bus,iett_gtfs,Büyükçekmece,True,False
iett_292326__bus,iett_292326,292326,BEYKENT ÜNİVERSİTESİ,bus,iett_gtfs,Esenyurt,True,False
iett_292327__bus,iett_292327,292327,BEYKENT ÜNİVERSİTESİ,bus,iett_gtfs,Büyükçekmece,True,False
iett_508459__bus,iett_508459,508459,ŞEHİT ÖMER HALİSDEMİR,bus,iett_gtfs,Büyükçekmece,True,False
iett_290432__bus,iett_290432,290432,ŞEHİT ÖMER HALİSDEMİR,bus,iett_gtfs,Büyükçekmece,True,False
iett_290433__bus,iett_290433,290433,ŞEHİT ÖMER HALİSDEMİR,bus,iett_gtfs,Büyükçekmece,True,False
iett_508792__bus,iett_508792,508792,İPKAS,bus,iett_gtfs,Başakşehir,True,False
iett_292328__bus,iett_292328,292328,ALKENT 2000,bus,iett_gtfs,Büyükçekmece,True,False
iett_292329__bus,iett_292329,292329,ALKENT 2000,bus,iett_gtfs,Esenyurt,True,False
iett_292330__bus,iett_292330,292330,ALKENT,bus,iett_gtfs,Büyükçekmece,True,False
iett_292331__bus,iett_292331,292331,ALKENT,bus,iett_gtfs,Esenyurt,True,False
iett_508794__bus,iett_508794,508794,TRİKO CENTER,bus,iett_gtfs,Başakşehir,True,False
iett_291050__bus,iett_291050,291050,GÜZELYURT,bus,iett_gtfs,Beylikdüzü,True,False
iett_291051__bus,iett_291051,291051,GÜZELYURT,bus,iett_gtfs,Esenyurt,True,False
iett_291052__bus,iett_291052,291052,BEYLİKDÜZÜ BELEDİYE METROBÜS,bus,iett_gtfs,Beylikdüzü,True,False
iett_291053__bus,iett_291053,291053,BEYLİKDÜZÜ BELEDİYE METROBÜS,bus,iett_gtfs,Esenyurt,True,False
iett_509530__bus,iett_509530,509530,ALİ AKVERDİ PARKI,bus,iett_gtfs,Avcılar,True,False
iett_509534__bus,iett_509534,509534,MUSTAFA KEMALPAŞA MAHALLESİ,bus,iett_gtfs,Avcılar,True,False
iett_509535__bus,iett_509535,509535,MUSTAFA KEMALPAŞA MAHALLESİ,bus,iett_gtfs,Avcılar,True,False
iett_509446__bus,iett_509446,509446,SU DEPOSU,bus,iett_gtfs,Avcılar,True,False
iett_509536__bus,iett_509536,509536,SU DEPOSU,bus,iett_gtfs,Esenyurt,True,False
iett_292332__bus,iett_292332,292332,FEVZİ ÇAKMAK CADDESİ,bus,iett_gtfs,Esenyurt,True,False
iett_292333__bus,iett_292333,292333,FEVZİ ÇAKMAK CADDESİ,bus,iett_gtfs,Avcılar,True,False
iett_292334__bus,iett_292334,292334,SONEVLER,bus,iett_gtfs,Esenyurt,True,False
iett_292335__bus,iett_292335,292335,SONEVLER,bus,iett_gtfs,Esenyurt,True,False
iett_292336__bus,iett_292336,292336,İNCİRTEPE,bus,iett_gtfs,Esenyurt,True,False
iett_292337__bus,iett_292337,292337,İNCİRTEPE,bus,iett_gtfs,Esenyurt,True,False
iett_292338__bus,iett_292338,292338,FATİH MAHALLESİ,bus,iett_gtfs,Esenyurt,True,False
iett_292339__bus,iett_292339,292339,FATİH MAHALLESİ,bus,iett_gtfs,Esenyurt,True,False
iett_292340__bus,iett_292340,292340,ESENYURT BELEDİYESİ NAZIM HİKMET KÜLTÜR MERKEZİ,bus,iett_gtfs,Esenyurt,True,False
iett_292341__bus,iett_292341,292341,ESENYURT BELEDİYESİ NAZIM HİKMET KÜLTÜR MERKEZİ,bus,iett_gtfs,Esenyurt,True,False
iett_292342__bus,iett_292342,292342,CUMHURİYET MEYDANI,bus,iett_gtfs,Esenyurt,True,False
iett_292342__metrobus,iett_292342,292342,CUMHURİYET MEYDANI,metrobus,iett_gtfs,Esenyurt,True,True
iett_292343__bus,iett_292343,292343,CUMHURİYET MEYDANI,bus,iett_gtfs,Esenyurt,True,False
iett_292343__metrobus,iett_292343,292343,CUMHURİYET MEYDANI,metrobus,iett_gtfs,Esenyurt,True,True
iett_292345__bus,iett_292345,292345,SAĞLIK OCAĞI,bus,iett_gtfs,Esenyurt,True,False
iett_292345__metrobus,iett_292345,292345,SAĞLIK OCAĞI,metrobus,iett_gtfs,Esenyurt,True,True
iett_578057__bus,iett_578057,578057,SAĞLIK OCAĞI ,bus,iett_gtfs,Esenyurt,True,False
iett_578057__metrobus,iett_578057,578057,SAĞLIK OCAĞI ,metrobus,iett_gtfs,Esenyurt,True,True
iett_292346__bus,iett_292346,292346,ÖRNEK MAHALLESİ,bus,iett_gtfs,Esenyurt,True,False
iett_292346__metrobus,iett_292346,292346,ÖRNEK MAHALLESİ,metrobus,iett_gtfs,Esenyurt,True,True
iett_292347__bus,iett_292347,292347,ÖRNEK MAHALLESİ,bus,iett_gtfs,Esenyurt,True,False
iett_292347__metrobus,iett_292347,292347,ÖRNEK MAHALLESİ,metrobus,iett_gtfs,Esenyurt,True,True
iett_509538__bus,iett_509538,509538,19 MAYIS SOKAK,bus,iett_gtfs,Avcılar,True,False
iett_509539__bus,iett_509539,509539,FİRUZKÖY,bus,iett_gtfs,Avcılar,True,False
iett_509541__bus,iett_509541,509541,FATİH CADDESİ,bus,iett_gtfs,Avcılar,True,False
iett_508800__bus,iett_508800,508800,BAHÇEŞEHİR,bus,iett_gtfs,Başakşehir,True,False
iett_508801__bus,iett_508801,508801,BAHÇEŞEHİR,bus,iett_gtfs,Esenyurt,True,False
iett_509543__bus,iett_509543,509543,TAHTAKALE YOLU,bus,iett_gtfs,Avcılar,True,False
iett_509543__metrobus,iett_509543,509543,TAHTAKALE YOLU,metrobus,iett_gtfs,Avcılar,True,True
iett_509545__bus,iett_509545,509545,ÇEŞME,bus,iett_gtfs,Avcılar,True,False
iett_509545__metrobus,iett_509545,509545,ÇEŞME,metrobus,iett_gtfs,Avcılar,True,True
iett_509546__bus,iett_509546,509546,ÇEŞME,bus,iett_gtfs,Avcılar,True,False
iett_509546__metrobus,iett_509546,509546,ÇEŞME,metrobus,iett_gtfs,Avcılar,True,True
iett_509547__bus,iett_509547,509547,NECDET SEMKER İLKOKULU,bus,iett_gtfs,Avcılar,True,False
iett_509547__metrobus,iett_509547,509547,NECDET SEMKER İLKOKULU,metrobus,iett_gtfs,Avcılar,True,True
iett_509548__bus,iett_509548,509548,NECDET SEMKER İLKOKULU,bus,iett_gtfs,Avcılar,True,False
iett_509548__metrobus,iett_509548,509548,NECDET SEMKER İLKOKULU,metrobus,iett_gtfs,Avcılar,True,True
iett_579039__bus,iett_579039,579039,BAHÇELER,bus,iett_gtfs,Bağcılar,True,False
iett_579039__metrobus,iett_579039,579039,BAHÇELER,metrobus,iett_gtfs,Bağcılar,True,True
iett_579040__bus,iett_579040,579040,BAHÇELER,bus,iett_gtfs,Bağcılar,True,False
iett_579040__metrobus,iett_579040,579040,BAHÇELER,metrobus,iett_gtfs,Bağcılar,True,True
iett_508806__bus,iett_508806,508806,BAĞCILAR GÜNGÖREN SANAYİ SİTESİ,bus,iett_gtfs,Başakşehir,True,False
iett_508807__bus,iett_508807,508807,BAĞCILAR GÜNGÖREN SANAYİ SİTESİ,bus,iett_gtfs,Başakşehir,True,False
iett_508808__bus,iett_508808,508808,DOLAPDERE SANAYİ SİTESİ,bus,iett_gtfs,Başakşehir,True,False
iett_508809__bus,iett_508809,508809,DOLAPDERE SANAYİ SİTESİ,bus,iett_gtfs,Başakşehir,True,False
iett_509550__bus,iett_509550,509550,İ.Ü. CERRAHPAŞA AVC. KAMP.,bus,iett_gtfs,Avcılar,True,False
iett_5250736__bus,iett_5250736,5250736,İ.Ü. CERRAHPAŞA AVC. KAMP.,bus,iett_gtfs,Avcılar,True,False
iett_511045__bus,iett_511045,511045,YÜZYIL KÖPRÜSÜ,bus,iett_gtfs,Bağcılar,True,False
iett_511045__metrobus,iett_511045,511045,YÜZYIL KÖPRÜSÜ,metrobus,iett_gtfs,Bağcılar,True,True
iett_511047__bus,iett_511047,511047,YÜZYIL KÖPRÜSÜ,bus,iett_gtfs,Bağcılar,True,False
iett_511047__metrobus,iett_511047,511047,YÜZYIL KÖPRÜSÜ,metrobus,iett_gtfs,Bağcılar,True,True
iett_511051__bus,iett_511051,511051,TUNA MAHALLESİ,bus,iett_gtfs,Esenler,True,False
iett_511051__metrobus,iett_511051,511051,TUNA MAHALLESİ,metrobus,iett_gtfs,Esenler,True,True
iett_511052__bus,iett_511052,511052,MEHMET AKİF ERSOY CADDESİ,bus,iett_gtfs,Esenler,True,False
iett_511052__metrobus,iett_511052,511052,MEHMET AKİF ERSOY CADDESİ,metrobus,iett_gtfs,Esenler,True,True
iett_511053__metrobus,iett_511053,511053,BİRLİK MAHALLESİ,metrobus,iett_gtfs,Esenler,True,True
iett_511054__metrobus,iett_511054,511054,BİRLİK MAHALLESİ,metrobus,iett_gtfs,Esenler,True,True
iett_511055__metrobus,iett_511055,511055,KAZIM KARABEKİR MAHALLESİ,metrobus,iett_gtfs,Esenler,True,True
iett_511058__bus,iett_511058,511058,ULUDAĞ CADDESİ,bus,iett_gtfs,Esenler,True,False
iett_511058__metrobus,iett_511058,511058,ULUDAĞ CADDESİ,metrobus,iett_gtfs,Esenler,True,True
iett_508820__bus,iett_508820,508820,ZİYA GÖKALP,bus,iett_gtfs,Başakşehir,True,False
iett_508821__bus,iett_508821,508821,ZİYA GÖKALP,bus,iett_gtfs,Başakşehir,True,False
iett_508822__bus,iett_508822,508822,ELEKTRİK KURUMU,bus,iett_gtfs,Başakşehir,True,False
iett_508823__bus,iett_508823,508823,ELEKTRİK  KURUMU,bus,iett_gtfs,Başakşehir,True,False
iett_509769__bus,iett_509769,509769,İMSAN SANAYİ SİTESİ,bus,iett_gtfs,Küçükçekmece,True,False
iett_509769__metrobus,iett_509769,509769,İMSAN SANAYİ SİTESİ,metrobus,iett_gtfs,Küçükçekmece,True,True
iett_509770__bus,iett_509770,509770,İMSAN SANAYİ SİTESİ,bus,iett_gtfs,Küçükçekmece,True,False
iett_509770__metrobus,iett_509770,509770,İMSAN SANAYİ SİTESİ,metrobus,iett_gtfs,Küçükçekmece,True,True
iett_509771__bus,iett_509771,509771,İETT İKİTELLİ GARAJI,bus,iett_gtfs,Küçükçekmece,True,False
iett_509771__metrobus,iett_509771,509771,İETT İKİTELLİ GARAJI,metrobus,iett_gtfs,Küçükçekmece,True,True
iett_509772__bus,iett_509772,509772,İETT İKİTELLİ GARAJI,bus,iett_gtfs,Küçükçekmece,True,False
iett_509772__metrobus,iett_509772,509772,İETT İKİTELLİ GARAJI,metrobus,iett_gtfs,Küçükçekmece,True,True
iett_509774__bus,iett_509774,509774,GÜLTEPE CAMİİ,bus,iett_gtfs,Küçükçekmece,True,False
iett_508826__bus,iett_508826,508826,DEMİRCİLER SİTESİ,bus,iett_gtfs,Başakşehir,True,False
iett_508827__bus,iett_508827,508827,DEMİRCİLER SİTESİ,bus,iett_gtfs,Başakşehir,True,False
iett_509804__bus,iett_509804,509804,TEPE ÜSTÜ,bus,iett_gtfs,Küçükçekmece,True,False
iett_509805__bus,iett_509805,509805,TEPE ÜSTÜ,bus,iett_gtfs,Küçükçekmece,True,False
iett_802900__bus,iett_802900,802900,TEPE ÜSTÜ,bus,iett_gtfs,Küçükçekmece,True,False
iett_508838__bus,iett_508838,508838,ŞEHİT HAKİ ARAS,bus,iett_gtfs,Başakşehir,True,False
iett_508838__metrobus,iett_508838,508838,ŞEHİT HAKİ ARAS,metrobus,iett_gtfs,Başakşehir,True,True
iett_509568__bus,iett_509568,509568,ALCAN SOKAK,bus,iett_gtfs,Avcılar,True,False
iett_509815__metrobus,iett_509815,509815,NÜKLEER ARAŞTIRMA MERKEZİ,metrobus,iett_gtfs,Küçükçekmece,True,True
iett_509816__metrobus,iett_509816,509816,NÜKLEER ARAŞTIRMA MERKEZİ,metrobus,iett_gtfs,Küçükçekmece,True,True
iett_509817__metrobus,iett_509817,509817,KONUT BİRLİK,metrobus,iett_gtfs,Küçükçekmece,True,True
iett_509818__metrobus,iett_509818,509818,KONUT BİRLİK,metrobus,iett_gtfs,Küçükçekmece,True,True
iett_509821__bus,iett_509821,509821,YENİDOĞAN,bus,iett_gtfs,Küçükçekmece,True,False
iett_509821__metrobus,iett_509821,509821,YENİDOĞAN,metrobus,iett_gtfs,Küçükçekmece,True,True
iett_509822__bus,iett_509822,509822,YENİDOĞAN,bus,iett_gtfs,Küçükçekmece,True,False
iett_509822__metrobus,iett_509822,509822,YENİDOĞAN,metrobus,iett_gtfs,Küçükçekmece,True,True
iett_509824__bus,iett_509824,509824,BEZİRGANBAHÇE TOKİ,bus,iett_gtfs,Küçükçekmece,True,False
iett_509825__bus,iett_509825,509825,BEZİRGANBAHÇE TOKİ,bus,iett_gtfs,Küçükçekmece,True,False
iett_509828__bus,iett_509828,509828,BEZİRGANBAHÇE,bus,iett_gtfs,Küçükçekmece,True,False
iett_509829__bus,iett_509829,509829,BEZİRGANBAHÇE,bus,iett_gtfs,Küçükçekmece,True,False
iett_509837__bus,iett_509837,509837,KANARYA,bus,iett_gtfs,Küçükçekmece,True,False
iett_509838__bus,iett_509838,509838,KANARYA,bus,iett_gtfs,Küçükçekmece,True,False
iett_509840__bus,iett_509840,509840,SU TERAZİSİ,bus,iett_gtfs,Küçükçekmece,True,False
iett_509842__bus,iett_509842,509842,CUMHURİYET MAHALLESİ,bus,iett_gtfs,Küçükçekmece,True,False
iett_509844__bus,iett_509844,509844,SEL SOKAK,bus,iett_gtfs,Küçükçekmece,True,False
iett_509849__bus,iett_509849,509849,FATİH MAHALLESİ,bus,iett_gtfs,Küçükçekmece,True,False
iett_509852__bus,iett_509852,509852,MELTEM SOKAK,bus,iett_gtfs,Küçükçekmece,True,False
iett_509853__bus,iett_509853,509853,KÜÇÜKÇEKMECE,bus,iett_gtfs,Küçükçekmece,True,False
iett_509854__bus,iett_509854,509854,KÜÇÜKÇEKMECE,bus,iett_gtfs,Küçükçekmece,True,False
iett_509572__bus,iett_509572,509572,MİLLİ EGEMENLİK PARKI,bus,iett_gtfs,Avcılar,True,False
iett_509861__bus,iett_509861,509861,GÜNEŞPARK EVLERİ,bus,iett_gtfs,Küçükçekmece,True,False
iett_509861__metrobus,iett_509861,509861,GÜNEŞPARK EVLERİ,metrobus,iett_gtfs,Küçükçekmece,True,True
iett_509862__bus,iett_509862,509862,GÜNEŞPARK EVLERİ,bus,iett_gtfs,Küçükçekmece,True,False
iett_509862__metrobus,iett_509862,509862,GÜNEŞPARK EVLERİ,metrobus,iett_gtfs,Küçükçekmece,True,True
iett_579099__metrobus,iett_579099,579099,GÖZTEPE MEYDANI,metrobus,iett_gtfs,Bağcılar,True,True
iett_579100__metrobus,iett_579100,579100,GÖZTEPE MEYDANI,metrobus,iett_gtfs,Bağcılar,True,True
iett_579101__metrobus,iett_579101,579101,MUAZ BİN CEBEL CAMİİ,metrobus,iett_gtfs,Bağcılar,True,True
iett_579102__metrobus,iett_579102,579102,MUAZ BİN CEBEL CAMİİ,metrobus,iett_gtfs,Bağcılar,True,True
iett_579103__bus,iett_579103,579103,FATİH MAHALLESİ YANYOL,bus,iett_gtfs,Bağcılar,True,False
iett_579103__metrobus,iett_579103,579103,FATİH MAHALLESİ YANYOL,metrobus,iett_gtfs,Bağcılar,True,True
iett_579105__bus,iett_579105,579105,KEMALPAŞA MAHALLESİ,bus,iett_gtfs,Bağcılar,True,False
iett_579105__metrobus,iett_579105,579105,KEMALPAŞA MAHALLESİ,metrobus,iett_gtfs,Bağcılar,True,True
iett_509863__bus,iett_509863,509863,2.ETAP KONUTLARI,bus,iett_gtfs,Küçükçekmece,True,False
iett_509865__bus,iett_509865,509865,KUŞLAR TEPESİ,bus,iett_gtfs,Küçükçekmece,True,False
iett_509866__bus,iett_509866,509866,KUŞLAR TEPESİ,bus,iett_gtfs,Küçükçekmece,True,False
iett_509867__bus,iett_509867,509867,ÇİÇEKLİ VADİ,bus,iett_gtfs,Küçükçekmece,True,False
iett_509868__bus,iett_509868,509868,ÇİÇEKLİ VADİ,bus,iett_gtfs,Küçükçekmece,True,False
iett_509869__bus,iett_509869,509869,ANA OKULU,bus,iett_gtfs,Küçükçekmece,True,False
iett_509870__bus,iett_509870,509870,ANA OKULU,bus,iett_gtfs,Küçükçekmece,True,False
iett_509871__bus,iett_509871,509871,ALARKO BLOKLARI,bus,iett_gtfs,Küçükçekmece,True,False
iett_509873__bus,iett_509873,509873,KUTLUTAŞ BLOKLARI,bus,iett_gtfs,Küçükçekmece,True,False
iett_509874__bus,iett_509874,509874,KUTLUTAŞ BLOKLARI,bus,iett_gtfs,Küçükçekmece,True,False
iett_509875__bus,iett_509875,509875,ATATÜRK MAHALLESİ,bus,iett_gtfs,Küçükçekmece,True,False
iett_509875__metrobus,iett_509875,509875,ATATÜRK MAHALLESİ,metrobus,iett_gtfs,Küçükçekmece,True,True
iett_509876__bus,iett_509876,509876,ATATÜRK MAHALLESİ,bus,iett_gtfs,Küçükçekmece,True,False
iett_509876__metrobus,iett_509876,509876,ATATÜRK MAHALLESİ,metrobus,iett_gtfs,Küçükçekmece,True,True
iett_509877__bus,iett_509877,509877,HALKALI YOLU,bus,iett_gtfs,Küçükçekmece,True,False
iett_509877__metrobus,iett_509877,509877,HALKALI YOLU,metrobus,iett_gtfs,Küçükçekmece,True,True
iett_509878__bus,iett_509878,509878,HALKALI YOLU,bus,iett_gtfs,Küçükçekmece,True,False
iett_509878__metrobus,iett_509878,509878,HALKALI YOLU,metrobus,iett_gtfs,Küçükçekmece,True,True
iett_509879__bus,iett_509879,509879,SELÇUKLU CADDESİ,bus,iett_gtfs,Küçükçekmece,True,False
iett_509880__bus,iett_509880,509880,NAYMAN MAHALLESİ,bus,iett_gtfs,Küçükçekmece,True,False
iett_509882__bus,iett_509882,509882,TİCARET LİSESİ,bus,iett_gtfs,Küçükçekmece,True,False
iett_509883__bus,iett_509883,509883,TİCARET LİSESİ,bus,iett_gtfs,Küçükçekmece,True,False
iett_509884__bus,iett_509884,509884,CUMHURİYET CADDESİ,bus,iett_gtfs,Küçükçekmece,True,False
iett_509886__bus,iett_509886,509886,MALAZGİRT CADDESİ,bus,iett_gtfs,Küçükçekmece,True,False
iett_509896__bus,iett_509896,509896,ŞEHİT SERDAR GÖKBAYRAK,bus,iett_gtfs,Küçükçekmece,True,False
iett_509897__bus,iett_509897,509897,ŞEHİT SERDAR GÖKBAYRAK,bus,iett_gtfs,Küçükçekmece,True,False
iett_290470__bus,iett_290470,290470,SAN-BİR 4,bus,iett_gtfs,Büyükçekmece,True,False
iett_292348__bus,iett_292348,292348,SAN-BİR 4,bus,iett_gtfs,Esenyurt,True,False
iett_290471__bus,iett_290471,290471,KARAAĞAÇ KÖY YOLU,bus,iett_gtfs,Büyükçekmece,True,False
iett_290472__bus,iett_290472,290472,KARAAĞAÇ KÖY YOLU,bus,iett_gtfs,Büyükçekmece,True,False
iett_290473__bus,iett_290473,290473,ÇAKMAKLI,bus,iett_gtfs,Büyükçekmece,True,False
iett_292350__bus,iett_292350,292350,ÇAKMAKLI,bus,iett_gtfs,Esenyurt,True,False
iett_290474__bus,iett_290474,290474,FABRİKALAR,bus,iett_gtfs,Büyükçekmece,True,False
iett_508381__bus,iett_508381,508381,FABRİKALAR ,bus,iett_gtfs,Esenyurt,True,False
iett_290475__bus,iett_290475,290475,SAN-BİR 3,bus,iett_gtfs,Büyükçekmece,True,False
iett_292352__bus,iett_292352,292352,SAN-BİR 3,bus,iett_gtfs,Esenyurt,True,False
iett_508843__bus,iett_508843,508843,DOĞA EVLERİ,bus,iett_gtfs,Başakşehir,True,False
iett_579120__bus,iett_579120,579120,MAHMUTBEY,bus,iett_gtfs,Bağcılar,True,False
iett_579120__metrobus,iett_579120,579120,MAHMUTBEY,metrobus,iett_gtfs,Bağcılar,True,True
iett_799932__bus,iett_799932,799932,MAHMUTBEY,bus,iett_gtfs,Bağcılar,True,False
iett_799932__metrobus,iett_799932,799932,MAHMUTBEY,metrobus,iett_gtfs,Bağcılar,True,True
iett_292354__bus,iett_292354,292354,KİPTAŞ ESENYURT,bus,iett_gtfs,Esenyurt,True,False
iett_292354__metrobus,iett_292354,292354,KİPTAŞ ESENYURT,metrobus,iett_gtfs,Esenyurt,True,True
iett_292355__bus,iett_292355,292355,KİPTAŞ ESENYURT,bus,iett_gtfs,Esenyurt,True,False
iett_292355__metrobus,iett_292355,292355,KİPTAŞ ESENYURT,metrobus,iett_gtfs,Esenyurt,True,True
iett_509917__bus,iett_509917,509917,1.ETAP KONUTLARI,bus,iett_gtfs,Küçükçekmece,True,False
iett_509918__bus,iett_509918,509918,1.ETAP KONUTLARI,bus,iett_gtfs,Küçükçekmece,True,False
iett_509921__bus,iett_509921,509921,KOCA ALİ SOKAK,bus,iett_gtfs,Küçükçekmece,True,False
iett_509921__metrobus,iett_509921,509921,KOCA ALİ SOKAK,metrobus,iett_gtfs,Küçükçekmece,True,True
iett_510001__bus,iett_510001,510001,KOCA ALİ SOKAK,bus,iett_gtfs,Küçükçekmece,True,False
iett_510001__metrobus,iett_510001,510001,KOCA ALİ SOKAK,metrobus,iett_gtfs,Küçükçekmece,True,True
iett_509923__bus,iett_509923,509923,PAZAR YOLU,bus,iett_gtfs,Küçükçekmece,True,False
iett_291070__bus,iett_291070,291070,BEYKENT METROBÜS,bus,iett_gtfs,Büyükçekmece,True,False
iett_291070__metrobus,iett_291070,291070,BEYKENT METROBÜS,metrobus,iett_gtfs,Büyükçekmece,True,True
iett_291071__bus,iett_291071,291071,BEYKENT METROBÜS,bus,iett_gtfs,Esenyurt,True,False
iett_291071__metrobus,iett_291071,291071,BEYKENT METROBÜS,metrobus,iett_gtfs,Esenyurt,True,True
iett_508850__bus,iett_508850,508850,YEŞİLTEPE,bus,iett_gtfs,Başakşehir,True,False
iett_508851__bus,iett_508851,508851,YEŞİLTEPE,bus,iett_gtfs,Esenyurt,True,False
iett_290285__bus,iett_290285,290285,BÜYÜKÇEKMECE İŞKUR,bus,iett_gtfs,Büyükçekmece,True,False
iett_290485__bus,iett_290485,290485,TABYA 1,bus,iett_gtfs,Büyükçekmece,True,False
iett_290486__bus,iett_290486,290486,TABYA 2,bus,iett_gtfs,Büyükçekmece,True,False
iett_290487__bus,iett_290487,290487,ESKİYOL,bus,iett_gtfs,Büyükçekmece,True,False
iett_290488__bus,iett_290488,290488,TÜYAP - METROBÜS,bus,iett_gtfs,Büyükçekmece,True,False
iett_290488__metrobus,iett_290488,290488,TÜYAP - METROBÜS,metrobus,iett_gtfs,Büyükçekmece,True,True
iett_290489__bus,iett_290489,290489,TÜYAP - METROBÜS,bus,iett_gtfs,Büyükçekmece,True,False
iett_290489__metrobus,iett_290489,290489,TÜYAP - METROBÜS,metrobus,iett_gtfs,Büyükçekmece,True,True
iett_508852__bus,iett_508852,508852,ATATÜRK BULVARI,bus,iett_gtfs,Başakşehir,True,False
iett_508854__bus,iett_508854,508854,ATATÜRK BULVARI,bus,iett_gtfs,Başakşehir,True,False
iett_508855__bus,iett_508855,508855,ATATÜRK BULVARI,bus,iett_gtfs,Başakşehir,True,False
iett_508856__bus,iett_508856,508856,KARDELEN EVLERİ,bus,iett_gtfs,Başakşehir,True,False
iett_508857__bus,iett_508857,508857,SARAÇLAR SİTESİ,bus,iett_gtfs,Başakşehir,True,False
iett_508858__bus,iett_508858,508858,SARAÇLAR SİTESİ,bus,iett_gtfs,Başakşehir,True,False
iett_509925__bus,iett_509925,509925,BEZİRGANBAHÇE İLKOKULU,bus,iett_gtfs,Küçükçekmece,True,False
iett_579140__bus,iett_579140,579140,İSTOÇ 19.ADA,bus,iett_gtfs,Bağcılar,True,False
iett_508859__bus,iett_508859,508859,GÖLYAKA,bus,iett_gtfs,Başakşehir,True,False
iett_508860__bus,iett_508860,508860,GÖLYAKA,bus,iett_gtfs,Başakşehir,True,False
iett_290492__bus,iett_290492,290492,BEŞEVLER,bus,iett_gtfs,Büyükçekmece,True,False
iett_290493__bus,iett_290493,290493,FATİH MAHALLESİ,bus,iett_gtfs,Büyükçekmece,True,False
iett_508863__bus,iett_508863,508863,DÖKÜMCÜLER SİTESİ,bus,iett_gtfs,Başakşehir,True,False
iett_508864__bus,iett_508864,508864,DÖKÜMCÜLER SİTESİ,bus,iett_gtfs,Başakşehir,True,False
iett_508865__bus,iett_508865,508865,FATİH SANAYİ SİTESİ,bus,iett_gtfs,Başakşehir,True,False
iett_508866__bus,iett_508866,508866,FATİH SANAYİ SİTESİ,bus,iett_gtfs,Başakşehir,True,False
iett_508867__bus,iett_508867,508867,ESENLER OTO SANAYİ SİTESİ,bus,iett_gtfs,Başakşehir,True,False
iett_508869__bus,iett_508869,508869,İÇKENT,bus,iett_gtfs,Başakşehir,True,False
iett_292359__bus,iett_292359,292359,ESENKENT CAMİİ,bus,iett_gtfs,Esenyurt,True,False
iett_292360__bus,iett_292360,292360,ESENKENT CAMİİ,bus,iett_gtfs,Esenyurt,True,False
iett_508873__bus,iett_508873,508873,KERESTECİLER SİTESİ,bus,iett_gtfs,Başakşehir,True,False
iett_508874__bus,iett_508874,508874,KERESTECİLER SİTESİ,bus,iett_gtfs,Başakşehir,True,False
iett_508875__bus,iett_508875,508875,AYMA KOOPERATİFİ,bus,iett_gtfs,Başakşehir,True,False
iett_508876__bus,iett_508876,508876,AYMA KOOPERATİFİ,bus,iett_gtfs,Başakşehir,True,False
iett_508877__bus,iett_508877,508877,TORMAK SANAYİ SİTESİ,bus,iett_gtfs,Başakşehir,True,False
iett_508878__bus,iett_508878,508878,TORMAK SANAYİ SİTESİ,bus,iett_gtfs,Başakşehir,True,False
iett_508879__bus,iett_508879,508879,BAŞAK KONUTLARI,bus,iett_gtfs,Başakşehir,True,False
iett_508880__bus,iett_508880,508880,BAŞAK KONUTLARI,bus,iett_gtfs,Başakşehir,True,False
iett_508891__bus,iett_508891,508891,MİMARLAR SİTESİ,bus,iett_gtfs,Başakşehir,True,False
iett_508892__bus,iett_508892,508892,MİMARLAR SİTESİ,bus,iett_gtfs,Başakşehir,True,False
iett_509450__bus,iett_509450,509450,FİRUZKÖY MAHALLESİ,bus,iett_gtfs,Avcılar,True,False
iett_509576__bus,iett_509576,509576,FİRUZKÖY MAHALLESİ,bus,iett_gtfs,Avcılar,True,False
iett_508893__bus,iett_508893,508893,TÜMSAN,bus,iett_gtfs,Başakşehir,True,False
iett_508894__bus,iett_508894,508894,TÜMSAN,bus,iett_gtfs,Başakşehir,True,False
iett_579151__bus,iett_579151,579151,MAHMUTBEY İLKOKULU,bus,iett_gtfs,Bağcılar,True,False
iett_579151__metrobus,iett_579151,579151,MAHMUTBEY İLKOKULU,metrobus,iett_gtfs,Bağcılar,True,True
iett_508895__bus,iett_508895,508895,ATATÜRK BULVARI,bus,iett_gtfs,Başakşehir,True,False
iett_508896__bus,iett_508896,508896,ATATÜRK BULVARI,bus,iett_gtfs,Başakşehir,True,False
iett_508900__bus,iett_508900,508900,ORGANİZE SANAYİ SİTESİ,bus,iett_gtfs,Başakşehir,True,False
iett_579153__bus,iett_579153,579153,İSTOÇ 22.ADA,bus,iett_gtfs,Bağcılar,True,False
iett_509577__bus,iett_509577,509577,GALATA SOKAK,bus,iett_gtfs,Avcılar,True,False
iett_508903__bus,iett_508903,508903,BAŞAKŞEHİR YOLU,bus,iett_gtfs,Başakşehir,True,False
iett_508904__bus,iett_508904,508904,BAŞAKŞEHİR YOLU,bus,iett_gtfs,Başakşehir,True,False
iett_579156__bus,iett_579156,579156,MATBAACILAR SİTESİ,bus,iett_gtfs,Bağcılar,True,False
iett_579156__metrobus,iett_579156,579156,MATBAACILAR SİTESİ,metrobus,iett_gtfs,Bağcılar,True,True
iett_579157__bus,iett_579157,579157,BASIN TESİSLERİ,bus,iett_gtfs,Bağcılar,True,False
iett_509580__bus,iett_509580,509580,FİRUZKÖY SAPAĞI,bus,iett_gtfs,Avcılar,True,False
iett_509581__bus,iett_509581,509581,FİRUZKÖY SAPAĞI,bus,iett_gtfs,Avcılar,True,False
iett_508905__bus,iett_508905,508905,GÖLET,bus,iett_gtfs,Başakşehir,True,False
iett_508906__bus,iett_508906,508906,GÖLET,bus,iett_gtfs,Başakşehir,True,False
iett_508907__bus,iett_508907,508907,ISPARTAKULE,bus,iett_gtfs,Başakşehir,True,False
iett_508908__bus,iett_508908,508908,ISPARTAKULE,bus,iett_gtfs,Başakşehir,True,False
iett_508909__bus,iett_508909,508909,DÖRTYOL,bus,iett_gtfs,Başakşehir,True,False
iett_508910__bus,iett_508910,508910,DÖRTYOL,bus,iett_gtfs,Başakşehir,True,False
iett_508911__bus,iett_508911,508911,YEŞİLPARK,bus,iett_gtfs,Başakşehir,True,False
iett_508917__bus,iett_508917,508917,YASEMEN EVLERİ,bus,iett_gtfs,Başakşehir,True,False
iett_508919__bus,iett_508919,508919,ATASEV EVLERİ,bus,iett_gtfs,Başakşehir,True,False
iett_579158__bus,iett_579158,579158,İSTOÇ,bus,iett_gtfs,Bağcılar,True,False
iett_292384__bus,iett_292384,292384,ESENYURT ÖRNEK MAHALLESİ,bus,iett_gtfs,Esenyurt,True,False
iett_292385__bus,iett_292385,292385,ESENYURT ÖRNEK MAHALLESİ,bus,iett_gtfs,Esenyurt,True,False
iett_509936__bus,iett_509936,509936,BAHARİYE CADDESİ,bus,iett_gtfs,Küçükçekmece,True,False
iett_509936__metrobus,iett_509936,509936,BAHARİYE CADDESİ,metrobus,iett_gtfs,Küçükçekmece,True,True
iett_509937__bus,iett_509937,509937,BAHARİYE CADDESİ,bus,iett_gtfs,Küçükçekmece,True,False
iett_509937__metrobus,iett_509937,509937,BAHARİYE CADDESİ,metrobus,iett_gtfs,Küçükçekmece,True,True
iett_291104__bus,iett_291104,291104,BİZİMKENT,bus,iett_gtfs,Beylikdüzü,True,False
iett_291104__metrobus,iett_291104,291104,BİZİMKENT,metrobus,iett_gtfs,Beylikdüzü,True,True
iett_508923__bus,iett_508923,508923,BOĞAZKÖY  ORTAOKULU,bus,iett_gtfs,Başakşehir,True,False
iett_292386__bus,iett_292386,292386,FABRİKALAR,bus,iett_gtfs,Esenyurt,True,False
iett_292386__metrobus,iett_292386,292386,FABRİKALAR,metrobus,iett_gtfs,Esenyurt,True,True
iett_292387__bus,iett_292387,292387,FABRİKALAR,bus,iett_gtfs,Esenyurt,True,False
iett_292387__metrobus,iett_292387,292387,FABRİKALAR,metrobus,iett_gtfs,Esenyurt,True,True
iett_508927__bus,iett_508927,508927,BİZİMÇATI EVLERİ,bus,iett_gtfs,Başakşehir,True,False
iett_508929__bus,iett_508929,508929,11.CADDE,bus,iett_gtfs,Başakşehir,True,False
iett_508931__bus,iett_508931,508931,KIZLI HAVUZ,bus,iett_gtfs,Başakşehir,True,False
iett_508932__bus,iett_508932,508932,KIZLI HAVUZ,bus,iett_gtfs,Başakşehir,True,False
iett_290500__bus,iett_290500,290500,KIRAÇ SAPAĞI,bus,iett_gtfs,Büyükçekmece,True,False
iett_292388__bus,iett_292388,292388,KIRAÇ SAPAĞI,bus,iett_gtfs,Esenyurt,True,False
iett_290501__bus,iett_290501,290501,SAN-BİR 1,bus,iett_gtfs,Büyükçekmece,True,False
iett_5250575__bus,iett_5250575,5250575,SAN-BİR 1,bus,iett_gtfs,Esenyurt,True,False
iett_292390__bus,iett_292390,292390,HADIMKÖY YOLU,bus,iett_gtfs,Esenyurt,True,False
iett_292391__bus,iett_292391,292391,HADIMKÖY YOLU,bus,iett_gtfs,Esenyurt,True,False
iett_291114__bus,iett_291114,291114,GÜRPINAR CADDESİ,bus,iett_gtfs,Beylikdüzü,True,False
iett_291115__bus,iett_291115,291115,GÜRPINAR CADDESİ,bus,iett_gtfs,Büyükçekmece,True,False
iett_292392__bus,iett_292392,292392,ERZURUM KONGRE CADDESİ,bus,iett_gtfs,Esenyurt,True,False
iett_292393__bus,iett_292393,292393,ERZURUM KONGRE CADDESİ,bus,iett_gtfs,Esenyurt,True,False
iett_292394__bus,iett_292394,292394,1527.SOKAK,bus,iett_gtfs,Esenyurt,True,False
iett_292395__bus,iett_292395,292395,1527.SOKAK,bus,iett_gtfs,Esenyurt,True,False
iett_292396__bus,iett_292396,292396,HZ.İBRAHİM CAMİİ,bus,iett_gtfs,Esenyurt,True,False
iett_292397__bus,iett_292397,292397,HZ.İBRAHİM CAMİİ,bus,iett_gtfs,Esenyurt,True,False
iett_5252315__bus,iett_5252315,5252315,HZ.İBRAHİM CAMİ,bus,iett_gtfs,Esenyurt,True,False
iett_292398__bus,iett_292398,292398,ESENKENT,bus,iett_gtfs,Esenyurt,True,False
iett_292399__bus,iett_292399,292399,ESENKENT,bus,iett_gtfs,Esenyurt,True,False
iett_292400__bus,iett_292400,292400,SİVAS KONGRE CADDESİ,bus,iett_gtfs,Esenyurt,True,False
iett_292401__bus,iett_292401,292401,SİVAS KONGRE CADDESİ,bus,iett_gtfs,Esenyurt,True,False
iett_292402__bus,iett_292402,292402,AHMET ARİF CADDESİ,bus,iett_gtfs,Esenyurt,True,False
iett_292403__bus,iett_292403,292403,AHMET ARİF CADDESİ,bus,iett_gtfs,Esenyurt,True,False
iett_292404__bus,iett_292404,292404,BAĞLARÇEŞME CADDESİ,bus,iett_gtfs,Esenyurt,True,False
iett_292406__bus,iett_292406,292406,SALI PAZARI,bus,iett_gtfs,Esenyurt,True,False
iett_292409__bus,iett_292409,292409,MERKEZ MAHALLESİ,bus,iett_gtfs,Esenyurt,True,False
iett_292410__bus,iett_292410,292410,BİRLİK CADDESİ,bus,iett_gtfs,Esenyurt,True,False
iett_292410__metrobus,iett_292410,292410,BİRLİK CADDESİ,metrobus,iett_gtfs,Esenyurt,True,True
iett_292411__bus,iett_292411,292411,BİRLİK CADDESİ,bus,iett_gtfs,Esenyurt,True,False
iett_292411__metrobus,iett_292411,292411,BİRLİK CADDESİ,metrobus,iett_gtfs,Esenyurt,True,True
iett_292412__bus,iett_292412,292412,ESENYURT DEVLET HASTANESİ,bus,iett_gtfs,Esenyurt,True,False
iett_292412__metrobus,iett_292412,292412,ESENYURT DEVLET HASTANESİ,metrobus,iett_gtfs,Esenyurt,True,True
iett_292413__bus,iett_292413,292413,ESENYURT DEVLET HASTANESİ,bus,iett_gtfs,Esenyurt,True,False
iett_292413__metrobus,iett_292413,292413,ESENYURT DEVLET HASTANESİ,metrobus,iett_gtfs,Esenyurt,True,True
iett_292414__bus,iett_292414,292414,FATİH SULTAN MEHMET CADDESİ,bus,iett_gtfs,Esenyurt,True,False
iett_292416__bus,iett_292416,292416,1000.SOKAK,bus,iett_gtfs,Esenyurt,True,False
iett_292417__bus,iett_292417,292417,1000.SOKAK,bus,iett_gtfs,Esenyurt,True,False
iett_292418__bus,iett_292418,292418,TALATPAŞA MAHALLESİ,bus,iett_gtfs,Esenyurt,True,False
iett_292419__bus,iett_292419,292419,ERDOĞANLAR İLKOKULU,bus,iett_gtfs,Esenyurt,True,False
iett_292420__bus,iett_292420,292420,ERDOĞANLAR İLKOKULU,bus,iett_gtfs,Esenyurt,True,False
iett_292421__bus,iett_292421,292421,OBA EVLERİ,bus,iett_gtfs,Esenyurt,True,False
iett_292422__bus,iett_292422,292422,OBA EVLERİ,bus,iett_gtfs,Esenyurt,True,False
iett_508938__bus,iett_508938,508938,TEM YOLU,bus,iett_gtfs,Başakşehir,True,False
iett_508938__metrobus,iett_508938,508938,TEM YOLU,metrobus,iett_gtfs,Başakşehir,True,True
iett_508939__bus,iett_508939,508939,TEM YOLU,bus,iett_gtfs,Başakşehir,True,False
iett_508940__bus,iett_508940,508940,BATI KAPISI,bus,iett_gtfs,Esenyurt,True,False
iett_508941__bus,iett_508941,508941,BATI KAPISI,bus,iett_gtfs,Başakşehir,True,False
iett_508942__bus,iett_508942,508942,KUZEY BATI KAPISI,bus,iett_gtfs,Başakşehir,True,False
iett_508943__bus,iett_508943,508943,KUZEY BATI KAPISI,bus,iett_gtfs,Esenyurt,True,False
iett_508956__bus,iett_508956,508956,BAHÇEŞEHİR CAMİİ,bus,iett_gtfs,Başakşehir,True,False
iett_508957__bus,iett_508957,508957,BAHÇEŞEHİR CAMİİ,bus,iett_gtfs,Başakşehir,True,False
iett_508958__bus,iett_508958,508958,GÜL,bus,iett_gtfs,Başakşehir,True,False
iett_508959__bus,iett_508959,508959,GÜL,bus,iett_gtfs,Başakşehir,True,False
iett_509942__bus,iett_509942,509942,YARIMBURGAZ YOLU,bus,iett_gtfs,Küçükçekmece,True,False
iett_509942__metrobus,iett_509942,509942,YARIMBURGAZ YOLU,metrobus,iett_gtfs,Küçükçekmece,True,True
iett_290502__bus,iett_290502,290502,AZİZ DEMİR,bus,iett_gtfs,Büyükçekmece,True,False
iett_292424__bus,iett_292424,292424,AZİZ DEMİR,bus,iett_gtfs,Esenyurt,True,False
iett_290503__bus,iett_290503,290503,SAN-BİR 2,bus,iett_gtfs,Büyükçekmece,True,False
iett_292425__bus,iett_292425,292425,SAN-BİR 2,bus,iett_gtfs,Esenyurt,True,False
iett_509943__bus,iett_509943,509943,LALE,bus,iett_gtfs,Küçükçekmece,True,False
iett_509944__bus,iett_509944,509944,LALE,bus,iett_gtfs,Küçükçekmece,True,False
iett_509945__bus,iett_509945,509945,GÜL,bus,iett_gtfs,Küçükçekmece,True,False
iett_509946__bus,iett_509946,509946,GÜL,bus,iett_gtfs,Küçükçekmece,True,False
iett_509585__bus,iett_509585,509585,YEŞİLKENT,bus,iett_gtfs,Avcılar,True,False
iett_290505__bus,iett_290505,290505,ADNAN KAHVECİ BULVARI,bus,iett_gtfs,Büyükçekmece,True,False
iett_290508__bus,iett_290508,290508,CENGİZ TOPEL CADDESİ,bus,iett_gtfs,Büyükçekmece,True,False
iett_290510__bus,iett_290510,290510,FATİH SULTAN MEHMET ORTAOKULU,bus,iett_gtfs,Büyükçekmece,True,False
iett_290512__bus,iett_290512,290512,PALMİYE MEYDANI,bus,iett_gtfs,Büyükçekmece,True,False
iett_290513__bus,iett_290513,290513,ALBATROS,bus,iett_gtfs,Büyükçekmece,True,False
iett_290514__bus,iett_290514,290514,ALBATROS,bus,iett_gtfs,Büyükçekmece,True,False
iett_509587__bus,iett_509587,509587,BALIKLIYOLU CADDESİ,bus,iett_gtfs,Avcılar,True,False
iett_292427__bus,iett_292427,292427,CEYLAN SOKAK,bus,iett_gtfs,Esenyurt,True,False
iett_292429__bus,iett_292429,292429,OZANLAR CADDESİ,bus,iett_gtfs,Avcılar,True,False
iett_292430__bus,iett_292430,292430,OZANLAR CADDESİ,bus,iett_gtfs,Esenyurt,True,False
iett_292431__bus,iett_292431,292431,ŞAİR SOKAK,bus,iett_gtfs,Avcılar,True,False
iett_292433__bus,iett_292433,292433,İNÖNÜ MAHALLESİ,bus,iett_gtfs,Esenyurt,True,False
iett_292435__bus,iett_292435,292435,ŞEHİT HAKAN KARAKURT,bus,iett_gtfs,Esenyurt,True,False
iett_292437__bus,iett_292437,292437,AMASYALILAR CADDESİ,bus,iett_gtfs,Esenyurt,True,False
iett_291146__bus,iett_291146,291146,CUMHURİYET MAHALLESİ,bus,iett_gtfs,Beylikdüzü,True,False
iett_291146__metrobus,iett_291146,291146,CUMHURİYET MAHALLESİ,metrobus,iett_gtfs,Beylikdüzü,True,True
iett_292439__bus,iett_292439,292439,CUMHURİYET MAHALLESİ,bus,iett_gtfs,Esenyurt,True,False
iett_292439__metrobus,iett_292439,292439,CUMHURİYET MAHALLESİ,metrobus,iett_gtfs,Esenyurt,True,True
iett_509949__bus,iett_509949,509949,ŞEHİT MURAT KOCATÜRK,bus,iett_gtfs,Küçükçekmece,True,False
iett_509951__bus,iett_509951,509951,MEHMET AKİF İNAN İMAM HATİP ORTAOKULU,bus,iett_gtfs,Küçükçekmece,True,False
iett_509953__bus,iett_509953,509953,AŞIK VEYSEL,bus,iett_gtfs,Küçükçekmece,True,False
iett_509955__bus,iett_509955,509955,KÜÇÜKÇEKMECE ANADOLU LİSESİ,bus,iett_gtfs,Küçükçekmece,True,False
iett_509957__bus,iett_509957,509957,MENEKŞE SİTESİ,bus,iett_gtfs,Küçükçekmece,True,False
iett_509958__bus,iett_509958,509958,MENEKŞE SİTESİ,bus,iett_gtfs,Küçükçekmece,True,False
iett_509959__bus,iett_509959,509959,4.CADDE,bus,iett_gtfs,Küçükçekmece,True,False
iett_509960__bus,iett_509960,509960,4.CADDE,bus,iett_gtfs,Küçükçekmece,True,False
iett_508980__bus,iett_508980,508980,BOĞAZKÖY EVLERİ,bus,iett_gtfs,Başakşehir,True,False
iett_508982__bus,iett_508982,508982,KARŞIYAKA,bus,iett_gtfs,Başakşehir,True,False
iett_508983__bus,iett_508983,508983,KARŞIYAKA,bus,iett_gtfs,Başakşehir,True,False
iett_509963__bus,iett_509963,509963,ORDU CADDESİ,bus,iett_gtfs,Küçükçekmece,True,False
iett_509964__bus,iett_509964,509964,YARIMBURGAZ CADDESİ,bus,iett_gtfs,Küçükçekmece,True,False
iett_292440__metrobus,iett_292440,292440,HACI BAYRAM VELİ CADDESİ,metrobus,iett_gtfs,Esenyurt,True,True
iett_292441__metrobus,iett_292441,292441,HACI BAYRAM VELİ CADDESİ,metrobus,iett_gtfs,Esenyurt,True,True
iett_292442__metrobus,iett_292442,292442,1866.SOKAK,metrobus,iett_gtfs,Esenyurt,True,True
iett_292443__metrobus,iett_292443,292443,1866.SOKAK,metrobus,iett_gtfs,Esenyurt,True,True
iett_292445__metrobus,iett_292445,292445,1817.SOKAK,metrobus,iett_gtfs,Esenyurt,True,True
iett_509965__bus,iett_509965,509965,MARMARA SANAYİ A KAPISI,bus,iett_gtfs,Küçükçekmece,True,False
iett_509965__metrobus,iett_509965,509965,MARMARA SANAYİ A KAPISI,metrobus,iett_gtfs,Küçükçekmece,True,True
iett_509966__bus,iett_509966,509966,MARMARA SANAYİ A KAPISI,bus,iett_gtfs,Küçükçekmece,True,False
iett_509966__metrobus,iett_509966,509966,MARMARA SANAYİ A KAPISI,metrobus,iett_gtfs,Küçükçekmece,True,True
iett_509589__bus,iett_509589,509589,FİRUZKÖY BULVARI,bus,iett_gtfs,Avcılar,True,False
iett_509967__bus,iett_509967,509967,DR.SADIK AHMET CADDESİ,bus,iett_gtfs,Küçükçekmece,True,False
iett_509968__bus,iett_509968,509968,KAPTAN,bus,iett_gtfs,Küçükçekmece,True,False
iett_290561__bus,iett_290561,290561,GAZİ MUSTAFA KEMAL CADDESİ,bus,iett_gtfs,Büyükçekmece,True,False
iett_290562__bus,iett_290562,290562,GAZİ MUSTAFA KEMAL CADDESİ,bus,iett_gtfs,Büyükçekmece,True,False
iett_292446__metrobus,iett_292446,292446,MEHTERÇEŞME,metrobus,iett_gtfs,Esenyurt,True,True
iett_292447__metrobus,iett_292447,292447,MEHTERÇEŞME,metrobus,iett_gtfs,Esenyurt,True,True
iett_509970__bus,iett_509970,509970,DOĞA PARKI,bus,iett_gtfs,Küçükçekmece,True,False
iett_509972__bus,iett_509972,509972,KARDELEN,bus,iett_gtfs,Küçükçekmece,True,False
iett_509974__bus,iett_509974,509974,NERGİZ,bus,iett_gtfs,Küçükçekmece,True,False
iett_509975__bus,iett_509975,509975,NERGİZ,bus,iett_gtfs,Küçükçekmece,True,False
iett_509976__bus,iett_509976,509976,KUZEY KAPISI,bus,iett_gtfs,Küçükçekmece,True,False
iett_509977__bus,iett_509977,509977,KUZEY KAPISI,bus,iett_gtfs,Küçükçekmece,True,False
iett_509978__bus,iett_509978,509978,ATAKENT 3.ETAP,bus,iett_gtfs,Küçükçekmece,True,False
iett_509979__bus,iett_509979,509979,ATAKENT 3.ETAP,bus,iett_gtfs,Küçükçekmece,True,False
iett_509980__bus,iett_509980,509980,DOĞAN CÜCELOĞLU FEN LİSESİ,bus,iett_gtfs,Küçükçekmece,True,False
iett_509981__bus,iett_509981,509981,DOĞAN CÜCELOĞLU FEN LİSESİ,bus,iett_gtfs,Küçükçekmece,True,False
iett_292454__bus,iett_292454,292454,HALKKENT SİTESİ,bus,iett_gtfs,Esenyurt,True,False
iett_292455__bus,iett_292455,292455,HALKKENT SİTESİ,bus,iett_gtfs,Esenyurt,True,False
iett_509984__bus,iett_509984,509984,MEHMET AKİF ERSOY EĞİTİM VE ARAŞTIRMA HASTANESİ,bus,iett_gtfs,Küçükçekmece,True,False
iett_509984__metrobus,iett_509984,509984,MEHMET AKİF ERSOY EĞİTİM VE ARAŞTIRMA HASTANESİ,metrobus,iett_gtfs,Küçükçekmece,True,True
iett_509985__bus,iett_509985,509985,MEHMET AKİF ERSOY EĞİTİM VE ARAŞTIRMA HASTANESİ,bus,iett_gtfs,Küçükçekmece,True,False
iett_509985__metrobus,iett_509985,509985,MEHMET AKİF ERSOY EĞİTİM VE ARAŞTIRMA HASTANESİ,metrobus,iett_gtfs,Küçükçekmece,True,True
iett_509590__bus,iett_509590,509590,TURGUT ÖZAL MAHALLESİ,bus,iett_gtfs,Esenyurt,True,False
iett_509591__bus,iett_509591,509591,TURGUT ÖZAL MAHALLESİ,bus,iett_gtfs,Avcılar,True,False
iett_292468__bus,iett_292468,292468,KİPTAŞ EVLERİ,bus,iett_gtfs,Esenyurt,True,False
iett_292469__bus,iett_292469,292469,KİPTAŞ EVLERİ,bus,iett_gtfs,Esenyurt,True,False
iett_292470__bus,iett_292470,292470,ALİ KUL LİSESİ,bus,iett_gtfs,Esenyurt,True,False
iett_292471__bus,iett_292471,292471,ALİ KUL LİSESİ,bus,iett_gtfs,Esenyurt,True,False
iett_292472__bus,iett_292472,292472,TONGUÇBABA CADDESİ,bus,iett_gtfs,Esenyurt,True,False
iett_292474__bus,iett_292474,292474,ÇİMENTEPE,bus,iett_gtfs,Esenyurt,True,False
iett_292475__bus,iett_292475,292475,ÇİMENTEPE,bus,iett_gtfs,Esenyurt,True,False
iett_292476__bus,iett_292476,292476,ADİLE NAŞİT CADDESİ,bus,iett_gtfs,Esenyurt,True,False
iett_292477__bus,iett_292477,292477,ADİLE NAŞİT CADDESİ,bus,iett_gtfs,Esenyurt,True,False
iett_509592__bus,iett_509592,509592,HASTANE,bus,iett_gtfs,Avcılar,True,False
iett_509593__bus,iett_509593,509593,HASTANE,bus,iett_gtfs,Avcılar,True,False
iett_509594__bus,iett_509594,509594,MUSTAFA KEMALPAŞA MAHALLESİ,bus,iett_gtfs,Avcılar,True,False
iett_509595__bus,iett_509595,509595,ÜNİVERSİTE MAHALLESİ,bus,iett_gtfs,Avcılar,True,False
iett_509596__bus,iett_509596,509596,ÜNİVERSİTE MAHALLESİ,bus,iett_gtfs,Avcılar,True,False
iett_509597__bus,iett_509597,509597,AVCILAR İGDAŞ,bus,iett_gtfs,Avcılar,True,False
iett_509598__bus,iett_509598,509598,AVCILAR İGDAŞ,bus,iett_gtfs,Avcılar,True,False
iett_509599__bus,iett_509599,509599,ORHANGAZİ CADDESİ,bus,iett_gtfs,Avcılar,True,False
iett_509600__bus,iett_509600,509600,ORHANGAZİ CADDESİ,bus,iett_gtfs,Avcılar,True,False
iett_509601__bus,iett_509601,509601,BORUSAN OTOMOTİV,bus,iett_gtfs,Avcılar,True,False
iett_509602__bus,iett_509602,509602,BORUSAN OTOMOTİV,bus,iett_gtfs,Avcılar,True,False
iett_509607__bus,iett_509607,509607,ÜNİVERSİTE MAHALLESİ,bus,iett_gtfs,Avcılar,True,False
iett_292479__bus,iett_292479,292479,YONCA CADDESİ,bus,iett_gtfs,Esenyurt,True,False
iett_290569__bus,iett_290569,290569,BÜYÜKÇEKMECE ATATÜRK ANADOLU LİSESİ,bus,iett_gtfs,Büyükçekmece,True,False
iett_290570__bus,iett_290570,290570,SOYDAN SOKAK,bus,iett_gtfs,Büyükçekmece,True,False
iett_509995__bus,iett_509995,509995,ÇİMENTEPE,bus,iett_gtfs,Küçükçekmece,True,False
iett_509996__bus,iett_509996,509996,ÇİMENTEPE,bus,iett_gtfs,Küçükçekmece,True,False
iett_509997__bus,iett_509997,509997,AĞAÇLI,bus,iett_gtfs,Küçükçekmece,True,False
iett_509998__bus,iett_509998,509998,AĞAÇLI,bus,iett_gtfs,Küçükçekmece,True,False
iett_509007__bus,iett_509007,509007,ALAÇAYIR,bus,iett_gtfs,Başakşehir,True,False
iett_509008__bus,iett_509008,509008,ALAÇAYIR,bus,iett_gtfs,Başakşehir,True,False
iett_509009__bus,iett_509009,509009,KARANFİL,bus,iett_gtfs,Başakşehir,True,False
iett_509009__metrobus,iett_509009,509009,KARANFİL,metrobus,iett_gtfs,Başakşehir,True,True
iett_509611__metrobus,iett_509611,509611,BİR İSTANBUL SİTESİ,metrobus,iett_gtfs,Avcılar,True,True
iett_509612__bus,iett_509612,509612,PEHLİVAN CADDESİ,bus,iett_gtfs,Avcılar,True,False
iett_292481__bus,iett_292481,292481,EVREN SANAYİ SİTESİ,bus,iett_gtfs,Esenyurt,True,False
iett_292481__metrobus,iett_292481,292481,EVREN SANAYİ SİTESİ,metrobus,iett_gtfs,Esenyurt,True,True
iett_292482__bus,iett_292482,292482,EVREN SANAYİ SİTESİ,bus,iett_gtfs,Esenyurt,True,False
iett_292482__metrobus,iett_292482,292482,EVREN SANAYİ SİTESİ,metrobus,iett_gtfs,Esenyurt,True,True
iett_292229__bus,iett_292229,292229,MOBİLYACILAR SİTESİ,bus,iett_gtfs,Esenyurt,True,False
iett_292484__bus,iett_292484,292484,MOBİLYACILAR SİTESİ,bus,iett_gtfs,Esenyurt,True,False
iett_292484__metrobus,iett_292484,292484,MOBİLYACILAR SİTESİ,metrobus,iett_gtfs,Esenyurt,True,True
iett_292485__bus,iett_292485,292485,ESENKENT PARK,bus,iett_gtfs,Esenyurt,True,False
iett_292485__metrobus,iett_292485,292485,ESENKENT PARK,metrobus,iett_gtfs,Esenyurt,True,True
iett_579207__bus,iett_579207,579207,MAHMUTBEY İSKİ,bus,iett_gtfs,Bağcılar,True,False
iett_579207__metrobus,iett_579207,579207,MAHMUTBEY İSKİ,metrobus,iett_gtfs,Bağcılar,True,True
iett_292491__bus,iett_292491,292491,ARDIÇLIEVLER,bus,iett_gtfs,Esenyurt,True,False
iett_292491__metrobus,iett_292491,292491,ARDIÇLIEVLER,metrobus,iett_gtfs,Esenyurt,True,True
iett_292492__bus,iett_292492,292492,ARDIÇLIEVLER,bus,iett_gtfs,Esenyurt,True,False
iett_292492__metrobus,iett_292492,292492,ARDIÇLIEVLER,metrobus,iett_gtfs,Esenyurt,True,True
iett_292224__bus,iett_292224,292224,ESENYURT,bus,iett_gtfs,Esenyurt,True,False
iett_509614__bus,iett_509614,509614,LALE,bus,iett_gtfs,Avcılar,True,False
iett_510008__metrobus,iett_510008,510008,KONUTBİRLİK EHLİBEYT CAMİİ,metrobus,iett_gtfs,Küçükçekmece,True,True
iett_510009__metrobus,iett_510009,510009,KONUTBİRLİK EHLİBEYT CAMİİ,metrobus,iett_gtfs,Küçükçekmece,True,True
iett_509616__bus,iett_509616,509616,MUSTAFA KEMALPAŞA MAHALLESİ,bus,iett_gtfs,Avcılar,True,False
iett_509618__bus,iett_509618,509618,FIRIN,bus,iett_gtfs,Avcılar,True,False
iett_509618__metrobus,iett_509618,509618,FIRIN,metrobus,iett_gtfs,Avcılar,True,True
iett_509619__bus,iett_509619,509619,FIRIN,bus,iett_gtfs,Avcılar,True,False
iett_509619__metrobus,iett_509619,509619,FIRIN,metrobus,iett_gtfs,Avcılar,True,True
iett_510010__bus,iett_510010,510010,ALTINŞEHİR MEZARLIĞI,bus,iett_gtfs,Küçükçekmece,True,False
iett_510010__metrobus,iett_510010,510010,ALTINŞEHİR MEZARLIĞI,metrobus,iett_gtfs,Küçükçekmece,True,True
iett_509026__bus,iett_509026,509026,MASKO 1,bus,iett_gtfs,Başakşehir,True,False
iett_509027__bus,iett_509027,509027,MASKO 1,bus,iett_gtfs,Başakşehir,True,False
iett_509028__bus,iett_509028,509028,MASKO 2,bus,iett_gtfs,Başakşehir,True,False
iett_509029__bus,iett_509029,509029,MASKO 2,bus,iett_gtfs,Başakşehir,True,False
iett_509030__bus,iett_509030,509030,MASKO 3,bus,iett_gtfs,Başakşehir,True,False
iett_509030__metrobus,iett_509030,509030,MASKO 3,metrobus,iett_gtfs,Başakşehir,True,True
iett_510011__bus,iett_510011,510011,OLYMPİAKENT,bus,iett_gtfs,Küçükçekmece,True,False
iett_510012__bus,iett_510012,510012,OLYMPİAKENT,bus,iett_gtfs,Küçükçekmece,True,False
iett_291153__bus,iett_291153,291153,BEYLİKDÜZÜ,bus,iett_gtfs,Beylikdüzü,True,False
iett_291196__bus,iett_291196,291196,BEYLİKDÜZÜ,bus,iett_gtfs,Esenyurt,True,False
iett_579218__metrobus,iett_579218,579218,YEL DEĞİRMENİ,metrobus,iett_gtfs,Bağcılar,True,True
iett_579219__metrobus,iett_579219,579219,YEL DEĞİRMENİ,metrobus,iett_gtfs,Bağcılar,True,True
iett_292495__bus,iett_292495,292495,BELEDİYE ALT GEÇİDİ,bus,iett_gtfs,Esenyurt,True,False
iett_292496__bus,iett_292496,292496,BELEDİYE ALT GEÇİDİ,bus,iett_gtfs,Esenyurt,True,False
iett_509031__bus,iett_509031,509031,İSTOÇ YOLU,bus,iett_gtfs,Başakşehir,True,False
iett_510026__bus,iett_510026,510026,ŞEHİT MÜNÜR ALKAN,bus,iett_gtfs,Küçükçekmece,True,False
iett_510026__metrobus,iett_510026,510026,ŞEHİT MÜNÜR ALKAN,metrobus,iett_gtfs,Küçükçekmece,True,True
iett_510027__bus,iett_510027,510027,ŞEHİT MÜNÜR ALKAN,bus,iett_gtfs,Küçükçekmece,True,False
iett_510027__metrobus,iett_510027,510027,ŞEHİT MÜNÜR ALKAN,metrobus,iett_gtfs,Küçükçekmece,True,True
iett_291197__bus,iett_291197,291197,HARAMİDERE,bus,iett_gtfs,Beylikdüzü,True,False
iett_292503__bus,iett_292503,292503,HARAMİDERE,bus,iett_gtfs,Esenyurt,True,False
iett_509042__bus,iett_509042,509042,FUNDA,bus,iett_gtfs,Başakşehir,True,False
iett_509043__bus,iett_509043,509043,FUNDA,bus,iett_gtfs,Başakşehir,True,False
iett_510028__bus,iett_510028,510028,GÜVERCİN CADDESİ,bus,iett_gtfs,Küçükçekmece,True,False
iett_510029__bus,iett_510029,510029,19.SOKAK,bus,iett_gtfs,Küçükçekmece,True,False
iett_510030__bus,iett_510030,510030,19.SOKAK,bus,iett_gtfs,Küçükçekmece,True,False
iett_510034__bus,iett_510034,510034,KANARYA İSTASYONU,bus,iett_gtfs,Küçükçekmece,True,False
iett_510042__bus,iett_510042,510042,ATAKENT,bus,iett_gtfs,Küçükçekmece,True,False
iett_510076__bus,iett_510076,510076,ATAKENT,bus,iett_gtfs,Küçükçekmece,True,False
iett_659228__bus,iett_659228,659228,MECİDİYEKÖY METROBÜS,bus,iett_gtfs,Şişli,True,False
iett_292506__bus,iett_292506,292506,HALİL FAHRİ ORMAN İLKOKULU,bus,iett_gtfs,Esenyurt,True,False
iett_292507__bus,iett_292507,292507,HALİL FAHRİ ORMAN İLKOKULU,bus,iett_gtfs,Esenyurt,True,False
iett_292508__bus,iett_292508,292508,MEHMET ÇAVUŞ CADDESİ,bus,iett_gtfs,Esenyurt,True,False
iett_292509__bus,iett_292509,292509,MEHMET ÇAVUŞ CADDESİ,bus,iett_gtfs,Esenyurt,True,False
iett_292510__bus,iett_292510,292510,26.SOKAK,bus,iett_gtfs,Esenyurt,True,False
iett_292512__bus,iett_292512,292512,HALİL FAHRİ ORMAN CADDESİ,bus,iett_gtfs,Esenyurt,True,False
iett_292514__bus,iett_292514,292514,ALKOP CAMİİ,bus,iett_gtfs,Esenyurt,True,False
iett_292515__bus,iett_292515,292515,ALKOP CAMİİ,bus,iett_gtfs,Esenyurt,True,False
iett_292516__bus,iett_292516,292516,DEPO,bus,iett_gtfs,Esenyurt,True,False
iett_292517__bus,iett_292517,292517,DEPO,bus,iett_gtfs,Esenyurt,True,False
iett_292518__bus,iett_292518,292518,TUĞRA,bus,iett_gtfs,Esenyurt,True,False
iett_292519__bus,iett_292519,292519,TUĞRA,bus,iett_gtfs,Esenyurt,True,False
iett_578296__bus,iett_578296,578296,MERCEDES BULVARI,bus,iett_gtfs,Başakşehir,True,False
iett_292520__bus,iett_292520,292520,MEHMET ZAHİT KOTKU CAMİİ,bus,iett_gtfs,Esenyurt,True,False
iett_292523__bus,iett_292523,292523,YILDIZ,bus,iett_gtfs,Esenyurt,True,False
iett_292524__bus,iett_292524,292524,KİPTAŞ ÇIKIŞ,bus,iett_gtfs,Esenyurt,True,False
iett_292525__bus,iett_292525,292525,TERAS EVLER,bus,iett_gtfs,Esenyurt,True,False
iett_292526__bus,iett_292526,292526,TERAS EVLER,bus,iett_gtfs,Esenyurt,True,False
iett_509050__bus,iett_509050,509050,BAYRAMTEPE ÜST GEÇİT,bus,iett_gtfs,Başakşehir,True,False
iett_509050__metrobus,iett_509050,509050,BAYRAMTEPE ÜST GEÇİT,metrobus,iett_gtfs,Başakşehir,True,True
iett_509629__bus,iett_509629,509629,ÇORUH SOKAK,bus,iett_gtfs,Avcılar,True,False
iett_509630__bus,iett_509630,509630,ÇORUH SOKAK,bus,iett_gtfs,Başakşehir,True,False
iett_509631__bus,iett_509631,509631,FIRAT CADDESİ,bus,iett_gtfs,Avcılar,True,False
iett_509053__bus,iett_509053,509053,FIRAT CADDESİ,bus,iett_gtfs,Başakşehir,True,False
iett_509633__bus,iett_509633,509633,BİZİMEVLER 1,bus,iett_gtfs,Avcılar,True,False
iett_509634__bus,iett_509634,509634,BİZİMEVLER 1,bus,iett_gtfs,Avcılar,True,False
iett_509060__bus,iett_509060,509060,HOŞDERE YOLU,bus,iett_gtfs,Başakşehir,True,False
iett_510043__bus,iett_510043,510043,TOKİ KONUTLARI,bus,iett_gtfs,Küçükçekmece,True,False
iett_510044__bus,iett_510044,510044,TOKİ KONUTLARI,bus,iett_gtfs,Küçükçekmece,True,False
iett_579996__bus,iett_579996,579996,BEŞİKTAŞ STADYUMU,bus,iett_gtfs,Beşiktaş,True,False
iett_509637__bus,iett_509637,509637,TAHTAKALE,bus,iett_gtfs,Avcılar,True,False
iett_509637__metrobus,iett_509637,509637,TAHTAKALE,metrobus,iett_gtfs,Avcılar,True,True
iett_509638__bus,iett_509638,509638,TAHTAKALE,bus,iett_gtfs,Avcılar,True,False
iett_509638__metrobus,iett_509638,509638,TAHTAKALE,metrobus,iett_gtfs,Avcılar,True,True
iett_292536__bus,iett_292536,292536,TALATPAŞA CADDESİ,bus,iett_gtfs,Esenyurt,True,False
iett_292537__bus,iett_292537,292537,TALATPAŞA CADDESİ,bus,iett_gtfs,Esenyurt,True,False
iett_292538__bus,iett_292538,292538,BAHÇEYOLU CADDESİ,bus,iett_gtfs,Esenyurt,True,False
iett_292538__metrobus,iett_292538,292538,BAHÇEYOLU CADDESİ,metrobus,iett_gtfs,Esenyurt,True,True
iett_292539__bus,iett_292539,292539,ESENYURT GEÇİT,bus,iett_gtfs,Esenyurt,True,False
iett_292539__metrobus,iett_292539,292539,ESENYURT GEÇİT,metrobus,iett_gtfs,Esenyurt,True,True
iett_292540__bus,iett_292540,292540,ESENYURT GEÇİT,bus,iett_gtfs,Esenyurt,True,False
iett_292540__metrobus,iett_292540,292540,ESENYURT GEÇİT,metrobus,iett_gtfs,Esenyurt,True,True
iett_510046__bus,iett_510046,510046,LALE ŞEHİR,bus,iett_gtfs,Küçükçekmece,True,False
iett_510047__bus,iett_510047,510047,LALE ŞEHİR,bus,iett_gtfs,Küçükçekmece,True,False
iett_510059__bus,iett_510059,510059,KANUNİ SULTAN SÜLEYMAN EĞİTİM VE ARAŞTIRMA HASTANESİ GİRİŞİ,bus,iett_gtfs,Küçükçekmece,True,False
iett_510059__metrobus,iett_510059,510059,KANUNİ SULTAN SÜLEYMAN EĞİTİM VE ARAŞTIRMA HASTANESİ GİRİŞİ,metrobus,iett_gtfs,Küçükçekmece,True,True
iett_510060__bus,iett_510060,510060,KANUNİ SULTAN SÜLEYMAN EĞİTİM VE ARAŞTIRMA HASTANESİ GİRİŞİ,bus,iett_gtfs,Küçükçekmece,True,False
iett_510060__metrobus,iett_510060,510060,KANUNİ SULTAN SÜLEYMAN EĞİTİM VE ARAŞTIRMA HASTANESİ GİRİŞİ,metrobus,iett_gtfs,Küçükçekmece,True,True
iett_292541__bus,iett_292541,292541,YUNUS EMRE PARKI,bus,iett_gtfs,Esenyurt,True,False
iett_292542__bus,iett_292542,292542,YUNUS EMRE PARKI ,bus,iett_gtfs,Esenyurt,True,False
iett_509073__bus,iett_509073,509073,ATA KORULUĞU,bus,iett_gtfs,Başakşehir,True,False
iett_510062__bus,iett_510062,510062,TED KOLEJİ,bus,iett_gtfs,Küçükçekmece,True,False
iett_509082__bus,iett_509082,509082,ORGANİZE SANAYİ SİTESİ 1,bus,iett_gtfs,Başakşehir,True,False
iett_292545__bus,iett_292545,292545,ESENKENT GİRİŞİ,bus,iett_gtfs,Esenyurt,True,False
iett_292548__bus,iett_292548,292548,CEMAL PAŞA CADDESİ,bus,iett_gtfs,Esenyurt,True,False
iett_292549__bus,iett_292549,292549,AQUA DOLPHİN,bus,iett_gtfs,Esenyurt,True,False
iett_291695__bus,iett_291695,291695,HEYBETLİ SOKAK,bus,iett_gtfs,Arnavutköy,True,False
iett_509092__bus,iett_509092,509092,TEM YOLU 2,bus,iett_gtfs,Başakşehir,True,False
iett_509094__bus,iett_509094,509094,BOĞAZKÖY MERKEZ CAMİİ,bus,iett_gtfs,Başakşehir,True,False
iett_509095__bus,iett_509095,509095,OLİMPİYAT STADI,bus,iett_gtfs,Başakşehir,True,False
iett_510065__bus,iett_510065,510065,SELÇUKLU CADDESİ,bus,iett_gtfs,Küçükçekmece,True,False
iett_292556__bus,iett_292556,292556,DOĞAN ARASLI BULVARI,bus,iett_gtfs,Esenyurt,True,False
iett_292556__metrobus,iett_292556,292556,DOĞAN ARASLI BULVARI,metrobus,iett_gtfs,Esenyurt,True,True
iett_292557__bus,iett_292557,292557,DOĞAN ARASLI BULVARI,bus,iett_gtfs,Esenyurt,True,False
iett_292557__metrobus,iett_292557,292557,DOĞAN ARASLI BULVARI,metrobus,iett_gtfs,Esenyurt,True,True
iett_290602__bus,iett_290602,290602,TABYA,bus,iett_gtfs,Büyükçekmece,True,False
iett_509642__bus,iett_509642,509642,SEYİT ONBAŞI ,bus,iett_gtfs,Avcılar,True,False
iett_5250594__bus,iett_5250594,5250594,BÜYÜKÇEKMECE,bus,iett_gtfs,Büyükçekmece,True,False
iett_292230__bus,iett_292230,292230,PAZAR YOLU,bus,iett_gtfs,Esenyurt,True,False
iett_292558__bus,iett_292558,292558,AYDIN,bus,iett_gtfs,Esenyurt,True,False
iett_510067__bus,iett_510067,510067,HALKALI POLİS MERKEZİ,bus,iett_gtfs,Küçükçekmece,True,False
iett_510067__metrobus,iett_510067,510067,HALKALI POLİS MERKEZİ,metrobus,iett_gtfs,Küçükçekmece,True,True
iett_510068__bus,iett_510068,510068,HALKALI POLİS MERKEZİ ,bus,iett_gtfs,Küçükçekmece,True,False
iett_510068__metrobus,iett_510068,510068,HALKALI POLİS MERKEZİ ,metrobus,iett_gtfs,Küçükçekmece,True,True
iett_290319__bus,iett_290319,290319,FATİH MAHALLESİ,bus,iett_gtfs,Büyükçekmece,True,False
iett_292521__bus,iett_292521,292521,ZÜMRÜT,bus,iett_gtfs,Esenyurt,True,False
iett_292522__bus,iett_292522,292522,EVREN SANAYİ 2,bus,iett_gtfs,Esenyurt,True,False
iett_292227__bus,iett_292227,292227,PARK,bus,iett_gtfs,Esenyurt,True,False
iett_292226__bus,iett_292226,292226,PARK,bus,iett_gtfs,Esenyurt,True,False
iett_509099__bus,iett_509099,509099,DELİKLİKAYA YOLU,bus,iett_gtfs,Arnavutköy,True,False
iett_807092__bus,iett_807092,807092,ESENYURT BELEDİYESİ,bus,iett_gtfs,Esenyurt,True,False
iett_578177__bus,iett_578177,578177,ORHAN GAZİ İLKOKULU,bus,iett_gtfs,Esenyurt,True,False
iett_894735__bus,iett_894735,894735,PALMİYE MEYDANI,bus,iett_gtfs,Büyükçekmece,True,False
iett_5250312__bus,iett_5250312,5250312,DELİKLİKAYA YOLU,bus,iett_gtfs,Arnavutköy,True,False
iett_5249606__bus,iett_5249606,5249606,EGE YAKASI,bus,iett_gtfs,Küçükçekmece,True,False
iett_802069__bus,iett_802069,802069,POLİS MERKEZİ,bus,iett_gtfs,Avcılar,True,False
iett_292563__bus,iett_292563,292563,ESENKENT,bus,iett_gtfs,Esenyurt,True,False
iett_292563__metrobus,iett_292563,292563,ESENKENT,metrobus,iett_gtfs,Esenyurt,True,True
iett_5249579__bus,iett_5249579,5249579,GÖL PANORAMA,bus,iett_gtfs,Avcılar,True,False
iett_5249579__metrobus,iett_5249579,5249579,GÖL PANORAMA,metrobus,iett_gtfs,Avcılar,True,True
iett_579925__metrobus,iett_579925,579925,HALICIOĞLU 3,metrobus,iett_gtfs,Beyoğlu,True,True
iett_5249806__bus,iett_5249806,5249806,NECMİ KADIOĞLU STADI,bus,iett_gtfs,Esenyurt,True,False
iett_5249812__metrobus,iett_5249812,5249812,KÖPRÜ,metrobus,iett_gtfs,Esenyurt,True,True
iett_5250036__bus,iett_5250036,5250036,ISPARTAKULE BULVARI,bus,iett_gtfs,Avcılar,True,False
iett_5250084__bus,iett_5250084,5250084,TATARCIK PARKI,bus,iett_gtfs,Başakşehir,True,False
iett_5250085__bus,iett_5250085,5250085,TATARCIK PARKI,bus,iett_gtfs,Başakşehir,True,False
iett_5250150__bus,iett_5250150,5250150,HACI KAMİL DEMİRÖZ CAMİİ,bus,iett_gtfs,Başakşehir,True,False
iett_5250187__bus,iett_5250187,5250187,HADIMKÖY-ALTINŞEHİR YOLU,bus,iett_gtfs,Başakşehir,True,False
iett_5250237__bus,iett_5250237,5250237,PROF.AZİZ ERGİN CADDESİ,bus,iett_gtfs,Küçükçekmece,True,False
iett_5250238__bus,iett_5250238,5250238,PROF.AZİZ ERGİN CADDESİ,bus,iett_gtfs,Küçükçekmece,True,False
iett_5250259__bus,iett_5250259,5250259,ASKERİ KIŞLA,bus,iett_gtfs,Başakşehir,True,False
iett_5250261__metrobus,iett_5250261,5250261,HALICIOĞLU(E5),metrobus,iett_gtfs,Beyoğlu,True,True
iett_5250308__bus,iett_5250308,5250308,HOŞDERE-BAHÇEŞEHİR YOLU,bus,iett_gtfs,Başakşehir,True,False
iett_5250309__bus,iett_5250309,5250309,HOŞDERE-BAHÇEŞEHİR YOLU,bus,iett_gtfs,Esenyurt,True,False
iett_509675__bus,iett_509675,509675,HALKALI İSTASYON CADDESİ,bus,iett_gtfs,Küçükçekmece,True,False
iett_5250434__bus,iett_5250434,5250434,ŞEHİT ASTEĞMEN FURKAN IŞIK BULVARI,bus,iett_gtfs,Başakşehir,True,False
iett_5250435__bus,iett_5250435,5250435,ŞEHİT ASTEĞMEN FURKAN IŞIK BULVARI,bus,iett_gtfs,Esenyurt,True,False
iett_5250558__bus,iett_5250558,5250558,HZ.OSMAN CAMİİ,bus,iett_gtfs,Küçükçekmece,True,False
iett_5250559__bus,iett_5250559,5250559,HZ.OSMAN CAMİİ,bus,iett_gtfs,Küçükçekmece,True,False
iett_5250570__bus,iett_5250570,5250570,BAHÇEŞEHİR KONAKLARI,bus,iett_gtfs,Başakşehir,True,False
iett_5250571__bus,iett_5250571,5250571,BAHÇEŞEHİR KONAKLARI,bus,iett_gtfs,Başakşehir,True,False
iett_5250572__bus,iett_5250572,5250572,ŞEHİT YILMAZ ÖZDEMİR CADDESİ,bus,iett_gtfs,Küçükçekmece,True,False
iett_5250573__bus,iett_5250573,5250573,ŞEHİT YILMAZ ÖZDEMİR CADDESİ,bus,iett_gtfs,Küçükçekmece,True,False
iett_5250681__bus,iett_5250681,5250681,TEMA HASTANESİ,bus,iett_gtfs,Küçükçekmece,True,False
iett_5250923__bus,iett_5250923,5250923,GÖKKUŞAĞI SOKAK,bus,iett_gtfs,Avcılar,True,False
iett_5250924__bus,iett_5250924,5250924,EZGİ SOKAK,bus,iett_gtfs,Avcılar,True,False
iett_5251002__bus,iett_5251002,5251002,ÇAMELİ SOKAK,bus,iett_gtfs,Başakşehir,True,False
iett_5251003__bus,iett_5251003,5251003,ÇAMELİ SOKAK,bus,iett_gtfs,Başakşehir,True,False
iett_5251004__bus,iett_5251004,5251004,İSMET İNÖNÜ CADDESİ,bus,iett_gtfs,Başakşehir,True,False
iett_5251049__bus,iett_5251049,5251049,OKUL BÖLGESİ,bus,iett_gtfs,Küçükçekmece,True,False
iett_5251050__bus,iett_5251050,5251050,OKUL BÖLGESİ,bus,iett_gtfs,Küçükçekmece,True,False
iett_5251091__bus,iett_5251091,5251091,513. SOKAK,bus,iett_gtfs,Esenyurt,True,False
iett_5251091__metrobus,iett_5251091,5251091,513. SOKAK,metrobus,iett_gtfs,Esenyurt,True,True
iett_5251092__metrobus,iett_5251092,5251092,ATLI MEYDANI,metrobus,iett_gtfs,Esenyurt,True,True
iett_5251134__bus,iett_5251134,5251134,BİZİMKENT,bus,iett_gtfs,Esenyurt,True,False
iett_5251134__metrobus,iett_5251134,5251134,BİZİMKENT,metrobus,iett_gtfs,Esenyurt,True,True
iett_5251152__bus,iett_5251152,5251152,1033. SOKAK,bus,iett_gtfs,Esenyurt,True,False
iett_5251177__bus,iett_5251177,5251177,DENİZ MÜZESİ ,bus,iett_gtfs,Beşiktaş,True,False
iett_5251279__bus,iett_5251279,5251279,BAHÇELER SOKAK,bus,iett_gtfs,Şişli,True,False
iett_5251284__bus,iett_5251284,5251284,3008. SOKAK,bus,iett_gtfs,Esenyurt,True,False
iett_5251285__bus,iett_5251285,5251285,3008. SOKAK,bus,iett_gtfs,Esenyurt,True,False
iett_5251347__bus,iett_5251347,5251347,ZİYA GÖKALP METRO,bus,iett_gtfs,Başakşehir,True,False
iett_5251348__bus,iett_5251348,5251348,ZİYA GÖKALP METRO,bus,iett_gtfs,Başakşehir,True,False
iett_5251366__bus,iett_5251366,5251366,648. SOKAK,bus,iett_gtfs,Avcılar,True,False
iett_5251367__bus,iett_5251367,5251367,MUHSİN YAZICIOĞLU,bus,iett_gtfs,Avcılar,True,False
iett_5251374__metrobus,iett_5251374,5251374,BALIK YOLU CADDESİ,metrobus,iett_gtfs,Esenyurt,True,True
iett_5251495__bus,iett_5251495,5251495,SANAYİ CADDESİ ,bus,iett_gtfs,Arnavutköy,True,False
iett_5251496__bus,iett_5251496,5251496,ISISO SANAYİ SİTESİ ,bus,iett_gtfs,Esenyurt,True,False
iett_5251497__bus,iett_5251497,5251497,ISISO SANAYİ SİTESİ,bus,iett_gtfs,Esenyurt,True,False
iett_5251498__bus,iett_5251498,5251498,TUNÇ CADDESİ ,bus,iett_gtfs,Esenyurt,True,False
iett_5251500__bus,iett_5251500,5251500,EMLAKKONUT BAHÇEKENT ANADOLU LİSESİ,bus,iett_gtfs,Başakşehir,True,False
iett_5251501__bus,iett_5251501,5251501,EMLAKKONUT BAHÇEKENT ANADOLU LİSESİ,bus,iett_gtfs,Başakşehir,True,False
iett_5251502__bus,iett_5251502,5251502,BAHÇEKENT,bus,iett_gtfs,Başakşehir,True,False
iett_5251503__bus,iett_5251503,5251503,BAHÇEKENT,bus,iett_gtfs,Başakşehir,True,False
iett_5251504__bus,iett_5251504,5251504,BAHÇEKENT ÇARŞI,bus,iett_gtfs,Başakşehir,True,False
iett_5251505__bus,iett_5251505,5251505,BAHÇEKENT ÇARŞI,bus,iett_gtfs,Başakşehir,True,False
iett_5251506__bus,iett_5251506,5251506,EMLAKKONUT ABDULHAMİT HAN ORTAOKULU,bus,iett_gtfs,Başakşehir,True,False
iett_5251507__bus,iett_5251507,5251507,EMLAKKONUT ABDULHAMİT HAN ORTAOKULU ,bus,iett_gtfs,Başakşehir,True,False
iett_5251508__bus,iett_5251508,5251508,ŞEHİT VEDAT BARCEĞCİ İLKOKULU,bus,iett_gtfs,Başakşehir,True,False
iett_5251509__bus,iett_5251509,5251509,ŞEHİT VEDAT BARCEĞCİ İLKOKULU ,bus,iett_gtfs,Başakşehir,True,False
iett_5251510__bus,iett_5251510,5251510,MİMAR SİNAN ÜNİVERSİTESİ,bus,iett_gtfs,Beşiktaş,True,False
iett_5251511__bus,iett_5251511,5251511,MİMAR SİNAN ÜNİVERSİTESİ,bus,iett_gtfs,Beşiktaş,True,False
iett_5251516__bus,iett_5251516,5251516,EVRİM SOKAK,bus,iett_gtfs,Arnavutköy,True,False
iett_5251517__bus,iett_5251517,5251517,EVRİM SOKAK,bus,iett_gtfs,Başakşehir,True,False
iett_5251637__bus,iett_5251637,5251637,DİKMEN SOKAK,bus,iett_gtfs,Arnavutköy,True,False
iett_5251638__bus,iett_5251638,5251638,DİKMEN SOKAK,bus,iett_gtfs,Arnavutköy,True,False
iett_5251766__bus,iett_5251766,5251766,İNÖNÜ CADDESİ,bus,iett_gtfs,Avcılar,True,False
iett_5251767__bus,iett_5251767,5251767,İNÖNÜ CADDESİ,bus,iett_gtfs,Avcılar,True,False
iett_5251817__bus,iett_5251817,5251817,VALİ RECEP YAZICIOĞLU CADDESİ,bus,iett_gtfs,Başakşehir,True,False
iett_5251818__bus,iett_5251818,5251818,VALİ RECEP YAZICIOĞLU CADDESİ,bus,iett_gtfs,Başakşehir,True,False
iett_5251959__metrobus,iett_5251959,5251959,İBB KÜÇÜKÇEKMECE ÖĞRENCİ YURDU,metrobus,iett_gtfs,Küçükçekmece,True,True
iett_5251966__bus,iett_5251966,5251966,220.SOKAK,bus,iett_gtfs,Küçükçekmece,True,False
iett_5252062__bus,iett_5252062,5252062,HOŞDERE ESENYURT YOLU,bus,iett_gtfs,Esenyurt,True,False
iett_5252063__bus,iett_5252063,5252063,HOŞDERE ESENYURT YOLU,bus,iett_gtfs,Esenyurt,True,False
iett_5252116__bus,iett_5252116,5252116,DELİKLİKAYA ALTINŞEHİR YOLU,bus,iett_gtfs,Arnavutköy,True,False
iett_5252117__bus,iett_5252117,5252117,DELİKLİKAYA ALTINŞEHİR YOLU,bus,iett_gtfs,Arnavutköy,True,False
iett_5252131__bus,iett_5252131,5252131,HADIMKÖY ÖMERLİ CADDESİ,bus,iett_gtfs,Arnavutköy,True,False
iett_5252296__bus,iett_5252296,5252296,İNÖNÜ CADDESİ,bus,iett_gtfs,Esenyurt,True,False
iett_5252297__bus,iett_5252297,5252297,İNÖNÜ CADDESİ,bus,iett_gtfs,Esenyurt,True,False
iett_5252298__bus,iett_5252298,5252298,ATALAY CADDESİ,bus,iett_gtfs,Esenyurt,True,False
iett_5252299__bus,iett_5252299,5252299,ATALAY CADDESİ,bus,iett_gtfs,Esenyurt,True,False
iett_291084__bus,iett_291084,291084,İSKİ BÜYÜKÇEKMECE ŞUBE MÜDÜRLÜĞÜ,bus,iett_gtfs,Esenyurt,True,False
iett_291084__metrobus,iett_291084,291084,İSKİ BÜYÜKÇEKMECE ŞUBE MÜDÜRLÜĞÜ,metrobus,iett_gtfs,Esenyurt,True,True
iett_291085__bus,iett_291085,291085,İSKİ BÜYÜKÇEKMECE ŞUBE MÜDÜRLÜĞÜ,bus,iett_gtfs,Beylikdüzü,True,False
iett_291085__metrobus,iett_291085,291085,İSKİ BÜYÜKÇEKMECE ŞUBE MÜDÜRLÜĞÜ,metrobus,iett_gtfs,Beylikdüzü,True,True
iett_5252581__metrobus,iett_5252581,5252581,ATATÜRK BULVARI,metrobus,iett_gtfs,Esenyurt,True,True
iett_5252582__metrobus,iett_5252582,5252582,ATATÜRK BULVARI,metrobus,iett_gtfs,Esenyurt,True,True
iett_5252649__bus,iett_5252649,5252649,ÇELEBİ MEHMET CADDESİ,bus,iett_gtfs,Esenyurt,True,False
iett_5252649__metrobus,iett_5252649,5252649,ÇELEBİ MEHMET CADDESİ,metrobus,iett_gtfs,Esenyurt,True,True
iett_5252761__bus,iett_5252761,5252761,DUMLUPINAR CADDESİ,bus,iett_gtfs,Başakşehir,True,False
iett_5252762__bus,iett_5252762,5252762,DUMLUPINAR CADDESİ,bus,iett_gtfs,Başakşehir,True,False
iett_5252763__bus,iett_5252763,5252763,ŞEHİT VEDAT BARCEĞCİ İLKOKULU,bus,iett_gtfs,Başakşehir,True,False
iett_5252764__bus,iett_5252764,5252764,ŞEHİT VEDAT BARCEĞCİ İLKOKULU,bus,iett_gtfs,Başakşehir,True,False
iett_5252765__bus,iett_5252765,5252765,PROF.DR.AZİZ SANCAR CADDESİ ,bus,iett_gtfs,Başakşehir,True,False
iett_5252766__bus,iett_5252766,5252766,PROF.DR.AZİZ SANCAR CADDESİ ,bus,iett_gtfs,Başakşehir,True,False
iett_5252767__bus,iett_5252767,5252767,MİHRABAT SOKAK,bus,iett_gtfs,Başakşehir,True,False
iett_5252768__bus,iett_5252768,5252768,MİHRABAT SOKAK,bus,iett_gtfs,Başakşehir,True,False
iett_5252769__bus,iett_5252769,5252769,EMLAK KONUT VADİ EVLERİ 2,bus,iett_gtfs,Başakşehir,True,False
iett_5252770__bus,iett_5252770,5252770,EMLAK KONUT VADİ EVLERİ 2,bus,iett_gtfs,Başakşehir,True,False
iett_5252771__bus,iett_5252771,5252771,EMLAK KONUT VADİ EVLERİ 1,bus,iett_gtfs,Başakşehir,True,False
iett_5252772__bus,iett_5252772,5252772,EMLAK KONUT VADİ EVLERİ 1,bus,iett_gtfs,Başakşehir,True,False
iett_292599__bus,iett_292599,292599,BEYKOZ ORMAN İŞLERİ,bus,iett_gtfs,Beykoz,True,False
iett_292600__bus,iett_292600,292600,BEYKOZ ORMAN İŞLERİ,bus,iett_gtfs,Beykoz,True,False
iett_292601__bus,iett_292601,292601,ŞEHİT MUSTAFA YAZICI PARKI,bus,iett_gtfs,Beykoz,True,False
iett_580034__bus,iett_580034,580034,DİNÇ SOKAK,bus,iett_gtfs,Ümraniye,True,False
iett_292604__bus,iett_292604,292604,VEYSEL KARANİ CADDESİ,bus,iett_gtfs,Beykoz,True,False
iett_292606__bus,iett_292606,292606,TAŞKÖPRÜ,bus,iett_gtfs,Beykoz,True,False
iett_292607__bus,iett_292607,292607,TAŞKÖPRÜ,bus,iett_gtfs,Beykoz,True,False
iett_292608__bus,iett_292608,292608,ÇUBUKLU EVLERİ,bus,iett_gtfs,Beykoz,True,False
iett_292610__bus,iett_292610,292610,ÇUBUKLU EVLERİ,bus,iett_gtfs,Beykoz,True,False
iett_509127__bus,iett_509127,509127,KAMER SOKAK,bus,iett_gtfs,Sancaktepe,True,False
iett_509128__bus,iett_509128,509128,KAMER SOKAK,bus,iett_gtfs,Sancaktepe,True,False
iett_509129__bus,iett_509129,509129,MUSTAFA KARAŞAHİN İLKOKULU,bus,iett_gtfs,Sancaktepe,True,False
iett_509131__bus,iett_509131,509131,ŞEHİT ABDURRAHMANGAZİ CADDESİ,bus,iett_gtfs,Sancaktepe,True,False
iett_509133__bus,iett_509133,509133,VARLIK SOKAK,bus,iett_gtfs,Sancaktepe,True,False
iett_509135__bus,iett_509135,509135,SARUHAN CAMİİ,bus,iett_gtfs,Sancaktepe,True,False
iett_509137__bus,iett_509137,509137,SABIR CADDESİ,bus,iett_gtfs,Sancaktepe,True,False
iett_290615__bus,iett_290615,290615,KADİR SOKAK,bus,iett_gtfs,Sultanbeyli,True,False
iett_290616__bus,iett_290616,290616,KADİR SOKAK,bus,iett_gtfs,Sultanbeyli,True,False
iett_290617__bus,iett_290617,290617,MEVLANA CAMİİ,bus,iett_gtfs,Sultanbeyli,True,False
iett_290618__bus,iett_290618,290618,MEVLANA CAMİİ,bus,iett_gtfs,Sultanbeyli,True,False
iett_290619__bus,iett_290619,290619,OLGUN SOKAK,bus,iett_gtfs,Sultanbeyli,True,False
iett_290621__bus,iett_290621,290621,MESCİD SOKAK,bus,iett_gtfs,Sultanbeyli,True,False
iett_290623__bus,iett_290623,290623,YONCA SOKAK,bus,iett_gtfs,Sultanbeyli,True,False
iett_290624__bus,iett_290624,290624,YONCA SOKAK,bus,iett_gtfs,Sultanbeyli,True,False
iett_290625__bus,iett_290625,290625,YAĞMUR SOKAK,bus,iett_gtfs,Sultanbeyli,True,False
iett_290627__bus,iett_290627,290627,HASANPAŞA İLKOKULU,bus,iett_gtfs,Sultanbeyli,True,False
iett_290628__bus,iett_290628,290628,HASANPAŞA İLKOKULU,bus,iett_gtfs,Sultanbeyli,True,False
iett_290631__bus,iett_290631,290631,FATİH ORTAOKULU,bus,iett_gtfs,Sultanbeyli,True,False
iett_290632__bus,iett_290632,290632,FATİH ORTAOKULU,bus,iett_gtfs,Sultanbeyli,True,False
iett_290033__bus,iett_290033,290033,ŞİMŞEK SOKAK,bus,iett_gtfs,Çekmeköy,True,False
iett_290035__bus,iett_290035,290035,KARTAL SOKAK,bus,iett_gtfs,Çekmeköy,True,False
iett_509140__bus,iett_509140,509140,PERRAN KUTMAN SARITAŞ İLKOKULU,bus,iett_gtfs,Sancaktepe,True,False
iett_681182__bus,iett_681182,681182,PULCU KULÜBESİ,bus,iett_gtfs,Üsküdar,True,False
iett_681183__bus,iett_681183,681183,PULCU KULÜBESİ,bus,iett_gtfs,Üsküdar,True,False
iett_290635__bus,iett_290635,290635,ŞEHİT KEREM ÇALIŞKANCI,bus,iett_gtfs,Sultanbeyli,True,False
iett_290636__bus,iett_290636,290636,ŞEHİT KEREM ÇALIŞKANCI,bus,iett_gtfs,Sultanbeyli,True,False
iett_290637__bus,iett_290637,290637,ÇİÇEKLİ,bus,iett_gtfs,Sultanbeyli,True,False
iett_290638__bus,iett_290638,290638,ÇİÇEKLİ,bus,iett_gtfs,Sultanbeyli,True,False
iett_683945__bus,iett_683945,683945,KALE SOKAK,bus,iett_gtfs,Çekmeköy,True,False
iett_509142__bus,iett_509142,509142,KALE SOKAK,bus,iett_gtfs,Sancaktepe,True,False
iett_292619__bus,iett_292619,292619,MİLLİ TAKIMLAR KAMPI,bus,iett_gtfs,Beykoz,True,False
iett_292621__bus,iett_292621,292621,KILIÇLI İLKOKULU,bus,iett_gtfs,Beykoz,True,False
iett_292623__bus,iett_292623,292623,SIRMAKEŞ CADDESİ,bus,iett_gtfs,Beykoz,True,False
iett_292627__bus,iett_292627,292627,ŞEHİT CENGİZ CADDESİ,bus,iett_gtfs,Beykoz,True,False
iett_292629__bus,iett_292629,292629,MAHMUT ŞEVKETPAŞA MEZARLIĞI,bus,iett_gtfs,Beykoz,True,False
iett_292631__bus,iett_292631,292631,KİRAZLIYAYLA CADDESİ,bus,iett_gtfs,Beykoz,True,False
iett_292632__bus,iett_292632,292632,KİRAZLIYAYLA CADDESİ,bus,iett_gtfs,Beykoz,True,False
iett_292633__bus,iett_292633,292633,LALEZAR SOKAK,bus,iett_gtfs,Beykoz,True,False
iett_292634__bus,iett_292634,292634,LALEZAR SOKAK,bus,iett_gtfs,Beykoz,True,False
iett_290037__bus,iett_290037,290037,ÇATALMEŞE,bus,iett_gtfs,Çekmeköy,True,False
iett_290038__bus,iett_290038,290038,ÇATALMEŞE,bus,iett_gtfs,Çekmeköy,True,False
iett_580036__bus,iett_580036,580036,İŞKUR ÜMRANİYE,bus,iett_gtfs,Ümraniye,True,False
iett_290039__bus,iett_290039,290039,214.SOKAK,bus,iett_gtfs,Çekmeköy,True,False
iett_292635__bus,iett_292635,292635,OTAĞTEPE CADDESİ,bus,iett_gtfs,Beykoz,True,False
iett_292637__bus,iett_292637,292637,RİVA,bus,iett_gtfs,Beykoz,True,False
iett_292638__bus,iett_292638,292638,YOL AĞZI,bus,iett_gtfs,Beykoz,True,False
iett_292640__bus,iett_292640,292640,ÇAMLIKTEPE,bus,iett_gtfs,Beykoz,True,False
iett_292642__bus,iett_292642,292642,YENİ MAHALLE SPOR TESİSLERİ,bus,iett_gtfs,Beykoz,True,False
iett_292645__bus,iett_292645,292645,TAŞOCAĞI,bus,iett_gtfs,Beykoz,True,False
iett_292646__bus,iett_292646,292646,TAŞOCAĞI,bus,iett_gtfs,Beykoz,True,False
iett_292647__bus,iett_292647,292647,KİREÇOCAĞI,bus,iett_gtfs,Beykoz,True,False
iett_292648__bus,iett_292648,292648,KİREÇOCAĞI,bus,iett_gtfs,Beykoz,True,False
iett_292653__bus,iett_292653,292653,KAVAKLIK,bus,iett_gtfs,Beykoz,True,False
iett_580037__bus,iett_580037,580037,AKASYA  ,bus,iett_gtfs,Ümraniye,True,False
iett_580038__bus,iett_580038,580038,AKASYA ,bus,iett_gtfs,Ümraniye,True,False
iett_292655__bus,iett_292655,292655,DÜZ KESTANE,bus,iett_gtfs,Beykoz,True,False
iett_292657__bus,iett_292657,292657,ÜMRANİYE CEZAEVİ,bus,iett_gtfs,Beykoz,True,False
iett_580039__bus,iett_580039,580039,ÜMRANİYE CEZAEVİ,bus,iett_gtfs,Ümraniye,True,False
iett_580040__bus,iett_580040,580040,ŞEHİT ÖĞRETMEN YASEMİN TEKİN İLKOKULU,bus,iett_gtfs,Ümraniye,True,False
iett_580041__bus,iett_580041,580041,ŞEHİT ÖĞRETMEN YASEMİN TEKİN İLKOKULU,bus,iett_gtfs,Ümraniye,True,False
iett_290041__bus,iett_290041,290041,SENEM SOKAK,bus,iett_gtfs,Çekmeköy,True,False
iett_290042__bus,iett_290042,290042,SENEM SOKAK,bus,iett_gtfs,Çekmeköy,True,False
iett_290043__bus,iett_290043,290043,HAMİDİYE,bus,iett_gtfs,Çekmeköy,True,False
iett_290044__bus,iett_290044,290044,HAMİDİYE,bus,iett_gtfs,Çekmeköy,True,False
iett_290045__bus,iett_290045,290045,ULUBATLI HASAN CADDESİ,bus,iett_gtfs,Çekmeköy,True,False
iett_659431__bus,iett_659431,659431,ŞAHİNBEY ATATÜRK CADDESİ,bus,iett_gtfs,Çekmeköy,True,False
iett_290048__bus,iett_290048,290048,ŞAHİNBEY ATATÜRK CADDESİ,bus,iett_gtfs,Çekmeköy,True,False
iett_290049__bus,iett_290049,290049,ÖĞRETMENLER SİTESİ,bus,iett_gtfs,Çekmeköy,True,False
iett_290050__bus,iett_290050,290050,ÖĞRETMENLER SİTESİ,bus,iett_gtfs,Çekmeköy,True,False
iett_290051__bus,iett_290051,290051,GÜVEN SİTESİ,bus,iett_gtfs,Çekmeköy,True,False
iett_290052__bus,iett_290052,290052,GÜVEN SİTESİ,bus,iett_gtfs,Çekmeköy,True,False
iett_580042__bus,iett_580042,580042,KUMRAL SOKAK,bus,iett_gtfs,Ümraniye,True,False
iett_580044__bus,iett_580044,580044,ERSAN SOKAK,bus,iett_gtfs,Ümraniye,True,False
iett_580046__bus,iett_580046,580046,SELÇUKLU SOKAK,bus,iett_gtfs,Ümraniye,True,False
iett_292658__bus,iett_292658,292658,FATİH MAHALLESİ MUHTARLIĞI,bus,iett_gtfs,Beykoz,True,False
iett_292659__bus,iett_292659,292659,FATİH MAHALLESİ MUHTARLIĞI,bus,iett_gtfs,Beykoz,True,False
iett_681188__bus,iett_681188,681188,ÇAMLICA CADDESİ,bus,iett_gtfs,Üsküdar,True,False
iett_681190__bus,iett_681190,681190,MEFKURE SOKAK,bus,iett_gtfs,Üsküdar,True,False
iett_290053__bus,iett_290053,290053,ÇATALMEŞE MUHTARLIĞI,bus,iett_gtfs,Çekmeköy,True,False
iett_290054__bus,iett_290054,290054,ÇATALMEŞE MUHTARLIĞI,bus,iett_gtfs,Çekmeköy,True,False
iett_290055__bus,iett_290055,290055,ÇAMLAR,bus,iett_gtfs,Çekmeköy,True,False
iett_290057__bus,iett_290057,290057,NİŞANTEPE 1,bus,iett_gtfs,Çekmeköy,True,False
iett_290058__bus,iett_290058,290058,NİŞANTEPE 1,bus,iett_gtfs,Çekmeköy,True,False
iett_290059__bus,iett_290059,290059,NİŞANTEPE İLKOKULU,bus,iett_gtfs,Çekmeköy,True,False
iett_290061__bus,iett_290061,290061,NİŞANTEPE CADDESİ,bus,iett_gtfs,Çekmeköy,True,False
iett_292662__bus,iett_292662,292662,EDEBALİ SOKAK,bus,iett_gtfs,Beykoz,True,False
iett_509126__bus,iett_509126,509126,TURGUT AYDIN İLKOKULU,bus,iett_gtfs,Sancaktepe,True,False
iett_290063__bus,iett_290063,290063,BENZİNLİK,bus,iett_gtfs,Çekmeköy,True,False
iett_290064__bus,iett_290064,290064,BENZİNLİK,bus,iett_gtfs,Çekmeköy,True,False
iett_290065__bus,iett_290065,290065,VAHDET SOKAK,bus,iett_gtfs,Çekmeköy,True,False
iett_290066__bus,iett_290066,290066,VAHDET SOKAK,bus,iett_gtfs,Çekmeköy,True,False
iett_290067__bus,iett_290067,290067,TURCAN SOKAK,bus,iett_gtfs,Çekmeköy,True,False
iett_290068__bus,iett_290068,290068,TURCAN SOKAK,bus,iett_gtfs,Çekmeköy,True,False
iett_290069__bus,iett_290069,290069,YUKARI BAKLACI GİRİŞİ,bus,iett_gtfs,Beykoz,True,False
iett_290070__bus,iett_290070,290070,YUKARI BAKLACI GİRİŞİ,bus,iett_gtfs,Beykoz,True,False
iett_292664__bus,iett_292664,292664,BODUR SOKAK,bus,iett_gtfs,Beykoz,True,False
iett_292666__bus,iett_292666,292666,BAKLACI MERKEZ,bus,iett_gtfs,Beykoz,True,False
iett_292668__bus,iett_292668,292668,BAKLACI CAMİİ,bus,iett_gtfs,Beykoz,True,False
iett_292670__bus,iett_292670,292670,FATİH CADDESİ,bus,iett_gtfs,Beykoz,True,False
iett_292672__bus,iett_292672,292672,ÇAMLIK,bus,iett_gtfs,Beykoz,True,False
iett_292674__bus,iett_292674,292674,TÜRKER İNANOĞLU İLKOKULU,bus,iett_gtfs,Beykoz,True,False
iett_580052__bus,iett_580052,580052,ÜMRANİYE CUMHURİYET MESLEKİ VE TEKNİK ANADOLU LİSESİ,bus,iett_gtfs,Ümraniye,True,False
iett_580053__bus,iett_580053,580053,ÜMRANİYE CUMHURİYET MESLEKİ VE TEKNİK ANADOLU LİSESİ,bus,iett_gtfs,Ümraniye,True,False
iett_290079__bus,iett_290079,290079,ŞEHİT MURAT,bus,iett_gtfs,Çekmeköy,True,False
iett_290080__bus,iett_290080,290080,ŞEHİT MURAT,bus,iett_gtfs,Çekmeköy,True,False
iett_290081__bus,iett_290081,290081,AK SOKAK,bus,iett_gtfs,Çekmeköy,True,False
iett_290083__bus,iett_290083,290083,KAVİSLİ YOL,bus,iett_gtfs,Çekmeköy,True,False
iett_290087__bus,iett_290087,290087,CUMHURİYET KÖYÜ SAPAĞI,bus,iett_gtfs,Çekmeköy,True,False
iett_290089__bus,iett_290089,290089,REŞADİYE MERKEZ CAMİİ,bus,iett_gtfs,Çekmeköy,True,False
iett_290091__bus,iett_290091,290091,REŞADİYE KÖYÜ,bus,iett_gtfs,Çekmeköy,True,False
iett_509145__bus,iett_509145,509145,SARIGAZİ KÖYİÇİ,bus,iett_gtfs,Sancaktepe,True,False
iett_509145__metrobus,iett_509145,509145,SARIGAZİ KÖYİÇİ,metrobus,iett_gtfs,Sancaktepe,True,True
iett_681194__bus,iett_681194,681194,NURBABA SOKAK,bus,iett_gtfs,Üsküdar,True,False
iett_681196__bus,iett_681196,681196,YUNUS EMRE,bus,iett_gtfs,Üsküdar,True,False
iett_681198__bus,iett_681198,681198,NURİBEY,bus,iett_gtfs,Üsküdar,True,False
iett_681200__bus,iett_681200,681200,ZİYA PAŞA,bus,iett_gtfs,Üsküdar,True,False
iett_681202__bus,iett_681202,681202,BURHANİYE MAHALLESİ,bus,iett_gtfs,Üsküdar,True,False
iett_292678__bus,iett_292678,292678,ÜMRANİYE İZCİLİK KAMPI,bus,iett_gtfs,Beykoz,True,False
iett_580056__bus,iett_580056,580056,ÜMRANİYE İZCİLİK KAMPI,bus,iett_gtfs,Ümraniye,True,False
iett_580057__bus,iett_580057,580057,DÖRTYOL,bus,iett_gtfs,Ümraniye,True,False
iett_681204__bus,iett_681204,681204,DÖRTYOL,bus,iett_gtfs,Üsküdar,True,False
iett_681206__bus,iett_681206,681206,ÜÇYOL,bus,iett_gtfs,Üsküdar,True,False
iett_580059__bus,iett_580059,580059,BAHAR SOKAK,bus,iett_gtfs,Ümraniye,True,False
iett_580061__bus,iett_580061,580061,EŞREF BİTLİS CADDESİ,bus,iett_gtfs,Ümraniye,True,False
iett_580062__bus,iett_580062,580062,EŞREF BİTLİS CADDESİ,bus,iett_gtfs,Ümraniye,True,False
iett_580063__bus,iett_580063,580063,ERZİNCAN SOKAK,bus,iett_gtfs,Ümraniye,True,False
iett_580065__bus,iett_580065,580065,KUMRU SOKAK,bus,iett_gtfs,Ümraniye,True,False
iett_580067__bus,iett_580067,580067,ZEHRA-ASIM ÜLKER ANADOLU LİSESİ,bus,iett_gtfs,Ümraniye,True,False
iett_580069__bus,iett_580069,580069,ÖZ IŞIK CADDESİ,bus,iett_gtfs,Ümraniye,True,False
iett_681208__bus,iett_681208,681208,ŞEHİT ABDULLAH TAYYİP OLÇOK,bus,iett_gtfs,Üsküdar,True,False
iett_509146__bus,iett_509146,509146,SARIGAZİ GARAJI,bus,iett_gtfs,Sancaktepe,True,False
iett_292679__bus,iett_292679,292679,KAYNARCA YOLU,bus,iett_gtfs,Beykoz,True,False
iett_509148__bus,iett_509148,509148,VEYSEL KARANİ İLKOKULU/VEYSEL KARANİ MAHALLE MUHTARLIĞI,bus,iett_gtfs,Sancaktepe,True,False
iett_509149__bus,iett_509149,509149,VEYSEL KARANİ İLKOKULU / VEYSEL KARANİ MAHALLE MUHTARLIĞI,bus,iett_gtfs,Sancaktepe,True,False
iett_509151__bus,iett_509151,509151,SULTANAHMET CAMİİ,bus,iett_gtfs,Sancaktepe,True,False
iett_509152__bus,iett_509152,509152,YEŞİL SOKAK,bus,iett_gtfs,Sancaktepe,True,False
iett_509153__bus,iett_509153,509153,YEŞİL SOKAK,bus,iett_gtfs,Sancaktepe,True,False
iett_509154__bus,iett_509154,509154,FATİH SULTAN CAMİİ,bus,iett_gtfs,Sancaktepe,True,False
iett_509155__bus,iett_509155,509155,FATİH SULTAN CAMİİ,bus,iett_gtfs,Sancaktepe,True,False
iett_509156__bus,iett_509156,509156,ULUGAZİ CADDESİ,bus,iett_gtfs,Sancaktepe,True,False
iett_292681__bus,iett_292681,292681,ŞEHİT CENGİZ,bus,iett_gtfs,Beykoz,True,False
iett_292683__bus,iett_292683,292683,AKASYALIK,bus,iett_gtfs,Beykoz,True,False
iett_292685__bus,iett_292685,292685,GÜNDOĞDU CADDESİ,bus,iett_gtfs,Beykoz,True,False
iett_292687__bus,iett_292687,292687,NENE HATUN İLKOKULU,bus,iett_gtfs,Beykoz,True,False
iett_292689__bus,iett_292689,292689,ÖRNEKKÖY MEZARLIĞI,bus,iett_gtfs,Beykoz,True,False
iett_292691__bus,iett_292691,292691,ÖRNEKKÖY,bus,iett_gtfs,Beykoz,True,False
iett_292693__bus,iett_292693,292693,ESER ÇIKMAZI,bus,iett_gtfs,Beykoz,True,False
iett_292695__bus,iett_292695,292695,ŞİRİNDERE CADDESİ,bus,iett_gtfs,Beykoz,True,False
iett_292697__bus,iett_292697,292697,GÖZDE SOKAK,bus,iett_gtfs,Beykoz,True,False
iett_292699__bus,iett_292699,292699,FATİH SULTAN MEHMET CAMİİ,bus,iett_gtfs,Beykoz,True,False
iett_292701__bus,iett_292701,292701,ŞİRİNDERE,bus,iett_gtfs,Beykoz,True,False
iett_292703__bus,iett_292703,292703,DEREYOLU,bus,iett_gtfs,Beykoz,True,False
iett_292705__bus,iett_292705,292705,ŞİRİNDERE MERKEZ CAMİİ,bus,iett_gtfs,Beykoz,True,False
iett_292707__bus,iett_292707,292707,ŞİRİNDERE KÖPRÜSÜ,bus,iett_gtfs,Beykoz,True,False
iett_292715__bus,iett_292715,292715,KÖPRÜBAŞI,bus,iett_gtfs,Beykoz,True,False
iett_292716__bus,iett_292716,292716,DÜZLÜK,bus,iett_gtfs,Beykoz,True,False
iett_292718__bus,iett_292718,292718,AHMET HAMDİ AKSEKİ CAMİİ,bus,iett_gtfs,Beykoz,True,False
iett_292719__bus,iett_292719,292719,AHMET HAMDİ AKSEKİ CAMİİ,bus,iett_gtfs,Beykoz,True,False
iett_292720__bus,iett_292720,292720,ŞEHİT SADIK ŞİŞMAN,bus,iett_gtfs,Beykoz,True,False
iett_292722__bus,iett_292722,292722,YILDIRIM SOKAK,bus,iett_gtfs,Beykoz,True,False
iett_509158__bus,iett_509158,509158,ALSANCAK CADDESİ,bus,iett_gtfs,Sancaktepe,True,False
iett_509159__bus,iett_509159,509159,ALSANCAK CADDESİ,bus,iett_gtfs,Sancaktepe,True,False
iett_509160__bus,iett_509160,509160,İNTİZAM SOKAK,bus,iett_gtfs,Sancaktepe,True,False
iett_509161__bus,iett_509161,509161,İNTİZAM SOKAK,bus,iett_gtfs,Sancaktepe,True,False
iett_509162__bus,iett_509162,509162,BEYTİ SOKAK,bus,iett_gtfs,Sancaktepe,True,False
iett_509165__bus,iett_509165,509165,KAVAKLIK,bus,iett_gtfs,Sancaktepe,True,False
iett_509166__bus,iett_509166,509166,HİLAL CADDESİ,bus,iett_gtfs,Sancaktepe,True,False
iett_509168__bus,iett_509168,509168,OSMANGAZİ CAMİİ,bus,iett_gtfs,Sancaktepe,True,False
iett_509169__bus,iett_509169,509169,OSMANGAZİ CAMİİ,bus,iett_gtfs,Sancaktepe,True,False
iett_509171__bus,iett_509171,509171,NERMİN AHMET HASOĞLU İMAM HATİP ORTAOKULU,bus,iett_gtfs,Sancaktepe,True,False
iett_509173__bus,iett_509173,509173,GENÇOSMAN CADDESİ,bus,iett_gtfs,Sancaktepe,True,False
iett_509174__bus,iett_509174,509174,GENÇOSMAN CADDESİ,bus,iett_gtfs,Sancaktepe,True,False
iett_509175__bus,iett_509175,509175,ÇATALZEYTİN,bus,iett_gtfs,Sancaktepe,True,False
iett_290639__bus,iett_290639,290639,BARAJ YOLU CADDESİ,bus,iett_gtfs,Sancaktepe,True,False
iett_509179__bus,iett_509179,509179,ÖZTEPE CADDESİ,bus,iett_gtfs,Sancaktepe,True,False
iett_580071__bus,iett_580071,580071,ÜMRANİYE EĞİTİM ARAŞTIRMA HASTANESİ,bus,iett_gtfs,Ümraniye,True,False
iett_580071__metrobus,iett_580071,580071,ÜMRANİYE EĞİTİM ARAŞTIRMA HASTANESİ,metrobus,iett_gtfs,Ümraniye,True,True
iett_5249949__bus,iett_5249949,5249949,ÜMRANİYE EĞİTİM ARAŞTIRMA HASTANESİ,bus,iett_gtfs,Ümraniye,True,False
iett_5249949__metrobus,iett_5249949,5249949,ÜMRANİYE EĞİTİM ARAŞTIRMA HASTANESİ,metrobus,iett_gtfs,Ümraniye,True,True
iett_580072__bus,iett_580072,580072,ENGELLİLER EĞİTİM MERKEZİ,bus,iett_gtfs,Ümraniye,True,False
iett_580073__bus,iett_580073,580073,ENGELLİLER EĞİTİM MERKEZİ,bus,iett_gtfs,Ümraniye,True,False
iett_509185__bus,iett_509185,509185,RECEP TAYYİP ERDOĞAN CADDESİ,bus,iett_gtfs,Sancaktepe,True,False
iett_5251046__bus,iett_5251046,5251046,RECEP TAYYİP ERDOĞAN CADDESİ,bus,iett_gtfs,Sancaktepe,True,False
iett_580074__bus,iett_580074,580074,DÖRTYOL,bus,iett_gtfs,Ümraniye,True,False
iett_580079__bus,iett_580079,580079,TAŞKARA,bus,iett_gtfs,Ümraniye,True,False
iett_580097__bus,iett_580097,580097,İMES CAMİİ,bus,iett_gtfs,Ümraniye,True,False
iett_580098__bus,iett_580098,580098,İMES CAMİİ,bus,iett_gtfs,Ümraniye,True,False
iett_290093__bus,iett_290093,290093,ÇEKMEKÖY SPOR SALONU,bus,iett_gtfs,Çekmeköy,True,False
iett_290095__bus,iett_290095,290095,DEMOKRASİ CADDESİ,bus,iett_gtfs,Çekmeköy,True,False
iett_5251115__bus,iett_5251115,5251115,DEMOKRASİ CADDESİ,bus,iett_gtfs,Çekmeköy,True,False
iett_290641__bus,iett_290641,290641,SULTANBEYLİ ANADOLU LİSESİ,bus,iett_gtfs,Sultanbeyli,True,False
iett_290642__bus,iett_290642,290642,SULTANBEYLİ ANADOLU LİSESİ,bus,iett_gtfs,Sultanbeyli,True,False
iett_290096__bus,iett_290096,290096,TAŞDELEN CUMHURİYET CADDESİ,bus,iett_gtfs,Çekmeköy,True,False
iett_509186__bus,iett_509186,509186,ÇİMEN SOKAK,bus,iett_gtfs,Sancaktepe,True,False
iett_580099__bus,iett_580099,580099,ÜMRANİYE EVLENDİRME DAİRESİ,bus,iett_gtfs,Ümraniye,True,False
iett_580100__bus,iett_580100,580100,ÜMRANİYE EVLENDİRME DAİRESİ,bus,iett_gtfs,Ümraniye,True,False
iett_290612__bus,iett_290612,290612,FEVZİ ÇAKMAK CADDESİ,bus,iett_gtfs,Sultanbeyli,True,False
iett_290652__bus,iett_290652,290652,FEVZİ ÇAKMAK CADDESİ,bus,iett_gtfs,Sultanbeyli,True,False
iett_290098__bus,iett_290098,290098,ÖMERLİ ÇAYIRI,bus,iett_gtfs,Çekmeköy,True,False
iett_290099__bus,iett_290099,290099,ÖMERLİ ÇAYIRI,bus,iett_gtfs,Çekmeköy,True,False
iett_284648__bus,iett_284648,284648,KÖMÜRCÜODA SAPAĞI,bus,iett_gtfs,Şile,True,False
iett_284649__bus,iett_284649,284649,KÖMÜRCÜODA SAPAĞI,bus,iett_gtfs,Şile,True,False
iett_290100__bus,iett_290100,290100,ŞEHİT ÖĞRETMEN FATMA NUR ÇELİK MESLEKİ VE TEKNİK ANADOLU LİSESİ,bus,iett_gtfs,Çekmeköy,True,False
iett_284650__bus,iett_284650,284650,ÜVEZLİ SAPAĞI,bus,iett_gtfs,Şile,True,False
iett_284872__bus,iett_284872,284872,ÜVEZLİ SAPAĞI,bus,iett_gtfs,Şile,True,False
iett_284652__bus,iett_284652,284652,YEŞİLVADİ SAPAĞI,bus,iett_gtfs,Şile,True,False
iett_284653__bus,iett_284653,284653,YEŞİLVADİ SAPAĞI,bus,iett_gtfs,Şile,True,False
iett_284654__bus,iett_284654,284654,KIZILCAKÖY SAPAĞI,bus,iett_gtfs,Şile,True,False
iett_284655__bus,iett_284655,284655,KIZILCAKÖY SAPAĞI,bus,iett_gtfs,Şile,True,False
iett_284656__bus,iett_284656,284656,IŞIK ÜNİVERSİTESİ KAMPÜSÜ,bus,iett_gtfs,Şile,True,False
iett_284657__bus,iett_284657,284657,IŞIK ÜNİVERSİTESİ KAMPÜSÜ,bus,iett_gtfs,Şile,True,False
iett_284658__bus,iett_284658,284658,MEŞRUTİYET KÖYÜ SAPAĞI,bus,iett_gtfs,Şile,True,False
iett_284659__bus,iett_284659,284659,MEŞRUTİYET KÖYÜ SAPAĞI,bus,iett_gtfs,Şile,True,False
iett_284660__bus,iett_284660,284660,AHMETLİ KÖYÜ SAPAĞI,bus,iett_gtfs,Şile,True,False
iett_284661__bus,iett_284661,284661,AHMETLİ KÖYÜ SAPAĞI,bus,iett_gtfs,Şile,True,False
iett_284662__bus,iett_284662,284662,KUMBABA SAPAĞI,bus,iett_gtfs,Şile,True,False
iett_284664__bus,iett_284664,284664,ÜSKÜDAR CADDESİ,bus,iett_gtfs,Şile,True,False
iett_284665__bus,iett_284665,284665,ÜSKÜDAR CADDESİ,bus,iett_gtfs,Şile,True,False
iett_795945__bus,iett_795945,795945,ŞİLE TERMİNAL,bus,iett_gtfs,Şile,True,False
iett_580101__bus,iett_580101,580101,ÜMRANİYE EĞİTİM VE ARAŞTIRMA HASTANESİ,bus,iett_gtfs,Ümraniye,True,False
iett_580102__bus,iett_580102,580102,ÜMRANİYE EĞİTİM VE ARAŞTIRMA HASTANESİ,bus,iett_gtfs,Ümraniye,True,False
iett_580103__bus,iett_580103,580103,ÜMRANİYE EĞİTİM VE ARAŞTIRMA HASTANESİ,bus,iett_gtfs,Ümraniye,True,False
iett_284667__bus,iett_284667,284667,TEDAŞ ÖNÜ,bus,iett_gtfs,Şile,True,False
iett_284674__bus,iett_284674,284674,HAVA UÇAKSAVAR ER EĞİTİM MERKEZ KOMUTANLIĞI,bus,iett_gtfs,Şile,True,False
iett_284677__bus,iett_284677,284677,ÇAYIRBAŞI KÖYÜ,bus,iett_gtfs,Şile,True,False
iett_284679__bus,iett_284679,284679,SAKLIKENT,bus,iett_gtfs,Şile,True,False
iett_284681__bus,iett_284681,284681,YENİKÖY SAPAĞI,bus,iett_gtfs,Şile,True,False
iett_284684__bus,iett_284684,284684,AHMETLİ YAHŞİBEY İLKOKULU,bus,iett_gtfs,Şile,True,False
iett_284685__bus,iett_284685,284685,AHMETLİ KÖYÜ,bus,iett_gtfs,Şile,True,False
iett_284687__bus,iett_284687,284687,SOFULAR KÖYÜ,bus,iett_gtfs,Şile,True,False
iett_284688__bus,iett_284688,284688,SOFULAR KÖYÜ,bus,iett_gtfs,Şile,True,False
iett_284689__bus,iett_284689,284689,ALACALI KÖYÜ SAPAĞI,bus,iett_gtfs,Şile,True,False
iett_284691__bus,iett_284691,284691,DOĞANCILI KÖYÜ,bus,iett_gtfs,Şile,True,False
iett_284693__bus,iett_284693,284693,BİRLİK,bus,iett_gtfs,Şile,True,False
iett_284695__bus,iett_284695,284695,SAHİLKÖY,bus,iett_gtfs,Şile,True,False
iett_284697__bus,iett_284697,284697,SAHİLKÖY  MEYDANI,bus,iett_gtfs,Şile,True,False
iett_284699__bus,iett_284699,284699,KURNAKÖY MERKEZ,bus,iett_gtfs,Şile,True,False
iett_284701__bus,iett_284701,284701,KARAKİRAZ KÖYİÇİ,bus,iett_gtfs,Şile,True,False
iett_284702__bus,iett_284702,284702,KARAKİRAZ KÖYİÇİ,bus,iett_gtfs,Şile,True,False
iett_284703__bus,iett_284703,284703,HARMANKAPI,bus,iett_gtfs,Şile,True,False
iett_292724__bus,iett_292724,292724,KILIÇLIKÖYÜ SAPAĞI,bus,iett_gtfs,Beykoz,True,False
iett_292726__bus,iett_292726,292726,İSHAKLI SAPAĞI,bus,iett_gtfs,Beykoz,True,False
iett_292727__bus,iett_292727,292727,İSHAKLI SAPAĞI,bus,iett_gtfs,Beykoz,True,False
iett_284705__bus,iett_284705,284705,YAYLALI KÖYÜ SAPAĞI,bus,iett_gtfs,Şile,True,False
iett_284707__bus,iett_284707,284707,TEKEKÖY MERKEZ,bus,iett_gtfs,Şile,True,False
iett_284711__bus,iett_284711,284711,YAZIMANAYIR KÖYÜ,bus,iett_gtfs,Şile,True,False
iett_284713__bus,iett_284713,284713,SEVİŞLİ SAPAĞI,bus,iett_gtfs,Şile,True,False
iett_284715__bus,iett_284715,284715,OSMANKÖY,bus,iett_gtfs,Şile,True,False
iett_284717__bus,iett_284717,284717,KARABEYLİ SAPAĞI,bus,iett_gtfs,Şile,True,False
iett_284719__bus,iett_284719,284719,EVRENLİ KÖYÜ SAPAĞI,bus,iett_gtfs,Şile,True,False
iett_284721__bus,iett_284721,284721,DENİZLİ KÖYÜ SAPAĞI,bus,iett_gtfs,Şile,True,False
iett_284723__bus,iett_284723,284723,UBEYLİ KÖYÜ,bus,iett_gtfs,Şile,True,False
iett_284725__bus,iett_284725,284725,DAVUTLU MAHALLESİ,bus,iett_gtfs,Şile,True,False
iett_284727__bus,iett_284727,284727,GÖKMASLI KÖYÜ SAPAĞI,bus,iett_gtfs,Şile,True,False
iett_284729__bus,iett_284729,284729,İSAKÖY SAPAĞI,bus,iett_gtfs,Şile,True,False
iett_284731__bus,iett_284731,284731,KOLTU KÖYÜ SAPAĞI,bus,iett_gtfs,Şile,True,False
iett_284733__bus,iett_284733,284733,KILIÇLAR KÖYÜ SAPAĞI,bus,iett_gtfs,Şile,True,False
iett_284735__bus,iett_284735,284735,YAKUPLU SAPAĞI,bus,iett_gtfs,Şile,True,False
iett_284736__bus,iett_284736,284736,YAKUPLU SAPAĞI,bus,iett_gtfs,Şile,True,False
iett_284737__bus,iett_284737,284737,YEŞİLÇAY ANADOLU LİSESİ,bus,iett_gtfs,Şile,True,False
iett_284738__bus,iett_284738,284738,YEŞİLÇAY ANADOLU LİSESİ,bus,iett_gtfs,Şile,True,False
iett_284741__bus,iett_284741,284741,AĞVA MERKEZ,bus,iett_gtfs,Şile,True,False
iett_284742__bus,iett_284742,284742,İSAKÖY MERKEZ,bus,iett_gtfs,Şile,True,False
iett_284744__bus,iett_284744,284744,KURFALI SAPAĞI,bus,iett_gtfs,Şile,True,False
iett_284746__bus,iett_284746,284746,İMAMKÖY SAPAĞI,bus,iett_gtfs,Şile,True,False
iett_284747__bus,iett_284747,284747,İMAMKÖY SAPAĞI,bus,iett_gtfs,Şile,True,False
iett_284748__bus,iett_284748,284748,ŞUAYİPLİ KÖYÜ,bus,iett_gtfs,Şile,True,False
iett_284750__bus,iett_284750,284750,SOĞULLAR KÖYÜ,bus,iett_gtfs,Şile,True,False
iett_284867__bus,iett_284867,284867,BOZGOCA KÖYÜ,bus,iett_gtfs,Şile,True,False
iett_284753__bus,iett_284753,284753,BOZGOCA KÖYÜ,bus,iett_gtfs,Şile,True,False
iett_284754__bus,iett_284754,284754,KARACAKÖY,bus,iett_gtfs,Şile,True,False
iett_284757__bus,iett_284757,284757,İMRENLİ KOYU,bus,iett_gtfs,Şile,True,False
iett_284758__bus,iett_284758,284758,İMRENLİ KÖYÜ,bus,iett_gtfs,Şile,True,False
iett_284760__bus,iett_284760,284760,AKÇAKESE KÖYÜ,bus,iett_gtfs,Şile,True,False
iett_284762__bus,iett_284762,284762,KABAKOZ MERKEZ,bus,iett_gtfs,Şile,True,False
iett_284764__bus,iett_284764,284764,44 EVLER SİTESİ,bus,iett_gtfs,Şile,True,False
iett_292728__bus,iett_292728,292728,İHLAS SOKAK,bus,iett_gtfs,Beykoz,True,False
iett_290104__bus,iett_290104,290104,PAPATYA,bus,iett_gtfs,Çekmeköy,True,False
iett_290105__bus,iett_290105,290105,PAPATYA,bus,iett_gtfs,Çekmeköy,True,False
iett_509188__bus,iett_509188,509188,ALAATTİN CAMİİ,bus,iett_gtfs,Sancaktepe,True,False
iett_509189__bus,iett_509189,509189,ALAATTİN CAMİİ,bus,iett_gtfs,Sancaktepe,True,False
iett_290106__bus,iett_290106,290106,ÖMERLİ ÇARŞI,bus,iett_gtfs,Çekmeköy,True,False
iett_284766__bus,iett_284766,284766,BELEDİYE DİNLENME TESİSİ,bus,iett_gtfs,Şile,True,False
iett_284767__bus,iett_284767,284767,BELEDİYE DİNLENME TESİSİ,bus,iett_gtfs,Şile,True,False
iett_284768__bus,iett_284768,284768,2.MERDİVEN SOKAK,bus,iett_gtfs,Şile,True,False
iett_284770__bus,iett_284770,284770,KEMALLI MAHALLESİ,bus,iett_gtfs,Şile,True,False
iett_580105__bus,iett_580105,580105,NECİP FAZIL KISAKÜREK,bus,iett_gtfs,Ümraniye,True,False
iett_292730__bus,iett_292730,292730,DOĞA KONAKLARI,bus,iett_gtfs,Beykoz,True,False
iett_284782__bus,iett_284782,284782,İMRENDERE,bus,iett_gtfs,Şile,True,False
iett_284784__bus,iett_284784,284784,OVACIK,bus,iett_gtfs,Şile,True,False
iett_284785__bus,iett_284785,284785,OVACIK,bus,iett_gtfs,Şile,True,False
iett_284803__bus,iett_284803,284803,ÜVEZLİ MERKEZ,bus,iett_gtfs,Şile,True,False
iett_284805__bus,iett_284805,284805,KÖMÜRLÜK,bus,iett_gtfs,Şile,True,False
iett_284806__bus,iett_284806,284806,KERVANSARAY,bus,iett_gtfs,Şile,True,False
iett_284808__bus,iett_284808,284808,ARTVİNLER,bus,iett_gtfs,Şile,True,False
iett_284809__bus,iett_284809,284809,ARTVİNLER,bus,iett_gtfs,Şile,True,False
iett_284810__bus,iett_284810,284810,BIÇKIDERE,bus,iett_gtfs,Şile,True,False
iett_284812__bus,iett_284812,284812,ORUÇOĞLU,bus,iett_gtfs,Şile,True,False
iett_284873__bus,iett_284873,284873,ORUÇOĞLU,bus,iett_gtfs,Şile,True,False
iett_284815__bus,iett_284815,284815,ULUPELİT,bus,iett_gtfs,Şile,True,False
iett_284816__bus,iett_284816,284816,KALE ALTI,bus,iett_gtfs,Şile,True,False
iett_284817__bus,iett_284817,284817,KALE ALTI,bus,iett_gtfs,Şile,True,False
iett_284818__bus,iett_284818,284818,KORUCU,bus,iett_gtfs,Şile,True,False
iett_284820__bus,iett_284820,284820,SATMAZLI,bus,iett_gtfs,Şile,True,False
iett_284822__bus,iett_284822,284822,ŞİLE SANAYİ,bus,iett_gtfs,Şile,True,False
iett_284824__bus,iett_284824,284824,DOSTLAR SİTESİ,bus,iett_gtfs,Şile,True,False
iett_284826__bus,iett_284826,284826,KUM FABRİKASI,bus,iett_gtfs,Şile,True,False
iett_580542__bus,iett_580542,580542,NEVZAT AYAZ ANADOLU LİSESİ,bus,iett_gtfs,Ümraniye,True,False
iett_284828__bus,iett_284828,284828,KANDIRA SAPAĞI,bus,iett_gtfs,Şile,True,False
iett_284829__bus,iett_284829,284829,KANDIRA  SAPAĞI,bus,iett_gtfs,Şile,True,False
iett_509192__bus,iett_509192,509192,60.YIL SARIGAZİ ORTAOKULU,bus,iett_gtfs,Sancaktepe,True,False
iett_509193__bus,iett_509193,509193,60.YIL SARIGAZİ ORTAOKULU,bus,iett_gtfs,Sancaktepe,True,False
iett_292732__bus,iett_292732,292732,YAVUZ YILMAZ SOKAK,bus,iett_gtfs,Beykoz,True,False
iett_292733__bus,iett_292733,292733,ÇENGELDERE SAPAĞI,bus,iett_gtfs,Beykoz,True,False
iett_509194__bus,iett_509194,509194,MERAL SOKAK,bus,iett_gtfs,Sancaktepe,True,False
iett_290653__bus,iett_290653,290653,CEMİL MERİÇ ANADOLU LİSESİ,bus,iett_gtfs,Sultanbeyli,True,False
iett_290654__bus,iett_290654,290654,CEMİL MERİÇ ANADOLU LİSESİ,bus,iett_gtfs,Sultanbeyli,True,False
iett_290655__bus,iett_290655,290655,SULTAN ALPARSLAN MESLEKİ VE TEKNİK ANADOLU LİSESİ,bus,iett_gtfs,Sultanbeyli,True,False
iett_5251915__bus,iett_5251915,5251915,SULTAN ALPARSLAN MESLEKİ VE TEKNİK ANADOLU LİSESİ,bus,iett_gtfs,Sultanbeyli,True,False
iett_509202__bus,iett_509202,509202,KARA MOLLA SOKAK,bus,iett_gtfs,Sancaktepe,True,False
iett_509204__bus,iett_509204,509204,EŞREF BİTLİS PARKI,bus,iett_gtfs,Sancaktepe,True,False
iett_509204__metrobus,iett_509204,509204,EŞREF BİTLİS PARKI,metrobus,iett_gtfs,Sancaktepe,True,True
iett_509205__bus,iett_509205,509205,EŞREF BİTLİS PARKI,bus,iett_gtfs,Sancaktepe,True,False
iett_509206__bus,iett_509206,509206,MEHTAP SOKAK,bus,iett_gtfs,Sancaktepe,True,False
iett_509206__metrobus,iett_509206,509206,MEHTAP SOKAK,metrobus,iett_gtfs,Sancaktepe,True,True
iett_509208__bus,iett_509208,509208,TAMER SOKAK,bus,iett_gtfs,Sancaktepe,True,False
iett_509208__metrobus,iett_509208,509208,TAMER SOKAK,metrobus,iett_gtfs,Sancaktepe,True,True
iett_290109__bus,iett_290109,290109,REŞADİYE CADDESİ,bus,iett_gtfs,Çekmeköy,True,False
iett_290111__bus,iett_290111,290111,188.SOKAK,bus,iett_gtfs,Çekmeköy,True,False
iett_290112__bus,iett_290112,290112,188.SOKAK,bus,iett_gtfs,Çekmeköy,True,False
iett_290113__bus,iett_290113,290113,ADNAN KAHVECİ CADDESİ,bus,iett_gtfs,Çekmeköy,True,False
iett_834__bus,iett_834,834,HİLAL MAHALLESİ MUHTARLIĞI,bus,iett_gtfs,Sancaktepe,True,False
iett_509211__metrobus,iett_509211,509211,NECİP FAZIL CADDESİ,metrobus,iett_gtfs,Sancaktepe,True,True
iett_683942__metrobus,iett_683942,683942,AKCAN SOKAK,metrobus,iett_gtfs,Çekmeköy,True,True
iett_509214__bus,iett_509214,509214,SEVGİ SOKAK,bus,iett_gtfs,Çekmeköy,True,False
iett_290667__bus,iett_290667,290667,YAHYA SOKAK,bus,iett_gtfs,Sultanbeyli,True,False
iett_290669__bus,iett_290669,290669,ŞEHİT MURAT ÇELİKHASI,bus,iett_gtfs,Sultanbeyli,True,False
iett_290115__bus,iett_290115,290115,EKŞİOĞLU MAHALLESİ,bus,iett_gtfs,Çekmeköy,True,False
iett_290116__bus,iett_290116,290116,EKŞİOĞLU MAHALLESİ,bus,iett_gtfs,Çekmeköy,True,False
iett_290675__bus,iett_290675,290675,ALTINTEPE,bus,iett_gtfs,Sultanbeyli,True,False
iett_290676__bus,iett_290676,290676,ALTINTEPE,bus,iett_gtfs,Sultanbeyli,True,False
iett_509215__bus,iett_509215,509215,REİS SOKAK,bus,iett_gtfs,Sancaktepe,True,False
iett_578431__bus,iett_578431,578431,KADEM ÖĞRENCİ YURDU,bus,iett_gtfs,Ataşehir,True,False
iett_578432__bus,iett_578432,578432,KADEM ÖĞRENCİ YURDU,bus,iett_gtfs,Ataşehir,True,False
iett_681217__bus,iett_681217,681217,GÜL SOKAK,bus,iett_gtfs,Ataşehir,True,False
iett_681218__bus,iett_681218,681218,GÜL SOKAK,bus,iett_gtfs,Ataşehir,True,False
iett_580117__bus,iett_580117,580117,MODOKO GİRİŞİ,bus,iett_gtfs,Ümraniye,True,False
iett_580118__bus,iett_580118,580118,KEYAP,bus,iett_gtfs,Ümraniye,True,False
iett_681221__bus,iett_681221,681221,SELAMİ TÜRBESİ SOKAK,bus,iett_gtfs,Üsküdar,True,False
iett_292735__bus,iett_292735,292735,UZUN EVLİYA SOKAK,bus,iett_gtfs,Beykoz,True,False
iett_798884__bus,iett_798884,798884,POLİGON CADDESİ,bus,iett_gtfs,Ümraniye,True,False
iett_290117__bus,iett_290117,290117,İNCİR SOKAK,bus,iett_gtfs,Çekmeköy,True,False
iett_580121__bus,iett_580121,580121,ŞEHİT SERDAR EYÜPOĞLU CADDESİ,bus,iett_gtfs,Ümraniye,True,False
iett_580122__bus,iett_580122,580122,İNÖNÜ CADDESİ,bus,iett_gtfs,Üsküdar,True,False
iett_580123__bus,iett_580123,580123,İNÖNÜ CADDESİ,bus,iett_gtfs,Üsküdar,True,False
iett_580124__bus,iett_580124,580124,ÇINARDİBİ CADDESİ,bus,iett_gtfs,Üsküdar,True,False
iett_580126__bus,iett_580126,580126,DEMİRCİLER CADDESİ,bus,iett_gtfs,Üsküdar,True,False
iett_681223__bus,iett_681223,681223,ÜNALAN METRO,bus,iett_gtfs,Üsküdar,True,False
iett_580128__bus,iett_580128,580128,TEZCAN CADDESİ,bus,iett_gtfs,Ümraniye,True,False
iett_290679__bus,iett_290679,290679,ŞEHİT VAHİT KAŞÇIOĞLU,bus,iett_gtfs,Sultanbeyli,True,False
iett_284830__bus,iett_284830,284830,SOFULAR SAPAĞI,bus,iett_gtfs,Şile,True,False
iett_284831__bus,iett_284831,284831,SOFULAR SAPAĞI,bus,iett_gtfs,Şile,True,False
iett_284832__bus,iett_284832,284832,SADIKLI,bus,iett_gtfs,Şile,True,False
iett_284834__bus,iett_284834,284834,ŞABANLI MEVKİİ,bus,iett_gtfs,Şile,True,False
iett_284836__bus,iett_284836,284836,KÖPRÜBAŞI,bus,iett_gtfs,Şile,True,False
iett_580130__bus,iett_580130,580130,MALAZGİRT CADDESİ,bus,iett_gtfs,Ümraniye,True,False
iett_509217__bus,iett_509217,509217,EYÜP SULTAN MAHALLESİ,bus,iett_gtfs,Sancaktepe,True,False
iett_580131__bus,iett_580131,580131,HAMZA YERLİKAYA BULVARI,bus,iett_gtfs,Ümraniye,True,False
iett_580132__bus,iett_580132,580132,HAMZA YERLİKAYA BULVARI,bus,iett_gtfs,Ümraniye,True,False
iett_580133__bus,iett_580133,580133,ŞİLE YOLU,bus,iett_gtfs,Ümraniye,True,False
iett_509219__bus,iett_509219,509219,SAMANDIRA,bus,iett_gtfs,Sancaktepe,True,False
iett_509220__bus,iett_509220,509220,SAMANDIRA,bus,iett_gtfs,Sancaktepe,True,False
iett_509221__bus,iett_509221,509221,SAMANDIRA MESLEKİ VE TEKNİK ANADOLU LİSESİ,bus,iett_gtfs,Sancaktepe,True,False
iett_509222__bus,iett_509222,509222,SAMANDIRA KIZ ANADOLU İMAM HATİP LİSESİ,bus,iett_gtfs,Sancaktepe,True,False
iett_509223__bus,iett_509223,509223,SANCAKTEPE EMNİYET,bus,iett_gtfs,Sancaktepe,True,False
iett_509224__bus,iett_509224,509224,SANCAKTEPE EMNİYET,bus,iett_gtfs,Sancaktepe,True,False
iett_580134__bus,iett_580134,580134,AKDENİZ CADDESİ,bus,iett_gtfs,Ümraniye,True,False
iett_509225__bus,iett_509225,509225,ASİL TÜRK CADDESİ,bus,iett_gtfs,Sancaktepe,True,False
iett_509227__bus,iett_509227,509227,ATAYOLU CADDESİ,bus,iett_gtfs,Sancaktepe,True,False
iett_509228__bus,iett_509228,509228,ATAYOLU CADDESİ,bus,iett_gtfs,Sancaktepe,True,False
iett_290695__bus,iett_290695,290695,MİMAR SİNAN CADDESİ,bus,iett_gtfs,Sultanbeyli,True,False
iett_292743__bus,iett_292743,292743,TÜRK ALMAN ÜNİVERSİTESİ ,bus,iett_gtfs,Beykoz,True,False
iett_799588__bus,iett_799588,799588,TÜRK ALMAN ÜNİVERSİTESİ  ,bus,iett_gtfs,Beykoz,True,False
iett_580135__bus,iett_580135,580135,BAYRAKTAR BULVARI,bus,iett_gtfs,Ümraniye,True,False
iett_580136__bus,iett_580136,580136,BAYRAKTAR BULVARI,bus,iett_gtfs,Ümraniye,True,False
iett_580137__bus,iett_580137,580137,HATBOYU BULVARI,bus,iett_gtfs,Ümraniye,True,False
iett_580138__bus,iett_580138,580138,HATBOYU BULVARI,bus,iett_gtfs,Ümraniye,True,False
iett_580139__bus,iett_580139,580139,GÜRSEL SOKAK,bus,iett_gtfs,Ümraniye,True,False
iett_5249734__bus,iett_5249734,5249734,GÜRSEL SOKAK,bus,iett_gtfs,Ümraniye,True,False
iett_580140__bus,iett_580140,580140,ARMAĞANEVLER KURAN KURSU,bus,iett_gtfs,Ümraniye,True,False
iett_580141__bus,iett_580141,580141,ARMAĞANEVLER KURAN KURSU,bus,iett_gtfs,Ümraniye,True,False
iett_284838__bus,iett_284838,284838,VASIF TOPÇU FEN LİSESİ,bus,iett_gtfs,Şile,True,False
iett_284839__bus,iett_284839,284839,VASIF TOPÇU FEN LİSESİ,bus,iett_gtfs,Şile,True,False
iett_292744__bus,iett_292744,292744,ÇENGELDERE MERKEZ CAMİİ,bus,iett_gtfs,Beykoz,True,False
iett_292746__bus,iett_292746,292746,ŞEHİT MURAT AKDEMİR MESLEKİ VE TEKNİK ANADOLU LİSESİ,bus,iett_gtfs,Beykoz,True,False
iett_290124__bus,iett_290124,290124,ŞEHİT MURAT DEMİR CADDESİ,bus,iett_gtfs,Çekmeköy,True,False
iett_5250585__bus,iett_5250585,5250585,ŞEHİT MURAT DEMİR CADDESİ,bus,iett_gtfs,Çekmeköy,True,False
iett_290125__bus,iett_290125,290125,BÖĞÜRTLEN SOKAK,bus,iett_gtfs,Çekmeköy,True,False
iett_290127__bus,iett_290127,290127,DUMANLIVADİ SOKAK,bus,iett_gtfs,Çekmeköy,True,False
iett_290135__bus,iett_290135,290135,EMLAK KONUTLARI,bus,iett_gtfs,Çekmeköy,True,False
iett_509230__bus,iett_509230,509230,ORDU CADDESİ,bus,iett_gtfs,Sancaktepe,True,False
iett_509231__bus,iett_509231,509231,ORDU CADDESİ,bus,iett_gtfs,Sancaktepe,True,False
iett_681227__bus,iett_681227,681227,ÖZKAN SOKAK,bus,iett_gtfs,Üsküdar,True,False
iett_681228__bus,iett_681228,681228,ÖZKAN SOKAK,bus,iett_gtfs,Ümraniye,True,False
iett_681229__bus,iett_681229,681229,ULUBATLI HASAN SOKAK,bus,iett_gtfs,Ümraniye,True,False
iett_681230__bus,iett_681230,681230,ULUBATLI HASAN SOKAK,bus,iett_gtfs,Üsküdar,True,False
iett_681231__bus,iett_681231,681231,BAHÇELİEVLER CELİL CAMİİ,bus,iett_gtfs,Üsküdar,True,False
iett_681232__bus,iett_681232,681232,BAHÇELİEVLER CELİL CAMİİ,bus,iett_gtfs,Ümraniye,True,False
iett_580142__bus,iett_580142,580142,ÜMRANİYE İTFAİYE,bus,iett_gtfs,Ümraniye,True,False
iett_509232__metrobus,iett_509232,509232,BARBAROS CADDESİ,metrobus,iett_gtfs,Sancaktepe,True,True
iett_509235__bus,iett_509235,509235,EYÜP SULTAN MESLEKİ VE TEKNİK ANADOLU LİSESİ,bus,iett_gtfs,Sancaktepe,True,False
iett_580143__bus,iett_580143,580143,DEVRAN SOKAK,bus,iett_gtfs,Ümraniye,True,False
iett_580144__bus,iett_580144,580144,DEVRAN SOKAK,bus,iett_gtfs,Ümraniye,True,False
iett_681238__bus,iett_681238,681238,ATMACA SOKAK,bus,iett_gtfs,Ümraniye,True,False
iett_681239__bus,iett_681239,681239,ATMACA SOKAK,bus,iett_gtfs,Ümraniye,True,False
iett_681240__bus,iett_681240,681240,YUNUS EMRE CADDESİ,bus,iett_gtfs,Ümraniye,True,False
iett_509238__bus,iett_509238,509238,EBUBEKİR CADDESİ,bus,iett_gtfs,Sancaktepe,True,False
iett_509241__bus,iett_509241,509241,KÜLLİYE CADDESİ,bus,iett_gtfs,Sancaktepe,True,False
iett_658588__bus,iett_658588,658588,KÜLLİYE CADDESİ,bus,iett_gtfs,Sancaktepe,True,False
iett_509243__bus,iett_509243,509243,GAZİ CADDESİ,bus,iett_gtfs,Sancaktepe,True,False
iett_290697__bus,iett_290697,290697,PETROL YOLU CADDESİ,bus,iett_gtfs,Sultanbeyli,True,False
iett_580146__bus,iett_580146,580146,VARAN CADDESİ,bus,iett_gtfs,Ümraniye,True,False
iett_290698__bus,iett_290698,290698,REYHANOĞLU CADDESİ,bus,iett_gtfs,Sultanbeyli,True,False
iett_290700__bus,iett_290700,290700,İBN-İ SİNA,bus,iett_gtfs,Sultanbeyli,True,False
iett_292753__bus,iett_292753,292753,BEYKOZ CADDESİ,bus,iett_gtfs,Beykoz,True,False
iett_509244__bus,iett_509244,509244,SANCAKTEPE BELEDİYESİ,bus,iett_gtfs,Sancaktepe,True,False
iett_509245__bus,iett_509245,509245,SANCAKTEPE BELEDİYESİ,bus,iett_gtfs,Sancaktepe,True,False
iett_509246__bus,iett_509246,509246,ŞEHİT ER HASAN GENÇ İLKOKULU,bus,iett_gtfs,Sancaktepe,True,False
iett_509247__bus,iett_509247,509247,ŞEHİT ER HASAN GENÇ İLKOKULU,bus,iett_gtfs,Sancaktepe,True,False
iett_292755__bus,iett_292755,292755,POLONEZKÖY  MUHTARLIĞI,bus,iett_gtfs,Beykoz,True,False
iett_5251591__bus,iett_5251591,5251591,POLENEZKÖY MUHTARLIĞI,bus,iett_gtfs,Beykoz,True,False
iett_580160__bus,iett_580160,580160,FATİH İLKOKULU,bus,iett_gtfs,Ümraniye,True,False
iett_580161__bus,iett_580161,580161,AĞAOĞLU SOKAK,bus,iett_gtfs,Ümraniye,True,False
iett_681242__bus,iett_681242,681242,ÜSKÜDAR,bus,iett_gtfs,Üsküdar,True,False
iett_292756__bus,iett_292756,292756,MUHABBET SOKAK,bus,iett_gtfs,Beykoz,True,False
iett_292758__bus,iett_292758,292758,POYRAZKÖY YOLU,bus,iett_gtfs,Beykoz,True,False
iett_292760__bus,iett_292760,292760,YAVUZ SULTAN SELİM KÖPRÜ ŞANTİYESİ,bus,iett_gtfs,Beykoz,True,False
iett_292761__bus,iett_292761,292761,YAVUZ SULTAN SELİM KÖPRÜ ŞANTİYESİ,bus,iett_gtfs,Beykoz,True,False
iett_292762__bus,iett_292762,292762,DERE MAHALLESİ SAPAĞI,bus,iett_gtfs,Beykoz,True,False
iett_580162__bus,iett_580162,580162,ŞEHİT YILMAZ ERCAN İLKOKULU,bus,iett_gtfs,Ümraniye,True,False
iett_580163__bus,iett_580163,580163,ŞEHİT YILMAZ ERCAN İLKOKULU,bus,iett_gtfs,Ümraniye,True,False
iett_580164__bus,iett_580164,580164,YÜKSEL SOKAK,bus,iett_gtfs,Ümraniye,True,False
iett_5252348__bus,iett_5252348,5252348,YÜKSEL SOKAK,bus,iett_gtfs,Ümraniye,True,False
iett_681254__bus,iett_681254,681254,SÜTÇÜYOLU SOKAK,bus,iett_gtfs,Üsküdar,True,False
iett_681255__bus,iett_681255,681255,SÜTÇÜYOLU SOKAK,bus,iett_gtfs,Üsküdar,True,False
iett_509248__bus,iett_509248,509248,MİHRİCAN SOKAK,bus,iett_gtfs,Sancaktepe,True,False
iett_509249__bus,iett_509249,509249,MİHRİCAN SOKAK,bus,iett_gtfs,Sancaktepe,True,False
iett_681256__bus,iett_681256,681256,DENİZ SOKAK,bus,iett_gtfs,Üsküdar,True,False
iett_681257__bus,iett_681257,681257,BARAJ YOLU SOKAK,bus,iett_gtfs,Üsküdar,True,False
iett_290704__bus,iett_290704,290704,ADİL MAHALLESİ,bus,iett_gtfs,Sultanbeyli,True,False
iett_658713__bus,iett_658713,658713,BEYKOZ CADDESİ,bus,iett_gtfs,Sultanbeyli,True,False
iett_658738__bus,iett_658738,658738,BEYKOZ CADDESİ,bus,iett_gtfs,Sultanbeyli,True,False
iett_290707__bus,iett_290707,290707,SAİD NURSİ CADDESİ,bus,iett_gtfs,Sultanbeyli,True,False
iett_509254__bus,iett_509254,509254,KEVSER SOKAK,bus,iett_gtfs,Sancaktepe,True,False
iett_509254__metrobus,iett_509254,509254,KEVSER SOKAK,metrobus,iett_gtfs,Sancaktepe,True,True
iett_509255__bus,iett_509255,509255,KEVSER SOKAK,bus,iett_gtfs,Sancaktepe,True,False
iett_509255__metrobus,iett_509255,509255,KEVSER SOKAK,metrobus,iett_gtfs,Sancaktepe,True,True
iett_284842__bus,iett_284842,284842,BAŞKAYA CADDESİ,bus,iett_gtfs,Şile,True,False
iett_284843__bus,iett_284843,284843,BAYRAK CADDESİ,bus,iett_gtfs,Şile,True,False
iett_681258__bus,iett_681258,681258,TIBBİYE CADDESİ,bus,iett_gtfs,Üsküdar,True,False
iett_681260__bus,iett_681260,681260,ÇAĞLA SOKAK,bus,iett_gtfs,Üsküdar,True,False
iett_681261__bus,iett_681261,681261,GÜLFER SOKAK,bus,iett_gtfs,Üsküdar,True,False
iett_681262__bus,iett_681262,681262,BARAJ YOLU ALT SOKAK,bus,iett_gtfs,Üsküdar,True,False
iett_681148__bus,iett_681148,681148,PAZARYERİ,bus,iett_gtfs,Üsküdar,True,False
iett_292768__bus,iett_292768,292768,EKİNCİLER,bus,iett_gtfs,Beykoz,True,False
iett_292769__bus,iett_292769,292769,EKİNCİLER,bus,iett_gtfs,Beykoz,True,False
iett_510105__bus,iett_510105,510105,SPOR TESİSİ,bus,iett_gtfs,Maltepe,True,False
iett_510106__bus,iett_510106,510106,SPOR TESİSİ,bus,iett_gtfs,Maltepe,True,False
iett_510107__bus,iett_510107,510107,BAŞIBÜYÜK MAHALLESİ,bus,iett_gtfs,Maltepe,True,False
iett_510108__bus,iett_510108,510108,BAŞIBÜYÜK MAHALLESİ,bus,iett_gtfs,Maltepe,True,False
iett_68__bus,iett_68,68,23 NİSAN CADDESİ,bus,iett_gtfs,Tuzla,True,False
iett_69__bus,iett_69,69,23 NİSAN CADDESİ,bus,iett_gtfs,Tuzla,True,False
iett_70__bus,iett_70,70,DEMİR SOKAK,bus,iett_gtfs,Tuzla,True,False
iett_72__bus,iett_72,72,BUHAR SOKAK,bus,iett_gtfs,Tuzla,True,False
iett_74__bus,iett_74,74,ATATÜRK CADDESİ,bus,iett_gtfs,Tuzla,True,False
iett_75__bus,iett_75,75,ATATÜRK CADDESİ,bus,iett_gtfs,Tuzla,True,False
iett_510642__bus,iett_510642,510642,GÜREŞÇİ YAŞAR YILMAZ,bus,iett_gtfs,Kadıköy,True,False
iett_510643__bus,iett_510643,510643,GÜREŞÇİ YAŞAR YILMAZ,bus,iett_gtfs,Kadıköy,True,False
iett_510644__bus,iett_510644,510644,İKBALİYE,bus,iett_gtfs,Kadıköy,True,False
iett_510645__bus,iett_510645,510645,İKBALİYE,bus,iett_gtfs,Kadıköy,True,False
iett_510646__bus,iett_510646,510646,KURUÇEŞME,bus,iett_gtfs,Kadıköy,True,False
iett_510647__bus,iett_510647,510647,KURUÇEŞME,bus,iett_gtfs,Kadıköy,True,False
iett_510648__bus,iett_510648,510648,KADIKÖY ANADOLU İMAM HATİP LİSESİ,bus,iett_gtfs,Kadıköy,True,False
iett_510650__bus,iett_510650,510650,MARMARA ÜNİVERSİTESİ GÜZEL SANATLAR FAKÜLTESİ,bus,iett_gtfs,Kadıköy,True,False
iett_510651__bus,iett_510651,510651,MARMARA ÜNİVERSİTESİ GÜZEL SANATLAR FAKÜLTESİ,bus,iett_gtfs,Kadıköy,True,False
iett_681264__bus,iett_681264,681264,ŞEHİT MURAT NAİBOĞLU,bus,iett_gtfs,Üsküdar,True,False
iett_681266__bus,iett_681266,681266,ŞEHİT MURAT MERTEL,bus,iett_gtfs,Üsküdar,True,False
iett_681267__bus,iett_681267,681267,ŞEHİT MURAT MERTEL,bus,iett_gtfs,Üsküdar,True,False
iett_681268__bus,iett_681268,681268,ACIBADEM CADDESİ,bus,iett_gtfs,Üsküdar,True,False
iett_681269__bus,iett_681269,681269,ACIBADEM CADDESİ,bus,iett_gtfs,Üsküdar,True,False
iett_681270__bus,iett_681270,681270,ŞEHİT METE SERTBAŞ,bus,iett_gtfs,Üsküdar,True,False
iett_681271__bus,iett_681271,681271,ŞEHİT METE SERTBAŞ,bus,iett_gtfs,Üsküdar,True,False
iett_578435__bus,iett_578435,578435,NECMETTİN ERBAKAN PARKI,bus,iett_gtfs,Ataşehir,True,False
iett_510109__bus,iett_510109,510109,YEDİTEPE ÜNİVERSİTESİ KAMPÜSÜ,bus,iett_gtfs,Ataşehir,True,False
iett_510110__bus,iett_510110,510110,YEDİTEPE ÜNİVERSİTESİ KAMPÜSÜ,bus,iett_gtfs,Ataşehir,True,False
iett_578447__bus,iett_578447,578447,İÇERENKÖY MEZARLIĞI,bus,iett_gtfs,Ataşehir,True,False
iett_578448__bus,iett_578448,578448,İÇERENKÖY MEZARLIĞI,bus,iett_gtfs,Ataşehir,True,False
iett_578457__bus,iett_578457,578457,ATAŞEHİR BULVARI,bus,iett_gtfs,Ataşehir,True,False
iett_578458__bus,iett_578458,578458,ATAŞEHİR ATATÜRK MAHALLESİ,bus,iett_gtfs,Ataşehir,True,False
iett_578459__bus,iett_578459,578459,ATAŞEHİR ATATÜRK MAHALLESİ,bus,iett_gtfs,Ataşehir,True,False
iett_578460__bus,iett_578460,578460,ATAŞEHİR PLAZALAR,bus,iett_gtfs,Ataşehir,True,False
iett_578461__bus,iett_578461,578461,ATAŞEHİR PLAZALAR,bus,iett_gtfs,Ataşehir,True,False
iett_578462__bus,iett_578462,578462,ATAŞEHİR,bus,iett_gtfs,Ataşehir,True,False
iett_578463__bus,iett_578463,578463,ATAŞEHİR,bus,iett_gtfs,Ataşehir,True,False
iett_578464__bus,iett_578464,578464,ATAŞEHİR,bus,iett_gtfs,Ataşehir,True,False
iett_578465__bus,iett_578465,578465,ATAŞEHİR,bus,iett_gtfs,Ataşehir,True,False
iett_578466__bus,iett_578466,578466,ATAŞEHİR SİTELER ,bus,iett_gtfs,Ataşehir,True,False
iett_578468__bus,iett_578468,578468,TEB ATAŞEHİR ANADOLU LİSESİ,bus,iett_gtfs,Ataşehir,True,False
iett_578469__bus,iett_578469,578469,TEB ATAŞEHİR ANADOLU LİSESİ,bus,iett_gtfs,Ataşehir,True,False
iett_681272__bus,iett_681272,681272,KARACAAHMET,bus,iett_gtfs,Üsküdar,True,False
iett_510652__bus,iett_510652,510652,FERİDUN PAŞA CAMİİ,bus,iett_gtfs,Kadıköy,True,False
iett_681273__bus,iett_681273,681273,ŞEHİT RECEP BÜYÜK,bus,iett_gtfs,Üsküdar,True,False
iett_510654__bus,iett_510654,510654,GÖZTEPE AĞIZ VE DİŞ SAĞLIĞI MERKEZİ,bus,iett_gtfs,Kadıköy,True,False
iett_578470__bus,iett_578470,578470,YUNUS EMRE,bus,iett_gtfs,Ataşehir,True,False
iett_578472__bus,iett_578472,578472,KARACAOĞLAN,bus,iett_gtfs,Ataşehir,True,False
iett_510655__bus,iett_510655,510655,ŞEHİT ORHUN GÖYTAN,bus,iett_gtfs,Kadıköy,True,False
iett_510656__bus,iett_510656,510656,ŞEHİT ORHUN GÖYTAN,bus,iett_gtfs,Kadıköy,True,False
iett_510657__bus,iett_510657,510657,ONİKİLER CAMİİ,bus,iett_gtfs,Kadıköy,True,False
iett_510658__bus,iett_510658,510658,ONİKİLER CAMİİ,bus,iett_gtfs,Kadıköy,True,False
iett_78__bus,iett_78,78,AKFIRAT PARKI,bus,iett_gtfs,Tuzla,True,False
iett_510659__bus,iett_510659,510659,SAKIZAĞACI,bus,iett_gtfs,Kadıköy,True,False
iett_510660__bus,iett_510660,510660,SAKIZAĞACI,bus,iett_gtfs,Kadıköy,True,False
iett_1362__bus,iett_1362,1362,ADNAN KAHVECİ,bus,iett_gtfs,Kartal,True,False
iett_1363__bus,iett_1363,1363,ADNAN KAHVECİ,bus,iett_gtfs,Kartal,True,False
iett_1364__bus,iett_1364,1364,9 PALMİYE SAHİL,bus,iett_gtfs,Kartal,True,False
iett_1365__bus,iett_1365,1365,9 PALMİYE SAHİL,bus,iett_gtfs,Kartal,True,False
iett_1366__bus,iett_1366,1366,ÜNİVERSİTE,bus,iett_gtfs,Kartal,True,False
iett_1367__bus,iett_1367,1367,ÜNİVERSİTE,bus,iett_gtfs,Kartal,True,False
iett_1368__bus,iett_1368,1368,DRAGOS SAHİL,bus,iett_gtfs,Maltepe,True,False
iett_1369__bus,iett_1369,1369,DRAGOS SAHİL,bus,iett_gtfs,Maltepe,True,False
iett_510113__bus,iett_510113,510113,KUM İSKELESİ,bus,iett_gtfs,Maltepe,True,False
iett_510114__bus,iett_510114,510114,KUM İSKELESİ,bus,iett_gtfs,Maltepe,True,False
iett_510115__bus,iett_510115,510115,MALTEPE SAHİL,bus,iett_gtfs,Maltepe,True,False
iett_510116__bus,iett_510116,510116,MALTEPE SAHİL,bus,iett_gtfs,Maltepe,True,False
iett_510117__bus,iett_510117,510117,SÜREYYAPAŞA,bus,iett_gtfs,Maltepe,True,False
iett_510118__bus,iett_510118,510118,SÜREYYAPAŞA,bus,iett_gtfs,Maltepe,True,False
iett_510119__bus,iett_510119,510119,ADATEPE SAHİL,bus,iett_gtfs,Maltepe,True,False
iett_510120__bus,iett_510120,510120,ADATEPE SAHİL,bus,iett_gtfs,Maltepe,True,False
iett_510121__bus,iett_510121,510121,İDEALTEPE,bus,iett_gtfs,Maltepe,True,False
iett_510122__bus,iett_510122,510122,İDEALTEPE,bus,iett_gtfs,Maltepe,True,False
iett_1370__bus,iett_1370,1370,SOĞANLIK METRO,bus,iett_gtfs,Kartal,True,False
iett_1370__metrobus,iett_1370,1370,SOĞANLIK METRO,metrobus,iett_gtfs,Kartal,True,True
iett_1371__bus,iett_1371,1371,SOĞANLIK METRO,bus,iett_gtfs,Kartal,True,False
iett_1373__bus,iett_1373,1373,ANADOLU ADALET SARAYI,bus,iett_gtfs,Kartal,True,False
iett_1374__bus,iett_1374,1374,ANADOLU ADALET SARAYI,bus,iett_gtfs,Kartal,True,False
iett_1374__metrobus,iett_1374,1374,ANADOLU ADALET SARAYI,metrobus,iett_gtfs,Kartal,True,True
iett_578474__bus,iett_578474,578474,TURGUT ÖZAL BULVARI,bus,iett_gtfs,Ataşehir,True,False
iett_1375__bus,iett_1375,1375,YAKACIK SPOR,bus,iett_gtfs,Kartal,True,False
iett_1376__bus,iett_1376,1376,YAKACIK SPOR,bus,iett_gtfs,Kartal,True,False
iett_884313__bus,iett_884313,884313,LİBADİYE CADDESİ,bus,iett_gtfs,Ataşehir,True,False
iett_681276__bus,iett_681276,681276,LİBADİYE CADDESİ,bus,iett_gtfs,Üsküdar,True,False
iett_578478__bus,iett_578478,578478,LİBADİYE CADDESİ,bus,iett_gtfs,Üsküdar,True,False
iett_578479__bus,iett_578479,578479,LİBADİYE CADDESİ,bus,iett_gtfs,Ataşehir,True,False
iett_614__bus,iett_614,614,ESENYALI MUHTARLIĞI,bus,iett_gtfs,Pendik,True,False
iett_615__bus,iett_615,615,ESENYALI MUHTARLIĞI,bus,iett_gtfs,Pendik,True,False
iett_616__bus,iett_616,616,İBRAHİM AZMİ BEĞEN CAMİİ,bus,iett_gtfs,Pendik,True,False
iett_617__bus,iett_617,617,İBRAHİM AZMİ BEĞEN CAMİİ,bus,iett_gtfs,Pendik,True,False
iett_618__bus,iett_618,618,İMAM HATİP LİSESİ,bus,iett_gtfs,Pendik,True,False
iett_619__bus,iett_619,619,İMAM HATİP LİSESİ,bus,iett_gtfs,Pendik,True,False
iett_621__bus,iett_621,621,ALEMDAR,bus,iett_gtfs,Pendik,True,False
iett_622__bus,iett_622,622,CEMİL MERİÇ CADDESİ,bus,iett_gtfs,Pendik,True,False
iett_510136__bus,iett_510136,510136,DEMİRKURT SOKAK,bus,iett_gtfs,Maltepe,True,False
iett_510137__bus,iett_510137,510137,DEMİRKURT SOKAK,bus,iett_gtfs,Maltepe,True,False
iett_510139__bus,iett_510139,510139,FEVZİ ÇAKMAK CADDESİ,bus,iett_gtfs,Maltepe,True,False
iett_510140__bus,iett_510140,510140,CENGİZ TOPEL CAMİİ,bus,iett_gtfs,Maltepe,True,False
iett_510142__bus,iett_510142,510142,RECEP AĞA CAMİİ ,bus,iett_gtfs,Maltepe,True,False
iett_510144__bus,iett_510144,510144,GÜLENSU YOLU,bus,iett_gtfs,Maltepe,True,False
iett_510145__bus,iett_510145,510145,GÜLENSU YOLU,bus,iett_gtfs,Maltepe,True,False
iett_510146__bus,iett_510146,510146,SEVTAP CADDESİ,bus,iett_gtfs,Maltepe,True,False
iett_510148__bus,iett_510148,510148,AYLA CADDESİ,bus,iett_gtfs,Maltepe,True,False
iett_510150__bus,iett_510150,510150,GÜLSUYU MAHALLESİ,bus,iett_gtfs,Maltepe,True,False
iett_624__bus,iett_624,624,HIZIR SOKAK,bus,iett_gtfs,Pendik,True,False
iett_1377__bus,iett_1377,1377,SELÇUK ERAYDIN ANADOLU İMAM HATİP LİSESİ,bus,iett_gtfs,Kartal,True,False
iett_1377__metrobus,iett_1377,1377,SELÇUK ERAYDIN ANADOLU İMAM HATİP LİSESİ,metrobus,iett_gtfs,Kartal,True,True
iett_1378__bus,iett_1378,1378,SELÇUK ERAYDIN ANADOLU İMAM HATİP LİSESİ,bus,iett_gtfs,Kartal,True,False
iett_626__bus,iett_626,626,BAŞAK SOKAK,bus,iett_gtfs,Pendik,True,False
iett_80__bus,iett_80,80,YANKI SOKAK - CEMEVİ,bus,iett_gtfs,Tuzla,True,False
iett_81__bus,iett_81,81,YANKI SOKAK - CEMEVİ,bus,iett_gtfs,Tuzla,True,False
iett_82__bus,iett_82,82,YAKAMOZ,bus,iett_gtfs,Tuzla,True,False
iett_83__bus,iett_83,83,YAKAMOZ,bus,iett_gtfs,Tuzla,True,False
iett_1379__bus,iett_1379,1379,DARÜŞŞAFAKA,bus,iett_gtfs,Kartal,True,False
iett_1380__bus,iett_1380,1380,DARÜŞŞAFAKA,bus,iett_gtfs,Kartal,True,False
iett_578480__bus,iett_578480,578480,HALİL ATAMAVCI İLKOKULU,bus,iett_gtfs,Ataşehir,True,False
iett_578481__bus,iett_578481,578481,HALİL ATAMAVCI İLKOKULU,bus,iett_gtfs,Ataşehir,True,False
iett_510152__bus,iett_510152,510152,ŞEHİT ER BÜLENT ALTINSOY,bus,iett_gtfs,Ataşehir,True,False
iett_510153__bus,iett_510153,510153,ŞEHİT ER BÜLENT ALTINSOY,bus,iett_gtfs,Maltepe,True,False
iett_510154__bus,iett_510154,510154,ŞEHİT OSMAN YILMAZ ANADOLU İMAM HATİP LİSESİ,bus,iett_gtfs,Maltepe,True,False
iett_510155__bus,iett_510155,510155,ŞEHİT OSMAN YILMAZ ANADOLU İMAM HATİP LİSESİ,bus,iett_gtfs,Ataşehir,True,False
iett_84__bus,iett_84,84,KOÇ LİSESİ,bus,iett_gtfs,Tuzla,True,False
iett_85__bus,iett_85,85,KOÇ LİSESİ,bus,iett_gtfs,Tuzla,True,False
iett_86__bus,iett_86,86,ÇAMLIK,bus,iett_gtfs,Tuzla,True,False
iett_87__bus,iett_87,87,ÇAMLIK,bus,iett_gtfs,Tuzla,True,False
iett_1381__bus,iett_1381,1381,AYDOS ORMAN PARKI,bus,iett_gtfs,Kartal,True,False
iett_1382__bus,iett_1382,1382,AYDOS ORMAN PARKI,bus,iett_gtfs,Kartal,True,False
iett_1383__bus,iett_1383,1383,AYDOS MESİRE YERİ,bus,iett_gtfs,Kartal,True,False
iett_628__bus,iett_628,628,TANDOĞAN CADDESİ,bus,iett_gtfs,Pendik,True,False
iett_510667__bus,iett_510667,510667,HASTANE ,bus,iett_gtfs,Ataşehir,True,False
iett_510667__metrobus,iett_510667,510667,HASTANE ,metrobus,iett_gtfs,Ataşehir,True,True
iett_510668__bus,iett_510668,510668,HASTANE  ,bus,iett_gtfs,Kadıköy,True,False
iett_510157__bus,iett_510157,510157,ÇINAR,bus,iett_gtfs,Maltepe,True,False
iett_510158__bus,iett_510158,510158,ÇINAR,bus,iett_gtfs,Maltepe,True,False
iett_510159__bus,iett_510159,510159,İSTASYON YOLU,bus,iett_gtfs,Maltepe,True,False
iett_510160__bus,iett_510160,510160,İSTASYON YOLU,bus,iett_gtfs,Maltepe,True,False
iett_630__bus,iett_630,630,TASDİK SOKAK,bus,iett_gtfs,Pendik,True,False
iett_632__bus,iett_632,632,VELİBABA MAHALLESİ,bus,iett_gtfs,Pendik,True,False
iett_633__bus,iett_633,633,VELİBABA MAHALLESİ,bus,iett_gtfs,Pendik,True,False
iett_634__bus,iett_634,634,VELİBABA İLKOKULU,bus,iett_gtfs,Pendik,True,False
iett_635__bus,iett_635,635,VELİBABA İLKOKULU,bus,iett_gtfs,Pendik,True,False
iett_636__bus,iett_636,636,HACI ABDURRAHMAN CANSU CAMİİ,bus,iett_gtfs,Pendik,True,False
iett_637__bus,iett_637,637,HACI ABDURRAHMAN CANSU CAMİİ,bus,iett_gtfs,Pendik,True,False
iett_638__bus,iett_638,638,KİPTAŞ KONUTLARI,bus,iett_gtfs,Pendik,True,False
iett_639__bus,iett_639,639,KİPTAŞ KONUTLARI,bus,iett_gtfs,Pendik,True,False
iett_640__bus,iett_640,640,ÇİÇEK DAĞI,bus,iett_gtfs,Pendik,True,False
iett_642__bus,iett_642,642,AYDOS CADDESİ,bus,iett_gtfs,Pendik,True,False
iett_643__bus,iett_643,643,AYDOS CADDESİ,bus,iett_gtfs,Pendik,True,False
iett_644__bus,iett_644,644,ÜÇYOL AĞZI,bus,iett_gtfs,Pendik,True,False
iett_646__bus,iett_646,646,BATTALGAZİ CAMİİ,bus,iett_gtfs,Pendik,True,False
iett_648__bus,iett_648,648,BATTALGAZİ,bus,iett_gtfs,Pendik,True,False
iett_650__bus,iett_650,650,PİRİ REİS,bus,iett_gtfs,Pendik,True,False
iett_652__bus,iett_652,652,FATMA GÖZEN ERALP İLKOKULU,bus,iett_gtfs,Pendik,True,False
iett_653__bus,iett_653,653,FATMA GÖZEN ERALP İLKOKULU,bus,iett_gtfs,Pendik,True,False
iett_654__bus,iett_654,654,SAĞLAM SİTESİ,bus,iett_gtfs,Pendik,True,False
iett_656__bus,iett_656,656,HARMANDERE,bus,iett_gtfs,Pendik,True,False
iett_657__bus,iett_657,657,HARMANDERE,bus,iett_gtfs,Pendik,True,False
iett_658__bus,iett_658,658,KARAYOLLARI,bus,iett_gtfs,Pendik,True,False
iett_1384__bus,iett_1384,1384,SAFA CAMİİ,bus,iett_gtfs,Kartal,True,False
iett_1385__bus,iett_1385,1385,SAFA CAMİİ,bus,iett_gtfs,Kartal,True,False
iett_659__bus,iett_659,659,ESENLER,bus,iett_gtfs,Pendik,True,False
iett_661__bus,iett_661,661,YAVUZ SELİM CAMİİ,bus,iett_gtfs,Pendik,True,False
iett_663__bus,iett_663,663,ŞEHİT YALÇIN ARAN,bus,iett_gtfs,Pendik,True,False
iett_665__bus,iett_665,665,NAMIK KEMAL SOKAK,bus,iett_gtfs,Pendik,True,False
iett_667__bus,iett_667,667,FEVZİ ÇAKMAK MAHALLESİ,bus,iett_gtfs,Pendik,True,False
iett_669__bus,iett_669,669,FATİH CAMİİ,bus,iett_gtfs,Pendik,True,False
iett_671__bus,iett_671,671,ŞEVKET SABANCI ANADOLU LİSESİ,bus,iett_gtfs,Pendik,True,False
iett_88__bus,iett_88,88,FATİH MAHALLESİ,bus,iett_gtfs,Tuzla,True,False
iett_89__bus,iett_89,89,FATİH MAHALLESİ,bus,iett_gtfs,Tuzla,True,False
iett_673__bus,iett_673,673,BALLICA KÖYÜ,bus,iett_gtfs,Pendik,True,False
iett_674__bus,iett_674,674,KURTDOĞMUŞ GİRİŞİ,bus,iett_gtfs,Pendik,True,False
iett_676__bus,iett_676,676,GÜLFİDAN SOKAK,bus,iett_gtfs,Pendik,True,False
iett_677__bus,iett_677,677,GÜLFİDAN SOKAK,bus,iett_gtfs,Pendik,True,False
iett_678__bus,iett_678,678,HAYATİ ÜSTÜN CADDESİ,bus,iett_gtfs,Pendik,True,False
iett_90__bus,iett_90,90,GÖKBERK SOKAK,bus,iett_gtfs,Tuzla,True,False
iett_92__bus,iett_92,92,YAHYA KEMAL MESLEKİ VE TEKNİK ANADOLU LİSESİ,bus,iett_gtfs,Tuzla,True,False
iett_93__bus,iett_93,93,YAHYA KEMAL MESLEKİ VE TEKNİK ANADOLU LİSESİ,bus,iett_gtfs,Tuzla,True,False
iett_680__bus,iett_680,680,BALLICA GİRİŞİ,bus,iett_gtfs,Pendik,True,False
iett_682__bus,iett_682,682,KURTDOĞMUŞ YOLU,bus,iett_gtfs,Pendik,True,False
iett_683__bus,iett_683,683,KURTDOĞMUŞ YOLU,bus,iett_gtfs,Pendik,True,False
iett_684__bus,iett_684,684,KURTDOĞMUŞ KÖYÜ,bus,iett_gtfs,Pendik,True,False
iett_685__bus,iett_685,685,MESİRE YOLU,bus,iett_gtfs,Pendik,True,False
iett_686__bus,iett_686,686,MESİRE YOLU,bus,iett_gtfs,Pendik,True,False
iett_687__bus,iett_687,687,KURNA,bus,iett_gtfs,Pendik,True,False
iett_688__bus,iett_688,688,KURNA,bus,iett_gtfs,Pendik,True,False
iett_689__bus,iett_689,689,EMİRLİ MUHTARLIĞI,bus,iett_gtfs,Pendik,True,False
iett_690__bus,iett_690,690,EMİRLİ MUHTARLIĞI,bus,iett_gtfs,Pendik,True,False
iett_691__bus,iett_691,691,EMİRLİ KÖYÜ,bus,iett_gtfs,Pendik,True,False
iett_95__bus,iett_95,95,ÜÇYOL AĞZI,bus,iett_gtfs,Tuzla,True,False
iett_692__bus,iett_692,692,MUSTAFA KARUŞAĞI İLKOKULU,bus,iett_gtfs,Pendik,True,False
iett_693__bus,iett_693,693,MUSTAFA KARUŞAĞI İLKOKULU,bus,iett_gtfs,Pendik,True,False
iett_696__bus,iett_696,696,TEPE ÜSTÜ,bus,iett_gtfs,Pendik,True,False
iett_698__bus,iett_698,698,İLKOKUL,bus,iett_gtfs,Pendik,True,False
iett_700__bus,iett_700,700,GÖÇBEYLİ MERKEZ CAMİİ,bus,iett_gtfs,Pendik,True,False
iett_96__bus,iett_96,96,ORTA MAHALLE,bus,iett_gtfs,Tuzla,True,False
iett_97__bus,iett_97,97,ORTA MAHALLE,bus,iett_gtfs,Tuzla,True,False
iett_98__bus,iett_98,98,KAVAK CADDESİ,bus,iett_gtfs,Tuzla,True,False
iett_100__bus,iett_100,100,ÖZLEM SOKAK,bus,iett_gtfs,Tuzla,True,False
iett_102__bus,iett_102,102,KARAKOL,bus,iett_gtfs,Tuzla,True,False
iett_103__bus,iett_103,103,KARAKOL,bus,iett_gtfs,Tuzla,True,False
iett_137__bus,iett_137,137,BARIŞ MANÇO,bus,iett_gtfs,Tuzla,True,False
iett_701__bus,iett_701,701,HİLAL KONUTLARI,bus,iett_gtfs,Pendik,True,False
iett_681277__bus,iett_681277,681277,SAĞLIK BİLİMLERİ ÜNİVERSİTESİ ECZACILIK FAKÜLTESİ,bus,iett_gtfs,Üsküdar,True,False
iett_798458__bus,iett_798458,798458,TÜRK TELEKOM - ÇAMLICA KIZ LİSESİ,bus,iett_gtfs,Üsküdar,True,False
iett_681278__bus,iett_681278,681278,TÜRK TELEKOM - ÇAMLICA KIZ LİSESİ,bus,iett_gtfs,Üsküdar,True,False
iett_703__bus,iett_703,703,GONCA SOKAK,bus,iett_gtfs,Pendik,True,False
iett_704__bus,iett_704,704,GONCA SOKAK,bus,iett_gtfs,Pendik,True,False
iett_705__bus,iett_705,705,ENGİN SİTESİ,bus,iett_gtfs,Pendik,True,False
iett_706__bus,iett_706,706,ENGİN SİTESİ,bus,iett_gtfs,Pendik,True,False
iett_510669__bus,iett_510669,510669,AYRILIK ÇEŞMESİ,bus,iett_gtfs,Kadıköy,True,False
iett_707__bus,iett_707,707,ARSLANBEY,bus,iett_gtfs,Pendik,True,False
iett_709__bus,iett_709,709,PENDİK AĞIZ VE DİŞ SAĞLIĞI HASTANESİ,bus,iett_gtfs,Pendik,True,False
iett_710__bus,iett_710,710,PENDİK AĞIZ VE DİŞ SAĞLIĞI HASTANESİ,bus,iett_gtfs,Pendik,True,False
iett_711__bus,iett_711,711,BOSTANLIK,bus,iett_gtfs,Pendik,True,False
iett_713__bus,iett_713,713,BAHATTİN VELED CADDESİ,bus,iett_gtfs,Pendik,True,False
iett_578487__bus,iett_578487,578487,KARDELEN SOKAK,bus,iett_gtfs,Ataşehir,True,False
iett_578488__bus,iett_578488,578488,KARDELEN SOKAK,bus,iett_gtfs,Ataşehir,True,False
iett_510163__bus,iett_510163,510163,BAŞIBÜYÜK CADDESİ,bus,iett_gtfs,Maltepe,True,False
iett_716__bus,iett_716,716,CEMİLE ÇOPUROĞLU ORTAOKULU,bus,iett_gtfs,Pendik,True,False
iett_578490__bus,iett_578490,578490,ŞERİFALİ YOLU CADDESİ,bus,iett_gtfs,Ataşehir,True,False
iett_578491__bus,iett_578491,578491,ŞERİFALİ YOLU CADDESİ,bus,iett_gtfs,Ataşehir,True,False
iett_510672__bus,iett_510672,510672,UYANIŞ SOKAK,bus,iett_gtfs,Kadıköy,True,False
iett_510165__bus,iett_510165,510165,BARBAROS HAYRETTİNPAŞA ORTAOKULU,bus,iett_gtfs,Maltepe,True,False
iett_510086__bus,iett_510086,510086,BARBAROS HAYRETTİNPAŞA ORTAOKULU,bus,iett_gtfs,Maltepe,True,False
iett_718__bus,iett_718,718,KURTKÖY İSMEK,bus,iett_gtfs,Pendik,True,False
iett_719__bus,iett_719,719,KURTKÖY İSMEK,bus,iett_gtfs,Pendik,True,False
iett_1390__bus,iett_1390,1390,DR. LÜTFİ KIRDAR ŞEHİR HASTANESİ - CEVİZLİ KÖPRÜSÜ,bus,iett_gtfs,Kartal,True,False
iett_720__bus,iett_720,720,ÇAMÇEŞME PARKI,bus,iett_gtfs,Pendik,True,False
iett_1392__bus,iett_1392,1392,ÖZ BARBAROS,bus,iett_gtfs,Kartal,True,False
iett_1394__bus,iett_1394,1394,KUMCULAR,bus,iett_gtfs,Kartal,True,False
iett_510167__bus,iett_510167,510167,GÜLENSU İLKOKULU,bus,iett_gtfs,Maltepe,True,False
iett_510169__bus,iett_510169,510169,BATTALGAZİ,bus,iett_gtfs,Maltepe,True,False
iett_510171__bus,iett_510171,510171,GÜLENSU MAHALLESİ,bus,iett_gtfs,Maltepe,True,False
iett_510172__bus,iett_510172,510172,ŞEN SOKAK,bus,iett_gtfs,Maltepe,True,False
iett_105__bus,iett_105,105,İMAMI GAZALİ CAMİİ,bus,iett_gtfs,Tuzla,True,False
iett_107__bus,iett_107,107,GÜNGÖRMÜŞ  SOKAK,bus,iett_gtfs,Tuzla,True,False
iett_510179__bus,iett_510179,510179,NARCTIY E KAPISI,bus,iett_gtfs,Maltepe,True,False
iett_1396__bus,iett_1396,1396,YAKACIK YOLU,bus,iett_gtfs,Kartal,True,False
iett_1397__bus,iett_1397,1397,YAKACIK YOLU,bus,iett_gtfs,Kartal,True,False
iett_510181__bus,iett_510181,510181,NARCITY İŞ MERKEZİ,bus,iett_gtfs,Maltepe,True,False
iett_722__bus,iett_722,722,NAR SOKAK,bus,iett_gtfs,Pendik,True,False
iett_723__bus,iett_723,723,NAR SOKAK,bus,iett_gtfs,Pendik,True,False
iett_724__bus,iett_724,724,GÜLLÜBAĞLAR,bus,iett_gtfs,Pendik,True,False
iett_725__bus,iett_725,725,GÜLLÜBAĞLAR,bus,iett_gtfs,Pendik,True,False
iett_726__bus,iett_726,726,GÜLLÜBAĞLAR AİLE SAĞLIĞI MERKEZİ,bus,iett_gtfs,Pendik,True,False
iett_727__bus,iett_727,727,GÜLLÜBAĞLAR AİLE SAĞLIĞI MERKEZİ,bus,iett_gtfs,Pendik,True,False
iett_728__bus,iett_728,728,BALABAN,bus,iett_gtfs,Pendik,True,False
iett_730__bus,iett_730,730,ÇAMÇEŞME,bus,iett_gtfs,Pendik,True,False
iett_732__bus,iett_732,732,EMNİYET SOKAK,bus,iett_gtfs,Pendik,True,False
iett_734__bus,iett_734,734,YAY SOKAK,bus,iett_gtfs,Pendik,True,False
iett_735__bus,iett_735,735,YAY SOKAK,bus,iett_gtfs,Pendik,True,False
iett_736__bus,iett_736,736,TEPEBAŞI CAMİİ,bus,iett_gtfs,Pendik,True,False
iett_739__bus,iett_739,739,SULTAN SELİM SOKAK,bus,iett_gtfs,Pendik,True,False
iett_740__bus,iett_740,740,SANAYİ CADDESİ,bus,iett_gtfs,Pendik,True,False
iett_742__bus,iett_742,742,HAVAALANI KAVŞAĞI,bus,iett_gtfs,Pendik,True,False
iett_743__bus,iett_743,743,HAVAALANI KAVŞAĞI,bus,iett_gtfs,Pendik,True,False
iett_110__bus,iett_110,110,SABANCI ÜNİVERSİTESİ,bus,iett_gtfs,Tuzla,True,False
iett_111__bus,iett_111,111,PİRİ REİS ÜNVERSİTESİ,bus,iett_gtfs,Tuzla,True,False
iett_112__metrobus,iett_112,112,PİRİ REİS ÜNİVERSİTESİ,metrobus,iett_gtfs,Tuzla,True,True
iett_113__bus,iett_113,113,ÇİÇEKÇİLER,bus,iett_gtfs,Tuzla,True,False
iett_114__bus,iett_114,114,ÇİÇEKÇİLER,bus,iett_gtfs,Tuzla,True,False
iett_114__metrobus,iett_114,114,ÇİÇEKÇİLER,metrobus,iett_gtfs,Tuzla,True,True
iett_115__bus,iett_115,115,BAHÇELER,bus,iett_gtfs,Tuzla,True,False
iett_116__metrobus,iett_116,116,BAHÇELER,metrobus,iett_gtfs,Tuzla,True,True
iett_117__bus,iett_117,117,KALEKAPI,bus,iett_gtfs,Tuzla,True,False
iett_118__bus,iett_118,118,KALEKAPI,bus,iett_gtfs,Tuzla,True,False
iett_118__metrobus,iett_118,118,KALEKAPI,metrobus,iett_gtfs,Tuzla,True,True
iett_119__bus,iett_119,119,TUZLA ANADOLU LİSESİ,bus,iett_gtfs,Tuzla,True,False
iett_120__metrobus,iett_120,120,TUZLA ANADOLU LİSESİ,metrobus,iett_gtfs,Tuzla,True,True
iett_121__bus,iett_121,121,ŞEHİT ORGENERAL EŞREF BİTLİS PARKI,bus,iett_gtfs,Tuzla,True,False
iett_122__metrobus,iett_122,122,ŞEHİT ORGENERAL EŞREF BİTLİS PARKI,metrobus,iett_gtfs,Tuzla,True,True
iett_123__bus,iett_123,123,ŞEHİT ORGENERAL EŞREF BİTLİS PARKI,bus,iett_gtfs,Tuzla,True,False
iett_125__bus,iett_125,125,GALATASARAYLILAR SİTESİ,bus,iett_gtfs,Tuzla,True,False
iett_126__metrobus,iett_126,126,GALATASARAYLILAR SİTESİ,metrobus,iett_gtfs,Tuzla,True,True
iett_127__bus,iett_127,127,VATAN CADDESİ,bus,iett_gtfs,Tuzla,True,False
iett_128__bus,iett_128,128,VATAN CADDESİ,bus,iett_gtfs,Tuzla,True,False
iett_128__metrobus,iett_128,128,VATAN CADDESİ,metrobus,iett_gtfs,Tuzla,True,True
iett_129__bus,iett_129,129,VALİLER SİTESİ,bus,iett_gtfs,Tuzla,True,False
iett_130__bus,iett_130,130,VALİLER SİTESİ,bus,iett_gtfs,Tuzla,True,False
iett_130__metrobus,iett_130,130,VALİLER SİTESİ,metrobus,iett_gtfs,Tuzla,True,True
iett_131__bus,iett_131,131,DÖRTYOL,bus,iett_gtfs,Tuzla,True,False
iett_132__metrobus,iett_132,132,DÖRTYOL,metrobus,iett_gtfs,Tuzla,True,True
iett_746__bus,iett_746,746,RIHTIM SOKAK,bus,iett_gtfs,Pendik,True,False
iett_747__bus,iett_747,747,RIHTIM SOKAK,bus,iett_gtfs,Pendik,True,False
iett_133__bus,iett_133,133,FEVZİ ÇAKMAK CADDESİ,bus,iett_gtfs,Tuzla,True,False
iett_134__metrobus,iett_134,134,FEVZİ ÇAKMAK CADDESİ,metrobus,iett_gtfs,Tuzla,True,True
iett_135__bus,iett_135,135,GÜRSEL SOKAK,bus,iett_gtfs,Tuzla,True,False
iett_136__metrobus,iett_136,136,GÜRSEL SOKAK,metrobus,iett_gtfs,Tuzla,True,True
iett_143__bus,iett_143,143,CEZERİ MESLEKİ VE TEKNİK ANADOLU LİSESİ,bus,iett_gtfs,Tuzla,True,False
iett_144__bus,iett_144,144,CEZERİ MESLEKİ VE TEKNİK ANADOLU LİSESİ,bus,iett_gtfs,Tuzla,True,False
iett_144__metrobus,iett_144,144,CEZERİ MESLEKİ VE TEKNİK ANADOLU LİSESİ,metrobus,iett_gtfs,Tuzla,True,True
iett_145__bus,iett_145,145,HİLMİ SONAY AİLE SAĞLIĞI MERKEZİ,bus,iett_gtfs,Tuzla,True,False
iett_146__bus,iett_146,146,HİLMİ SONAY AİLE SAĞLIĞI MERKEZİ,bus,iett_gtfs,Tuzla,True,False
iett_146__metrobus,iett_146,146,HİLMİ SONAY AİLE SAĞLIĞI MERKEZİ,metrobus,iett_gtfs,Tuzla,True,True
iett_147__bus,iett_147,147,EVLİYA ÇELEBİ CAMİİ,bus,iett_gtfs,Tuzla,True,False
iett_148__bus,iett_148,148,EVLİYA ÇELEBİ CAMİİ,bus,iett_gtfs,Tuzla,True,False
iett_148__metrobus,iett_148,148,EVLİYA ÇELEBİ CAMİİ,metrobus,iett_gtfs,Tuzla,True,True
iett_149__bus,iett_149,149,TUZLA BELEDİYESİ,bus,iett_gtfs,Tuzla,True,False
iett_150__bus,iett_150,150,TUZLA BELEDİYESİ,bus,iett_gtfs,Tuzla,True,False
iett_150__metrobus,iett_150,150,TUZLA BELEDİYESİ,metrobus,iett_gtfs,Tuzla,True,True
iett_151__bus,iett_151,151,TUZLA BELEDİYESİ,bus,iett_gtfs,Tuzla,True,False
iett_152__bus,iett_152,152,ŞİFALI SULAR,bus,iett_gtfs,Tuzla,True,False
iett_153__bus,iett_153,153,ŞİFALI SULAR,bus,iett_gtfs,Tuzla,True,False
iett_153__metrobus,iett_153,153,ŞİFALI SULAR,metrobus,iett_gtfs,Tuzla,True,True
iett_154__bus,iett_154,154,TERSANELER,bus,iett_gtfs,Tuzla,True,False
iett_154__metrobus,iett_154,154,TERSANELER,metrobus,iett_gtfs,Tuzla,True,True
iett_155__bus,iett_155,155,TERSANELER,bus,iett_gtfs,Tuzla,True,False
iett_156__bus,iett_156,156,ŞEHİTLER CADDESİ,bus,iett_gtfs,Tuzla,True,False
iett_140__bus,iett_140,140,İSTASYON YOLU,bus,iett_gtfs,Tuzla,True,False
iett_141__metrobus,iett_141,141,İSTASYON YOLU,metrobus,iett_gtfs,Tuzla,True,True
iett_161__bus,iett_161,161,İÇMELER MERKEZ,bus,iett_gtfs,Tuzla,True,False
iett_163__bus,iett_163,163,PEYAMİ SAFA İLKOKULU,bus,iett_gtfs,Tuzla,True,False
iett_165__bus,iett_165,165,İMKB MESLEKİ VE TEKNİK ANADOLU LİSESİ,bus,iett_gtfs,Tuzla,True,False
iett_166__bus,iett_166,166,İMKB MESLEKİ VE TEKNİK ANADOLU LİSESİ,bus,iett_gtfs,Tuzla,True,False
iett_167__bus,iett_167,167,YILDIZ CAMİİ,bus,iett_gtfs,Tuzla,True,False
iett_578492__bus,iett_578492,578492,3.CADDE,bus,iett_gtfs,Ataşehir,True,False
iett_169__bus,iett_169,169,ALPER SOKAK,bus,iett_gtfs,Tuzla,True,False
iett_510185__bus,iett_510185,510185,SEYRANTEPE A1 KAPISI,bus,iett_gtfs,Maltepe,True,False
iett_510186__bus,iett_510186,510186,SEYRANTEPE A1 KAPISI,bus,iett_gtfs,Maltepe,True,False
iett_2__bus,iett_2,2,AYDINLI MUHTARLIĞI,bus,iett_gtfs,Tuzla,True,False
iett_3__bus,iett_3,3,AYDINLI MUHTARLIĞI,bus,iett_gtfs,Tuzla,True,False
iett_4__bus,iett_4,4,TEPE MAHALLESİ,bus,iett_gtfs,Tuzla,True,False
iett_5__bus,iett_5,5,TEPE MAHALLESİ,bus,iett_gtfs,Tuzla,True,False
iett_6__bus,iett_6,6,ÇAKIRAĞA,bus,iett_gtfs,Tuzla,True,False
iett_7__bus,iett_7,7,ÇAKIRAĞA,bus,iett_gtfs,Tuzla,True,False
iett_8__bus,iett_8,8,YEDEK PARÇACILAR SİTESİ,bus,iett_gtfs,Tuzla,True,False
iett_9__bus,iett_9,9,YEDEK PARÇACILAR SİTESİ,bus,iett_gtfs,Tuzla,True,False
iett_10__bus,iett_10,10,KONAŞLI MERKEZ,bus,iett_gtfs,Tuzla,True,False
iett_12__bus,iett_12,12,GÖNÜL SOKAK,bus,iett_gtfs,Tuzla,True,False
iett_13__bus,iett_13,13,GÖNÜL SOKAK,bus,iett_gtfs,Tuzla,True,False
iett_14__bus,iett_14,14,MALAZGİRT CADDESİ,bus,iett_gtfs,Tuzla,True,False
iett_15__bus,iett_15,15,MALAZGİRT CADDESİ,bus,iett_gtfs,Tuzla,True,False
iett_16__bus,iett_16,16,ORHANLI MERKEZ,bus,iett_gtfs,Tuzla,True,False
iett_17__bus,iett_17,17,ORHANLI MERKEZ,bus,iett_gtfs,Tuzla,True,False
iett_18__bus,iett_18,18,TEPEÖREN DÖRTYOL,bus,iett_gtfs,Tuzla,True,False
iett_20__bus,iett_20,20,TEPEÖREN DÖRTYOL,bus,iett_gtfs,Tuzla,True,False
iett_21__bus,iett_21,21,TEPEÖREN DÖRTYOL,bus,iett_gtfs,Tuzla,True,False
iett_22__bus,iett_22,22,CEMİL TÜRKER İLKOKULU,bus,iett_gtfs,Tuzla,True,False
iett_23__bus,iett_23,23,CEMİL TÜRKER İLKOKULU,bus,iett_gtfs,Tuzla,True,False
iett_1398__bus,iett_1398,1398,YUNUS,bus,iett_gtfs,Kartal,True,False
iett_1400__bus,iett_1400,1400,SARAYLAR CADDESİ,bus,iett_gtfs,Kartal,True,False
iett_1402__bus,iett_1402,1402,ÇINAR,bus,iett_gtfs,Kartal,True,False
iett_1404__bus,iett_1404,1404,HACILAR SOKAK,bus,iett_gtfs,Kartal,True,False
iett_1406__bus,iett_1406,1406,METEOROLOJİ MÜDÜRLÜĞÜ,bus,iett_gtfs,Kartal,True,False
iett_578494__bus,iett_578494,578494,DARÜLACEZE MÜDÜRLÜĞÜ,bus,iett_gtfs,Ataşehir,True,False
iett_578495__bus,iett_578495,578495,DARÜLACEZE MÜDÜRLÜĞÜ,bus,iett_gtfs,Ataşehir,True,False
iett_578496__bus,iett_578496,578496,CELAL YARDIMCI İLKOKULU,bus,iett_gtfs,Ataşehir,True,False
iett_578497__bus,iett_578497,578497,CELAL YARDIMCI İLKOKULU,bus,iett_gtfs,Ataşehir,True,False
iett_748__bus,iett_748,748,YILDIRIM BEYAZIT CAMİİ,bus,iett_gtfs,Pendik,True,False
iett_749__bus,iett_749,749,YILDIRIM BEYAZIT CAMİİ,bus,iett_gtfs,Pendik,True,False
iett_578498__bus,iett_578498,578498,KAYIŞDAĞI YOLU,bus,iett_gtfs,Ataşehir,True,False
iett_578499__bus,iett_578499,578499,KAYIŞDAĞI YOLU ,bus,iett_gtfs,Ataşehir,True,False
iett_289661__bus,iett_289661,289661,MOLLA GÜRANİ CAMİİ,bus,iett_gtfs,Pendik,True,False
iett_751__bus,iett_751,751,MOLLA GÜRANİ CAMİİ,bus,iett_gtfs,Pendik,True,False
iett_753__bus,iett_753,753,MELET KONUTLARI,bus,iett_gtfs,Pendik,True,False
iett_754__bus,iett_754,754,MELET KONUTLARI,bus,iett_gtfs,Pendik,True,False
iett_755__bus,iett_755,755,ATACAN AKGÜL SİT -PENDİK BİLSEM,bus,iett_gtfs,Pendik,True,False
iett_756__bus,iett_756,756,ATACAN AKGÜL SİT.- PENDİK BİLSEM,bus,iett_gtfs,Pendik,True,False
iett_757__bus,iett_757,757,BİRLİK SİTESİ,bus,iett_gtfs,Pendik,True,False
iett_758__bus,iett_758,758,BİRLİK SİTESİ,bus,iett_gtfs,Pendik,True,False
iett_761__bus,iett_761,761,FABRİKALAR,bus,iett_gtfs,Pendik,True,False
iett_763__bus,iett_763,763,KAVAKPINAR  DÖRTYOL,bus,iett_gtfs,Pendik,True,False
iett_765__bus,iett_765,765,YALÇIN SOKAK,bus,iett_gtfs,Pendik,True,False
iett_766__bus,iett_766,766,YALÇIN SOKAK,bus,iett_gtfs,Pendik,True,False
iett_767__bus,iett_767,767,ABDİ İPEKÇİ CADDESİ,bus,iett_gtfs,Pendik,True,False
iett_768__bus,iett_768,768,ABDİ İPEKÇİ CADDESİ,bus,iett_gtfs,Pendik,True,False
iett_769__bus,iett_769,769,FİLİZ SOKAK,bus,iett_gtfs,Pendik,True,False
iett_771__bus,iett_771,771,KOCA SİNAN CAMİİ,bus,iett_gtfs,Pendik,True,False
iett_773__bus,iett_773,773,PARSELLER,bus,iett_gtfs,Pendik,True,False
iett_774__bus,iett_774,774,PARSELLER,bus,iett_gtfs,Pendik,True,False
iett_776__bus,iett_776,776,BOTAŞ,bus,iett_gtfs,Pendik,True,False
iett_778__bus,iett_778,778,BELEDİYE GARAJI,bus,iett_gtfs,Pendik,True,False
iett_1426__bus,iett_1426,1426,KERESTECİLER,bus,iett_gtfs,Kartal,True,False
iett_1426__metrobus,iett_1426,1426,KERESTECİLER,metrobus,iett_gtfs,Kartal,True,True
iett_779__bus,iett_779,779,KERESTECİLER,bus,iett_gtfs,Kartal,True,False
iett_1427__bus,iett_1427,1427,FİZİKSEL ENGELLİLER VAKFI ORHANTEPE,bus,iett_gtfs,Kartal,True,False
iett_1428__bus,iett_1428,1428,FİZİKSEL ENGELLİLER VAKFI ORHANTEPE,bus,iett_gtfs,Kartal,True,False
iett_1429__bus,iett_1429,1429,KARTAL SAHİL,bus,iett_gtfs,Kartal,True,False
iett_1430__bus,iett_1430,1430,KARTAL SAHİL,bus,iett_gtfs,Kartal,True,False
iett_578500__bus,iett_578500,578500,ATAŞEHİR TOPLUM SAĞLIĞI MERKEZİ,bus,iett_gtfs,Ataşehir,True,False
iett_578501__bus,iett_578501,578501,ATAŞEHİR TOPLUM SAĞLIĞI MERKEZİ,bus,iett_gtfs,Ataşehir,True,False
iett_26__bus,iett_26,26,TUZLA KÖPRÜSÜ,bus,iett_gtfs,Tuzla,True,False
iett_27__bus,iett_27,27,TUZLA KÖPRÜSÜ,bus,iett_gtfs,Tuzla,True,False
iett_28__bus,iett_28,28,TUZLA KÖPRÜSÜ,bus,iett_gtfs,Tuzla,True,False
iett_578502__bus,iett_578502,578502,HİSARKENT SİTESİ,bus,iett_gtfs,Ataşehir,True,False
iett_780__bus,iett_780,780,PARK,bus,iett_gtfs,Pendik,True,False
iett_781__bus,iett_781,781,PARK,bus,iett_gtfs,Pendik,True,False
iett_782__bus,iett_782,782,ENSAR CADDESİ,bus,iett_gtfs,Pendik,True,False
iett_783__bus,iett_783,783,ENSAR CADDESİ,bus,iett_gtfs,Pendik,True,False
iett_784__bus,iett_784,784,LALE SİTESİ,bus,iett_gtfs,Pendik,True,False
iett_785__bus,iett_785,785,LALE SİTESİ,bus,iett_gtfs,Pendik,True,False
iett_578503__bus,iett_578503,578503,İÇERENKÖY POLİS MERKEZİ,bus,iett_gtfs,Ataşehir,True,False
iett_786__bus,iett_786,786,İSKİ TESİSLERİ,bus,iett_gtfs,Pendik,True,False
iett_787__bus,iett_787,787,ŞEHİT HİKMET EFENDİ CADDESİ,bus,iett_gtfs,Pendik,True,False
iett_788__bus,iett_788,788,KASEM SOKAK,bus,iett_gtfs,Pendik,True,False
iett_578505__bus,iett_578505,578505,TURGUT ÖZAL BULVARI,bus,iett_gtfs,Ataşehir,True,False
iett_578506__bus,iett_578506,578506,TURGUT ÖZAL BULVARI,bus,iett_gtfs,Ataşehir,True,False
iett_578507__bus,iett_578507,578507,KIBLE SOKAK,bus,iett_gtfs,Ümraniye,True,False
iett_789__bus,iett_789,789,TERSANELER CADDESİ,bus,iett_gtfs,Pendik,True,False
iett_31__bus,iett_31,31,AYIŞIĞI SOKAK,bus,iett_gtfs,Tuzla,True,False
iett_32__metrobus,iett_32,32,AYIŞIĞI SOKAK,metrobus,iett_gtfs,Tuzla,True,True
iett_1435__bus,iett_1435,1435,ÜSKÜDAR CADDESİ,bus,iett_gtfs,Kartal,True,False
iett_1436__bus,iett_1436,1436,ÜSKÜDAR CADDESİ,bus,iett_gtfs,Kartal,True,False
iett_791__bus,iett_791,791,DEDEPAŞA BULVARI,bus,iett_gtfs,Pendik,True,False
iett_792__bus,iett_792,792,DEDEPAŞA BULVARI,bus,iett_gtfs,Pendik,True,False
iett_578509__bus,iett_578509,578509,ACISU,bus,iett_gtfs,Ataşehir,True,False
iett_510189__bus,iett_510189,510189,NEZAHAT ASLAN EKŞİOĞLU İLKOKULU,bus,iett_gtfs,Maltepe,True,False
iett_510190__bus,iett_510190,510190,NEZAHAT ASLAN EKŞİOĞLU İLKOKULU,bus,iett_gtfs,Maltepe,True,False
iett_510190__metrobus,iett_510190,510190,NEZAHAT ASLAN EKŞİOĞLU İLKOKULU,metrobus,iett_gtfs,Maltepe,True,True
iett_1437__bus,iett_1437,1437,CEVİZLİ İSTASYON,bus,iett_gtfs,Kartal,True,False
iett_1438__bus,iett_1438,1438,CEVİZLİ İSTASYON,bus,iett_gtfs,Kartal,True,False
iett_510675__bus,iett_510675,510675,SARAYARDI CADDESİ,bus,iett_gtfs,Kadıköy,True,False
iett_510676__bus,iett_510676,510676,SARAYARDI CADDESİ,bus,iett_gtfs,Kadıköy,True,False
iett_1439__bus,iett_1439,1439,KARTAL SANAYİ,bus,iett_gtfs,Kartal,True,False
iett_1439__metrobus,iett_1439,1439,KARTAL SANAYİ,metrobus,iett_gtfs,Kartal,True,True
iett_1440__bus,iett_1440,1440,KARTAL SANAYİ,bus,iett_gtfs,Kartal,True,False
iett_1441__bus,iett_1441,1441,ATALAR ALT GEÇİT,bus,iett_gtfs,Kartal,True,False
iett_1442__bus,iett_1442,1442,ATALAR ALT GEÇİT,bus,iett_gtfs,Kartal,True,False
iett_1443__bus,iett_1443,1443,YEMENİ SOKAK,bus,iett_gtfs,Kartal,True,False
iett_1444__bus,iett_1444,1444,YEMENİ SOKAK,bus,iett_gtfs,Kartal,True,False
iett_1445__bus,iett_1445,1445,GONCA SOKAK,bus,iett_gtfs,Kartal,True,False
iett_1446__bus,iett_1446,1446,GONCA SOKAK,bus,iett_gtfs,Kartal,True,False
iett_1447__bus,iett_1447,1447,BAŞAK SOKAK,bus,iett_gtfs,Kartal,True,False
iett_795__bus,iett_795,795,SELÇUKLU CADDESİ,bus,iett_gtfs,Pendik,True,False
iett_796__bus,iett_796,796,SELÇUKLU CADDESİ,bus,iett_gtfs,Pendik,True,False
iett_1449__bus,iett_1449,1449,ATA SOKAK,bus,iett_gtfs,Kartal,True,False
iett_510677__bus,iett_510677,510677,ADİLE NAŞİT SOKAK,bus,iett_gtfs,Kadıköy,True,False
iett_510678__bus,iett_510678,510678,CEBESOY SOKAK,bus,iett_gtfs,Kadıköy,True,False
iett_797__bus,iett_797,797,TERSANE CADDESİ GİRİŞİ,bus,iett_gtfs,Pendik,True,False
iett_33__bus,iett_33,33,NALBANT CAMİİ,bus,iett_gtfs,Tuzla,True,False
iett_34__metrobus,iett_34,34,NALBANT CAMİİ,metrobus,iett_gtfs,Tuzla,True,True
iett_35__bus,iett_35,35,TURGUT REİS SANAYİ,bus,iett_gtfs,Tuzla,True,False
iett_36__bus,iett_36,36,TURGUT REİS SANAYİ,bus,iett_gtfs,Tuzla,True,False
iett_800__bus,iett_800,800,YUNUS EMRE CADDESİ,bus,iett_gtfs,Pendik,True,False
iett_801__bus,iett_801,801,TOKİ KONUTLARI,bus,iett_gtfs,Pendik,True,False
iett_802__bus,iett_802,802,TOKİ KONUTLARI,bus,iett_gtfs,Pendik,True,False
iett_803__bus,iett_803,803,MUSTAFA SAFFET FEN LİSESİ,bus,iett_gtfs,Pendik,True,False
iett_5251147__bus,iett_5251147,5251147,MUSTAFA SAFFET FEN LİSESİ,bus,iett_gtfs,Pendik,True,False
iett_804__bus,iett_804,804,YONCA SOKAK,bus,iett_gtfs,Pendik,True,False
iett_806__bus,iett_806,806,AKİK EVLERİ,bus,iett_gtfs,Pendik,True,False
iett_808__bus,iett_808,808,ÇAMLIK SPOR TESİSLERİ,bus,iett_gtfs,Pendik,True,False
iett_810__bus,iett_810,810,UGETAM,bus,iett_gtfs,Pendik,True,False
iett_811__bus,iett_811,811,UGETAM,bus,iett_gtfs,Pendik,True,False
iett_812__bus,iett_812,812,UGETAM,bus,iett_gtfs,Pendik,True,False
iett_813__bus,iett_813,813,UGETAM,bus,iett_gtfs,Pendik,True,False
iett_814__bus,iett_814,814,YAHYA KEMAL BEYATLI,bus,iett_gtfs,Pendik,True,False
iett_815__bus,iett_815,815,YAHYA KEMAL BEYATLI,bus,iett_gtfs,Pendik,True,False
iett_816__bus,iett_816,816,GEDİK ÜNİVERSİTESİ SPOR BİLİMLERİ FAKÜLTESİ,bus,iett_gtfs,Pendik,True,False
iett_817__bus,iett_817,817,GEDİK ÜNİVERSİTESİ SPOR BİLİMLERİ FAKÜLTESİ,bus,iett_gtfs,Pendik,True,False
iett_818__bus,iett_818,818,ALİYA İZZET BEGOVİÇ CAMİİ,bus,iett_gtfs,Pendik,True,False
iett_819__bus,iett_819,819,ALİYA İZZET BEGOVİÇ CAMİİ,bus,iett_gtfs,Pendik,True,False
iett_37__bus,iett_37,37,AYDINLI YOLU CADDESİ,bus,iett_gtfs,Tuzla,True,False
iett_38__bus,iett_38,38,AYDINLI YOLU CADDESİ,bus,iett_gtfs,Tuzla,True,False
iett_39__bus,iett_39,39,AKFIRAT VİLLALARI,bus,iett_gtfs,Tuzla,True,False
iett_40__bus,iett_40,40,AKFIRAT VİLLALARI,bus,iett_gtfs,Tuzla,True,False
iett_41__bus,iett_41,41,GÜLİSTAN,bus,iett_gtfs,Tuzla,True,False
iett_42__bus,iett_42,42,GÜLİSTAN,bus,iett_gtfs,Tuzla,True,False
iett_42__metrobus,iett_42,42,GÜLİSTAN,metrobus,iett_gtfs,Tuzla,True,True
iett_43__bus,iett_43,43,AKFIRAT CADDESİ,bus,iett_gtfs,Tuzla,True,False
iett_45__bus,iett_45,45,AKFIRAT MUHTARLIĞI,bus,iett_gtfs,Tuzla,True,False
iett_47__bus,iett_47,47,AKFIRAT,bus,iett_gtfs,Tuzla,True,False
iett_820__bus,iett_820,820,ÇAMLIK SİTESİ,bus,iett_gtfs,Pendik,True,False
iett_821__bus,iett_821,821,ÇAMLIK SİTESİ,bus,iett_gtfs,Pendik,True,False
iett_822__bus,iett_822,822,ALPSU SİTESİ,bus,iett_gtfs,Pendik,True,False
iett_823__bus,iett_823,823,ALPSU SİTESİ,bus,iett_gtfs,Pendik,True,False
iett_48__bus,iett_48,48,İHSAN HAYRİYE HÜRDOĞAN İLKOKULU,bus,iett_gtfs,Tuzla,True,False
iett_50__bus,iett_50,50,LEYLAK SOKAK,bus,iett_gtfs,Tuzla,True,False
iett_51__bus,iett_51,51,LEYLAK SOKAK,bus,iett_gtfs,Tuzla,True,False
iett_52__bus,iett_52,52,TELEFON SANTRALİ,bus,iett_gtfs,Tuzla,True,False
iett_54__bus,iett_54,54,ÇAMLI BELDE,bus,iett_gtfs,Tuzla,True,False
iett_56__bus,iett_56,56,TUZLA EMLAK KONUTLARI,bus,iett_gtfs,Tuzla,True,False
iett_824__bus,iett_824,824,SONYOL SOKAK,bus,iett_gtfs,Tuzla,True,False
iett_825__bus,iett_825,825,SONYOL SOKAK,bus,iett_gtfs,Tuzla,True,False
iett_826__bus,iett_826,826,ALPARSLAN TÜRKEŞ CADDESİ,bus,iett_gtfs,Pendik,True,False
iett_828__bus,iett_828,828,HİLAL SOKAK,bus,iett_gtfs,Pendik,True,False
iett_830__bus,iett_830,830,EĞİLMEZ SOKAK,bus,iett_gtfs,Pendik,True,False
iett_832__bus,iett_832,832,SULTAN ABDÜLHAMİD CAMİİ,bus,iett_gtfs,Pendik,True,False
iett_833__bus,iett_833,833,SULTAN ABDÜLHAMİD CAMİİ,bus,iett_gtfs,Pendik,True,False
iett_578512__bus,iett_578512,578512,ERYILDIZ,bus,iett_gtfs,Ümraniye,True,False
iett_578513__bus,iett_578513,578513,ATAŞEHİR İGDAŞ,bus,iett_gtfs,Ümraniye,True,False
iett_578514__bus,iett_578514,578514,DUDULLU TERMİNALİ,bus,iett_gtfs,Ataşehir,True,False
iett_578475__bus,iett_578475,578475,DUDULLU TERMİNALİ,bus,iett_gtfs,Ümraniye,True,False
iett_578515__bus,iett_578515,578515,ÖZGÜR SOKAK,bus,iett_gtfs,Ataşehir,True,False
iett_578516__bus,iett_578516,578516,VİYANA SOKAK,bus,iett_gtfs,Ataşehir,True,False
iett_836__bus,iett_836,836,PENDİK BELEDİYESİ HİZMET BİNASI,bus,iett_gtfs,Pendik,True,False
iett_837__bus,iett_837,837,PENDİK BELEDİYESİ HİZMET BİNASI,bus,iett_gtfs,Pendik,True,False
iett_838__bus,iett_838,838,HUKUKÇULAR SİTESİ,bus,iett_gtfs,Pendik,True,False
iett_839__bus,iett_839,839,HUKUKÇULAR SİTESİ,bus,iett_gtfs,Pendik,True,False
iett_840__bus,iett_840,840,ŞEHİT MURAT ÇELİK PARKI,bus,iett_gtfs,Pendik,True,False
iett_842__bus,iett_842,842,ÇANAKKALE ŞEHİTLERİ CAMİİ,bus,iett_gtfs,Pendik,True,False
iett_848__bus,iett_848,848,TEVHİD SOKAK,bus,iett_gtfs,Pendik,True,False
iett_849__bus,iett_849,849,TEVHİD SOKAK,bus,iett_gtfs,Pendik,True,False
iett_850__bus,iett_850,850,İBB DERS ATÖLYESİ,bus,iett_gtfs,Pendik,True,False
iett_851__bus,iett_851,851,İBB DERS ATÖLYESİ,bus,iett_gtfs,Pendik,True,False
iett_510202__bus,iett_510202,510202,NİL CADDESİ ,bus,iett_gtfs,Maltepe,True,False
iett_510204__bus,iett_510204,510204,ŞEHİT İBRAHİM CENGİZ İMAM HATİP ORTAOKULU,bus,iett_gtfs,Maltepe,True,False
iett_510206__bus,iett_510206,510206,ÇEŞMEBAŞI YOKUŞU,bus,iett_gtfs,Maltepe,True,False
iett_510207__bus,iett_510207,510207,ÇEŞMEBAŞI YOKUŞU,bus,iett_gtfs,Maltepe,True,False
iett_58__bus,iett_58,58,KASRI ARİFAN,bus,iett_gtfs,Tuzla,True,False
iett_852__bus,iett_852,852,MEVLANA CADDESİ,bus,iett_gtfs,Pendik,True,False
iett_510208__bus,iett_510208,510208,ESKİCİBAĞ CADDESİ,bus,iett_gtfs,Maltepe,True,False
iett_510210__bus,iett_510210,510210,ŞEHİT ORHUN GÖYTAN,bus,iett_gtfs,Maltepe,True,False
iett_510682__bus,iett_510682,510682,YANYOL,bus,iett_gtfs,Kadıköy,True,False
iett_854__bus,iett_854,854,YILDIZTEPE CAMİİ,bus,iett_gtfs,Pendik,True,False
iett_856__bus,iett_856,856,ÜNZİLE SOKAK,bus,iett_gtfs,Pendik,True,False
iett_857__bus,iett_857,857,ÜNZİLE SOKAK,bus,iett_gtfs,Pendik,True,False
iett_290710__bus,iett_290710,290710,MENEKŞE SİTESİ,bus,iett_gtfs,Sultanbeyli,True,False
iett_858__bus,iett_858,858,MENEKŞE SİTESİ,bus,iett_gtfs,Pendik,True,False
iett_290711__bus,iett_290711,290711,KÜRE SOKAK,bus,iett_gtfs,Sultanbeyli,True,False
iett_859__bus,iett_859,859,KÜRE SOKAK,bus,iett_gtfs,Pendik,True,False
iett_860__bus,iett_860,860,ÇAMLIK İSMEK - HACI ŞEFİKA CANSU CAMİ,bus,iett_gtfs,Pendik,True,False
iett_862__bus,iett_862,862,CAHİT ZARİFOĞLU CADDESİ,bus,iett_gtfs,Pendik,True,False
iett_510213__bus,iett_510213,510213,KIR SOKAK ,bus,iett_gtfs,Maltepe,True,False
iett_62__bus,iett_62,62,BALLICA SAPAĞI,bus,iett_gtfs,Tuzla,True,False
iett_63__bus,iett_63,63,BALLICA SAPAĞI,bus,iett_gtfs,Tuzla,True,False
iett_64__bus,iett_64,64,OKAN ÜNİVERSİTESİ,bus,iett_gtfs,Tuzla,True,False
iett_65__bus,iett_65,65,OKAN ÜNİVERSİTESİ,bus,iett_gtfs,Tuzla,True,False
iett_578525__bus,iett_578525,578525,ATAŞEHİR AĞIZ VE DİŞ SAĞLIĞI HASTANESİ,bus,iett_gtfs,Ataşehir,True,False
iett_5252808__bus,iett_5252808,5252808,ATAŞEHİR AĞIZ VE DİŞ SAĞLIĞI HASTANESİ,bus,iett_gtfs,Ataşehir,True,False
iett_578527__bus,iett_578527,578527,BATI ATAŞEHİR PERONLAR,bus,iett_gtfs,Ataşehir,True,False
iett_246__bus,iett_246,246,DURAK SOKAK,bus,iett_gtfs,Tuzla,True,False
iett_248__bus,iett_248,248,ALİYA İZZETBEGOVİÇ PARKI,bus,iett_gtfs,Tuzla,True,False
iett_1456__bus,iett_1456,1456,KARTAL POLİKLİNİKLER,bus,iett_gtfs,Kartal,True,False
iett_251__bus,iett_251,251,DERMANBEY,bus,iett_gtfs,Tuzla,True,False
iett_252__bus,iett_252,252,GÜNNUR SOKAK ,bus,iett_gtfs,Tuzla,True,False
iett_866__bus,iett_866,866,VELİBABA SAPAĞI,bus,iett_gtfs,Pendik,True,False
iett_868__bus,iett_868,868,BÜLBÜL SOKAK,bus,iett_gtfs,Pendik,True,False
iett_578528__bus,iett_578528,578528,DURSUNBEY CADDESİ,bus,iett_gtfs,Ataşehir,True,False
iett_578529__bus,iett_578529,578529,DURSUNBEY CADDESİ,bus,iett_gtfs,Ataşehir,True,False
iett_870__bus,iett_870,870,ERGENEKON İLKOKULU,bus,iett_gtfs,Pendik,True,False
iett_578530__bus,iett_578530,578530,MEHMET USLU CAMİİ,bus,iett_gtfs,Ataşehir,True,False
iett_873__bus,iett_873,873,HAKİŞ SİTESİ,bus,iett_gtfs,Pendik,True,False
iett_874__bus,iett_874,874,HAKİŞ SİTESİ,bus,iett_gtfs,Pendik,True,False
iett_877__bus,iett_877,877,GONCA SOKAK,bus,iett_gtfs,Pendik,True,False
iett_878__bus,iett_878,878,GONCA SOKAK,bus,iett_gtfs,Pendik,True,False
iett_510223__bus,iett_510223,510223,DR.SADIK AHMET,bus,iett_gtfs,Maltepe,True,False
iett_510224__bus,iett_510224,510224,DR.SADIK AHMET,bus,iett_gtfs,Maltepe,True,False
iett_510225__bus,iett_510225,510225,BÜYÜKBAKKALKÖY SAPAĞI,bus,iett_gtfs,Sancaktepe,True,False
iett_253__bus,iett_253,253,HÜRRİYET CADDESİ,bus,iett_gtfs,Tuzla,True,False
iett_254__bus,iett_254,254,HÜRRİYET CADDESİ,bus,iett_gtfs,Tuzla,True,False
iett_255__bus,iett_255,255,İÇMELER İSTASYON,bus,iett_gtfs,Tuzla,True,False
iett_256__bus,iett_256,256,İÇMELER İSTASYON,bus,iett_gtfs,Tuzla,True,False
iett_510230__bus,iett_510230,510230,TUGAY YOLU CADDESİ,bus,iett_gtfs,Maltepe,True,False
iett_510231__bus,iett_510231,510231,TUGAY YOLU CADDESİ,bus,iett_gtfs,Maltepe,True,False
iett_510232__bus,iett_510232,510232,YILMAZ MIZRAK ORTAOKULU,bus,iett_gtfs,Maltepe,True,False
iett_510233__bus,iett_510233,510233,YILMAZ MIZRAK ORTAOKULU,bus,iett_gtfs,Maltepe,True,False
iett_257__bus,iett_257,257,AYDINLI,bus,iett_gtfs,Tuzla,True,False
iett_882__bus,iett_882,882,RAMAZANOĞLU MAHALLESİ,bus,iett_gtfs,Pendik,True,False
iett_883__bus,iett_883,883,ÇAMÇEŞME MUHTARLIĞI,bus,iett_gtfs,Pendik,True,False
iett_884__bus,iett_884,884,ÇAMÇEŞME MUHTARLIĞI,bus,iett_gtfs,Pendik,True,False
iett_1459__bus,iett_1459,1459,UĞUR CADDESİ,bus,iett_gtfs,Kartal,True,False
iett_1460__bus,iett_1460,1460,UĞUR CADDESİ,bus,iett_gtfs,Kartal,True,False
iett_1461__bus,iett_1461,1461,YAKACIK CADDESİ,bus,iett_gtfs,Kartal,True,False
iett_1463__bus,iett_1463,1463,YILMAZ SOKAK,bus,iett_gtfs,Kartal,True,False
iett_5251020__bus,iett_5251020,5251020,YILMAZ SOKAK,bus,iett_gtfs,Kartal,True,False
iett_885__bus,iett_885,885,MİSAKI MİLLİ CADDESİ,bus,iett_gtfs,Pendik,True,False
iett_578532__bus,iett_578532,578532,KADIKÖY BELEDİYESİ HAYVAN BARINAĞI,bus,iett_gtfs,Ataşehir,True,False
iett_5250527__bus,iett_5250527,5250527,KADIKÖY BELEDİYESİ HAYVAN BARINAĞI,bus,iett_gtfs,Ümraniye,True,False
iett_887__bus,iett_887,887,SEMERKANT BULVARI,bus,iett_gtfs,Pendik,True,False
iett_888__bus,iett_888,888,SEMERKANT BULVARI,bus,iett_gtfs,Pendik,True,False
iett_889__bus,iett_889,889,REYHAN CADDESİ,bus,iett_gtfs,Pendik,True,False
iett_890__bus,iett_890,890,REYHAN CADDESİ,bus,iett_gtfs,Pendik,True,False
iett_891__bus,iett_891,891,MEZARLIK YOLU,bus,iett_gtfs,Pendik,True,False
iett_892__bus,iett_892,892,MEZARLIK YOLU,bus,iett_gtfs,Pendik,True,False
iett_893__bus,iett_893,893,SINIR CADDESİ,bus,iett_gtfs,Pendik,True,False
iett_510239__bus,iett_510239,510239,SAVAŞ SOKAK,bus,iett_gtfs,Maltepe,True,False
iett_510240__bus,iett_510240,510240,SAVAŞ SOKAK,bus,iett_gtfs,Maltepe,True,False
iett_895__bus,iett_895,895,SABİHA GÖKÇEN NİZAMİYE,bus,iett_gtfs,Pendik,True,False
iett_896__bus,iett_896,896,SABİHA GÖKÇEN NİZAMİYE,bus,iett_gtfs,Pendik,True,False
iett_578536__bus,iett_578536,578536,ATAŞEHİR EVLENDİRME DAİRESİ,bus,iett_gtfs,Ataşehir,True,False
iett_578537__bus,iett_578537,578537,ATAŞEHİR EVLENDİRME DAİRESİ,bus,iett_gtfs,Ataşehir,True,False
iett_578538__bus,iett_578538,578538,ATAŞEHİR YOLU,bus,iett_gtfs,Ataşehir,True,False
iett_578539__bus,iett_578539,578539,ATAŞEHİR YOLU,bus,iett_gtfs,Ataşehir,True,False
iett_578540__bus,iett_578540,578540,3107.SOKAK,bus,iett_gtfs,Ataşehir,True,False
iett_578541__bus,iett_578541,578541,3107.SOKAK,bus,iett_gtfs,Ataşehir,True,False
iett_578542__bus,iett_578542,578542,HZ.HÜSEYİN CAMİİ,bus,iett_gtfs,Ataşehir,True,False
iett_1474__bus,iett_1474,1474,TRABZONSPOR,bus,iett_gtfs,Kartal,True,False
iett_1475__bus,iett_1475,1475,TRABZONSPOR,bus,iett_gtfs,Kartal,True,False
iett_898__bus,iett_898,898,İNÖNÜ CADDESİ,bus,iett_gtfs,Pendik,True,False
iett_578544__bus,iett_578544,578544,KAVAKLAR SOKAK,bus,iett_gtfs,Ataşehir,True,False
iett_578545__bus,iett_578545,578545,KAVAKLAR SOKAK,bus,iett_gtfs,Ataşehir,True,False
iett_1478__bus,iett_1478,1478,İHSAN ZAKİROĞLU ORTAOKULU,bus,iett_gtfs,Kartal,True,False
iett_1479__bus,iett_1479,1479,İHSAN ZAKİROĞLU ORTAOKULU,bus,iett_gtfs,Kartal,True,False
iett_578546__bus,iett_578546,578546,ATAŞEHİR İLÇE MİLLİ EĞİTİM MÜDÜRLÜĞÜ,bus,iett_gtfs,Ataşehir,True,False
iett_578547__bus,iett_578547,578547,ATAŞEHİR İLÇE MİLLİ EĞİTİM MÜDÜRLÜĞÜ,bus,iett_gtfs,Ataşehir,True,False
iett_1480__bus,iett_1480,1480,AYDINLAR SİTESİ,bus,iett_gtfs,Kartal,True,False
iett_1481__bus,iett_1481,1481,AYDINLAR SİTESİ,bus,iett_gtfs,Kartal,True,False
iett_1482__bus,iett_1482,1482,ŞEHİTLER CAMİİ,bus,iett_gtfs,Kartal,True,False
iett_1483__bus,iett_1483,1483,ŞEHİTLER CAMİİ,bus,iett_gtfs,Kartal,True,False
iett_1484__bus,iett_1484,1484,ADNAN KAHVECİ,bus,iett_gtfs,Kartal,True,False
iett_1485__bus,iett_1485,1485,ADNAN KAHVECİ,bus,iett_gtfs,Kartal,True,False
iett_1486__bus,iett_1486,1486,BİNGÖL SİTESİ,bus,iett_gtfs,Kartal,True,False
iett_902__bus,iett_902,902,SANCAK KÖPRÜSÜ,bus,iett_gtfs,Pendik,True,False
iett_903__bus,iett_903,903,SANCAK KÖPRÜSÜ,bus,iett_gtfs,Pendik,True,False
iett_904__bus,iett_904,904,EGEMEN SOKAK,bus,iett_gtfs,Pendik,True,False
iett_908__bus,iett_908,908,OTOYOL KAVŞAĞI,bus,iett_gtfs,Pendik,True,False
iett_909__bus,iett_909,909,OTOYOL KAVŞAĞI,bus,iett_gtfs,Pendik,True,False
iett_910__bus,iett_910,910,PENDİK DEVLET HASTANESİ,bus,iett_gtfs,Pendik,True,False
iett_911__bus,iett_911,911,PENDİK DEVLET HASTANESİ,bus,iett_gtfs,Pendik,True,False
iett_912__bus,iett_912,912,PAZAR YERİ,bus,iett_gtfs,Pendik,True,False
iett_913__bus,iett_913,913,PAZAR YERİ,bus,iett_gtfs,Pendik,True,False
iett_914__bus,iett_914,914,ŞEHİT BURHAN ÖNER,bus,iett_gtfs,Pendik,True,False
iett_915__bus,iett_915,915,ŞEHİT BURHAN ÖNER,bus,iett_gtfs,Pendik,True,False
iett_916__bus,iett_916,916,KURTKÖY SEMT POLİKLİNİĞİ,bus,iett_gtfs,Pendik,True,False
iett_917__bus,iett_917,917,KURTKÖY SEMT POLİKLİNİĞİ,bus,iett_gtfs,Pendik,True,False
iett_918__bus,iett_918,918,KURNA KÖYÜ CAMİİ,bus,iett_gtfs,Pendik,True,False
iett_920__bus,iett_920,920,SEMİHA KIRAÇ İLKOKULU,bus,iett_gtfs,Pendik,True,False
iett_922__bus,iett_922,922,SÜRÜCÜ KURSU,bus,iett_gtfs,Pendik,True,False
iett_924__bus,iett_924,924,BADEMLİK GÜLBEDEN HATUN CAMİİ,bus,iett_gtfs,Pendik,True,False
iett_925__bus,iett_925,925,BADEMLİK GÜLBEDEN HATUN CAMİİ,bus,iett_gtfs,Pendik,True,False
iett_926__bus,iett_926,926,YEMEK SİTESİ,bus,iett_gtfs,Pendik,True,False
iett_928__bus,iett_928,928,YEMEK SİTESİ,bus,iett_gtfs,Pendik,True,False
iett_931__bus,iett_931,931,YEMEK SİTESİ,bus,iett_gtfs,Pendik,True,False
iett_932__bus,iett_932,932,TERSANE YOLU,bus,iett_gtfs,Pendik,True,False
iett_933__bus,iett_933,933,TERSANE YOLU,bus,iett_gtfs,Pendik,True,False
iett_934__bus,iett_934,934,DİVAN YOLU,bus,iett_gtfs,Pendik,True,False
iett_936__bus,iett_936,936,AKÇAKENT,bus,iett_gtfs,Pendik,True,False
iett_938__bus,iett_938,938,HÜRRİYET CADDESİ,bus,iett_gtfs,Pendik,True,False
iett_510241__bus,iett_510241,510241,MALTEPE KIZ ANADOLU İMAM HATİP LİSESİ,bus,iett_gtfs,Maltepe,True,False
iett_510243__bus,iett_510243,510243,BAŞHEKİMLİK,bus,iett_gtfs,Maltepe,True,False
iett_510244__bus,iett_510244,510244,BAŞHEKİMLİK,bus,iett_gtfs,Maltepe,True,False
iett_510245__bus,iett_510245,510245,SUDE YAREN UZUNÇAVDAR,bus,iett_gtfs,Maltepe,True,False
iett_259__bus,iett_259,259,ŞEKERPINAR SAPAĞI,bus,iett_gtfs,Tuzla,True,False
iett_260__bus,iett_260,260,ŞEKERPINAR SAPAĞI,bus,iett_gtfs,Tuzla,True,False
iett_262__bus,iett_262,262,ŞEKERPINAR SAPAĞI,bus,iett_gtfs,Tuzla,True,False
iett_263__bus,iett_263,263,TEPEÖREN MERKEZ,bus,iett_gtfs,Tuzla,True,False
iett_264__bus,iett_264,264,TEPEÖREN MERKEZ,bus,iett_gtfs,Tuzla,True,False
iett_265__bus,iett_265,265,TAHAFFUZHANE CADDESİ,bus,iett_gtfs,Tuzla,True,False
iett_265__metrobus,iett_265,265,TAHAFFUZHANE CADDESİ,metrobus,iett_gtfs,Tuzla,True,True
iett_266__bus,iett_266,266,TAHAFFUZHANE CADDESİ,bus,iett_gtfs,Tuzla,True,False
iett_267__bus,iett_267,267,TAHAFFUZHANE CADDESİ,bus,iett_gtfs,Tuzla,True,False
iett_578550__bus,iett_578550,578550,ZÜBEYDE HANIM ÖĞRETMENEVİ,bus,iett_gtfs,Ataşehir,True,False
iett_578551__bus,iett_578551,578551,ZÜBEYDE HANIM ÖĞRETMENEVİ,bus,iett_gtfs,Ataşehir,True,False
iett_1488__bus,iett_1488,1488,FATİH SULTAN MEHMET CADDESİ,bus,iett_gtfs,Kartal,True,False
iett_1489__bus,iett_1489,1489,FATİH SULTAN MEHMET CADDESİ,bus,iett_gtfs,Kartal,True,False
iett_282963__bus,iett_282963,282963,YAKACIK LİSESİ ,bus,iett_gtfs,Kartal,True,False
iett_1491__bus,iett_1491,1491,YAKACIK LİSESİ,bus,iett_gtfs,Kartal,True,False
iett_1492__bus,iett_1492,1492,YAKACIK LİSESİ,bus,iett_gtfs,Kartal,True,False
iett_1493__bus,iett_1493,1493,YAHYA KEMAL BEYATLI PARKI,bus,iett_gtfs,Kartal,True,False
iett_1494__bus,iett_1494,1494,YAHYA KEMAL BEYATLI PARKI,bus,iett_gtfs,Kartal,True,False
iett_578554__bus,iett_578554,578554,YENİSAHRA MUHTARLIĞI,bus,iett_gtfs,Ataşehir,True,False
iett_578555__bus,iett_578555,578555,YENİSAHRA MUHTARLIĞI,bus,iett_gtfs,Ataşehir,True,False
iett_940__bus,iett_940,940,PENDİK İDO İSKELESİ,bus,iett_gtfs,Pendik,True,False
iett_941__bus,iett_941,941,PENDİK İDO İSKELESİ,bus,iett_gtfs,Pendik,True,False
iett_510251__bus,iett_510251,510251,DAĞ YOLU,bus,iett_gtfs,Maltepe,True,False
iett_510252__bus,iett_510252,510252,DAĞ YOLU,bus,iett_gtfs,Maltepe,True,False
iett_578560__bus,iett_578560,578560,AKDENİZ CADDESİ,bus,iett_gtfs,Ataşehir,True,False
iett_578561__bus,iett_578561,578561,AKDENİZ CADDESİ ,bus,iett_gtfs,Ataşehir,True,False
iett_578562__bus,iett_578562,578562,SEYİD NİZAM CADDESİ,bus,iett_gtfs,Ataşehir,True,False
iett_578563__bus,iett_578563,578563,SEYİD NİZAM CADDESİ,bus,iett_gtfs,Ataşehir,True,False
iett_578564__bus,iett_578564,578564,ATATÜRK BULVARI,bus,iett_gtfs,Ataşehir,True,False
iett_942__bus,iett_942,942,ŞEHİT YAŞAR GÜNAYDIN,bus,iett_gtfs,Pendik,True,False
iett_944__bus,iett_944,944,SELVİ SOKAK,bus,iett_gtfs,Pendik,True,False
iett_946__bus,iett_946,946,DİNAR SOKAK,bus,iett_gtfs,Kartal,True,False
iett_948__bus,iett_948,948,AYAZMA CADDESİ,bus,iett_gtfs,Kartal,True,False
iett_950__bus,iett_950,950,FARUK DEMİRBAĞ ORTAOKULU,bus,iett_gtfs,Kartal,True,False
iett_951__bus,iett_951,951,FARUK DEMİRBAĞ ORTAOKULU,bus,iett_gtfs,Pendik,True,False
iett_952__bus,iett_952,952,SİTELER,bus,iett_gtfs,Kartal,True,False
iett_953__bus,iett_953,953,SİTELER,bus,iett_gtfs,Pendik,True,False
iett_1495__bus,iett_1495,1495,KARTAL CEZAEVİ,bus,iett_gtfs,Kartal,True,False
iett_1496__bus,iett_1496,1496,KARTAL CEZAEVİ,bus,iett_gtfs,Pendik,True,False
iett_954__bus,iett_954,954,GÜL SOKAK,bus,iett_gtfs,Pendik,True,False
iett_955__bus,iett_955,955,GÜL SOKAK,bus,iett_gtfs,Pendik,True,False
iett_909473__bus,iett_909473,909473,9 PALMİYE SİTESİ,bus,iett_gtfs,Kartal,True,False
iett_578566__bus,iett_578566,578566,SİNPAŞ KORU KONUTLARI,bus,iett_gtfs,Ataşehir,True,False
iett_578567__bus,iett_578567,578567,SİNPAŞ KORU KONUTLARI,bus,iett_gtfs,Ataşehir,True,False
iett_578568__bus,iett_578568,578568,ADIGÜZEL ORTAOKULU,bus,iett_gtfs,Ataşehir,True,False
iett_578569__bus,iett_578569,578569,ADIGÜZEL ORTAOKULU,bus,iett_gtfs,Ataşehir,True,False
iett_578570__bus,iett_578570,578570,YENİŞEHİR MUHTARLIĞI,bus,iett_gtfs,Ataşehir,True,False
iett_578571__bus,iett_578571,578571,YENİŞEHİR MUHTARLIĞI,bus,iett_gtfs,Ataşehir,True,False
iett_578572__bus,iett_578572,578572,YUNUS EMRE ÖZEL EĞİTİM MERKEZİ,bus,iett_gtfs,Ataşehir,True,False
iett_268__bus,iett_268,268,DERİ SANAYİ,bus,iett_gtfs,Tuzla,True,False
iett_269__bus,iett_269,269,DERİ SANAYİ,bus,iett_gtfs,Tuzla,True,False
iett_270__bus,iett_270,270,YAYLA CADDESİ,bus,iett_gtfs,Tuzla,True,False
iett_271__bus,iett_271,271,YAYLA CADDESİ,bus,iett_gtfs,Tuzla,True,False
iett_272__bus,iett_272,272,MESCİT MAHALLESİ MUHTARLIĞI,bus,iett_gtfs,Tuzla,True,False
iett_273__bus,iett_273,273,MESCİT MAHALLESİ MUHTARLIĞI ,bus,iett_gtfs,Tuzla,True,False
iett_274__bus,iett_274,274,ORHANLI ORTAOKULU,bus,iett_gtfs,Tuzla,True,False
iett_275__bus,iett_275,275,ORHANLI ORTAOKULU,bus,iett_gtfs,Tuzla,True,False
iett_278__bus,iett_278,278,DEMOKRASİ CADDESİ,bus,iett_gtfs,Tuzla,True,False
iett_279__bus,iett_279,279,DEMOKRASİ CADDESİ,bus,iett_gtfs,Tuzla,True,False
iett_1524__bus,iett_1524,1524,KARTAL KÖPRÜ ÇIKIŞI,bus,iett_gtfs,Kartal,True,False
iett_1525__bus,iett_1525,1525,KARTAL KÖPRÜ ÇIKIŞI,bus,iett_gtfs,Kartal,True,False
iett_1527__bus,iett_1527,1527,GÜMÜŞPINAR,bus,iett_gtfs,Kartal,True,False
iett_1528__bus,iett_1528,1528,SÜMBÜL SOKAK,bus,iett_gtfs,Kartal,True,False
iett_1530__bus,iett_1530,1530,İĞDE AĞACI SOKAK,bus,iett_gtfs,Kartal,True,False
iett_1532__bus,iett_1532,1532,ATATÜRK ÇİÇEĞİ SOKAK,bus,iett_gtfs,Kartal,True,False
iett_1534__bus,iett_1534,1534,ŞEHİT AYDIN ÇELİK,bus,iett_gtfs,Kartal,True,False
iett_1535__bus,iett_1535,1535,ŞEHİT AYDIN ÇELİK,bus,iett_gtfs,Kartal,True,False
iett_1536__bus,iett_1536,1536,HACI ARİFBEY SOKAK,bus,iett_gtfs,Kartal,True,False
iett_1537__bus,iett_1537,1537,HACI ARİFBEY SOKAK,bus,iett_gtfs,Kartal,True,False
iett_1538__bus,iett_1538,1538,ZEYTİNLİK CADDESİ,bus,iett_gtfs,Kartal,True,False
iett_1540__bus,iett_1540,1540,SAKIZ AĞACI,bus,iett_gtfs,Kartal,True,False
iett_1541__bus,iett_1541,1541,ŞEHİT OKTAY KARAKELLE,bus,iett_gtfs,Kartal,True,False
iett_1542__bus,iett_1542,1542,ŞEHİT OKTAY KARAKELLE,bus,iett_gtfs,Kartal,True,False
iett_281__bus,iett_281,281,MEHMETÇİK VAKFI,bus,iett_gtfs,Tuzla,True,False
iett_1545__bus,iett_1545,1545,ÇALKANTI SOKAK,bus,iett_gtfs,Kartal,True,False
iett_1547__bus,iett_1547,1547,YÜREKKAYALAR SOKAK,bus,iett_gtfs,Kartal,True,False
iett_1549__bus,iett_1549,1549,YASEMİN SOKAK,bus,iett_gtfs,Kartal,True,False
iett_1550__bus,iett_1550,1550,YASEMİN SOKAK,bus,iett_gtfs,Kartal,True,False
iett_1551__bus,iett_1551,1551,ÇAMLIKTEPE,bus,iett_gtfs,Kartal,True,False
iett_1553__bus,iett_1553,1553,DİDEM SOKAK,bus,iett_gtfs,Kartal,True,False
iett_1555__bus,iett_1555,1555,DAĞ ÇİLEĞİ SOKAK,bus,iett_gtfs,Kartal,True,False
iett_958__bus,iett_958,958,COŞKUN SOKAK,bus,iett_gtfs,Kartal,True,False
iett_960__bus,iett_960,960,POLİGON,bus,iett_gtfs,Kartal,True,False
iett_962__bus,iett_962,962,ORMAN CADDESİ,bus,iett_gtfs,Pendik,True,False
iett_964__bus,iett_964,964,ŞAHİNTEPE,bus,iett_gtfs,Pendik,True,False
iett_966__bus,iett_966,966,ORMAN  YOLU SOKAK,bus,iett_gtfs,Pendik,True,False
iett_967__bus,iett_967,967,ORMAN  YOLU SOKAK,bus,iett_gtfs,Pendik,True,False
iett_968__bus,iett_968,968,VİŞNE SOKAK,bus,iett_gtfs,Pendik,True,False
iett_970__bus,iett_970,970,UHUD SOKAK,bus,iett_gtfs,Pendik,True,False
iett_972__bus,iett_972,972,ŞELALE SOKAK,bus,iett_gtfs,Pendik,True,False
iett_974__bus,iett_974,974,HUZUR SOKAK,bus,iett_gtfs,Pendik,True,False
iett_976__bus,iett_976,976,ŞAFAK SOKAK,bus,iett_gtfs,Pendik,True,False
iett_980__bus,iett_980,980,AHMET TEVETOĞLU CAMİİ,bus,iett_gtfs,Pendik,True,False
iett_984__bus,iett_984,984,ERDEM SOKAK,bus,iett_gtfs,Pendik,True,False
iett_985__bus,iett_985,985,ERDEM SOKAK,bus,iett_gtfs,Pendik,True,False
iett_986__bus,iett_986,986,CUMHURİYET SİTESİ,bus,iett_gtfs,Pendik,True,False
iett_987__bus,iett_987,987,CUMHURİYET SİTESİ,bus,iett_gtfs,Pendik,True,False
iett_282__bus,iett_282,282,ŞEKERPINAR CADDESİ,bus,iett_gtfs,Tuzla,True,False
iett_284__bus,iett_284,284,YUNUS EMRE ANADOLU İMAM HATİP LİSESİ,bus,iett_gtfs,Tuzla,True,False
iett_285__bus,iett_285,285,YUNUS EMRE ANADOLU İMAM HATİP LİSESİ,bus,iett_gtfs,Tuzla,True,False
iett_286__bus,iett_286,286,YUNUS EMRE ANADOLU İMAM HATİP LİSESİ,bus,iett_gtfs,Tuzla,True,False
iett_290__bus,iett_290,290,GÜNEY YANYOL,bus,iett_gtfs,Tuzla,True,False
iett_291__bus,iett_291,291,GÜNEY YANYOL,bus,iett_gtfs,Tuzla,True,False
iett_292__bus,iett_292,292,KANUNİ CADDESİ,bus,iett_gtfs,Tuzla,True,False
iett_293__bus,iett_293,293,KANUNİ CADDESİ,bus,iett_gtfs,Tuzla,True,False
iett_510685__bus,iett_510685,510685,ŞEHİT ÇAĞLAR MENGÜ,bus,iett_gtfs,Kadıköy,True,False
iett_510686__bus,iett_510686,510686,ŞEHİT ÇAĞLAR MENGÜ,bus,iett_gtfs,Kadıköy,True,False
iett_578574__bus,iett_578574,578574,GÜMRÜK ÜST KAPI,bus,iett_gtfs,Ataşehir,True,False
iett_578575__bus,iett_578575,578575,GÜMRÜK ÜST KAPI,bus,iett_gtfs,Ataşehir,True,False
iett_578576__bus,iett_578576,578576,GİRNE CADDESİ,bus,iett_gtfs,Ataşehir,True,False
iett_578577__bus,iett_578577,578577,GİRNE CADDESİ,bus,iett_gtfs,Ataşehir,True,False
iett_578578__bus,iett_578578,578578,UYDUKENT,bus,iett_gtfs,Ataşehir,True,False
iett_578580__bus,iett_578580,578580,KILIÇ REİS,bus,iett_gtfs,Ataşehir,True,False
iett_578582__bus,iett_578582,578582,10. SOKAK,bus,iett_gtfs,Ataşehir,True,False
iett_578583__bus,iett_578583,578583,10. SOKAK,bus,iett_gtfs,Ataşehir,True,False
iett_578584__bus,iett_578584,578584,FERHATPAŞA İSMEK,bus,iett_gtfs,Ataşehir,True,False
iett_578585__bus,iett_578585,578585,FERHATPAŞA İSMEK,bus,iett_gtfs,Ataşehir,True,False
iett_1557__bus,iett_1557,1557,YURT SİTESİ,bus,iett_gtfs,Kartal,True,False
iett_1559__bus,iett_1559,1559,MİMARLAR SİTESİ,bus,iett_gtfs,Kartal,True,False
iett_1561__bus,iett_1561,1561,ALEV SOKAK,bus,iett_gtfs,Kartal,True,False
iett_1563__bus,iett_1563,1563,LİDER SOKAK,bus,iett_gtfs,Kartal,True,False
iett_1565__bus,iett_1565,1565,TURNA SOKAK,bus,iett_gtfs,Kartal,True,False
iett_1567__bus,iett_1567,1567,KARACA SOKAK,bus,iett_gtfs,Kartal,True,False
iett_1569__bus,iett_1569,1569,YALNIZ SELVİ CADDESİ,bus,iett_gtfs,Kartal,True,False
iett_510687__bus,iett_510687,510687,HAFIZ İMAM SOKAK,bus,iett_gtfs,Kadıköy,True,False
iett_510688__bus,iett_510688,510688,HAFIZ İMAM SOKAK,bus,iett_gtfs,Kadıköy,True,False
iett_1570__bus,iett_1570,1570,ORMAN SOKAK,bus,iett_gtfs,Kartal,True,False
iett_1571__bus,iett_1571,1571,GÜZELEVLER,bus,iett_gtfs,Kartal,True,False
iett_1572__bus,iett_1572,1572,GÜZELEVLER,bus,iett_gtfs,Kartal,True,False
iett_510288__bus,iett_510288,510288,İMRANLI,bus,iett_gtfs,Maltepe,True,False
iett_510289__bus,iett_510289,510289,İMRANLI,bus,iett_gtfs,Maltepe,True,False
iett_988__bus,iett_988,988,KURTKÖY İLKOKULU,bus,iett_gtfs,Pendik,True,False
iett_989__bus,iett_989,989,KURTKÖY İLKOKULU,bus,iett_gtfs,Pendik,True,False
iett_990__bus,iett_990,990,OSMANLI KAVŞAĞI,bus,iett_gtfs,Pendik,True,False
iett_991__bus,iett_991,991,OSMANLI KAVŞAĞI,bus,iett_gtfs,Pendik,True,False
iett_296__bus,iett_296,296,TEPEÖREN YOLU,bus,iett_gtfs,Tuzla,True,False
iett_297__bus,iett_297,297,TEPEÖREN YOLU,bus,iett_gtfs,Tuzla,True,False
iett_578586__bus,iett_578586,578586,PINAR SİTESİ,bus,iett_gtfs,Ataşehir,True,False
iett_578587__bus,iett_578587,578587,PINAR SİTESİ,bus,iett_gtfs,Ataşehir,True,False
iett_1573__bus,iett_1573,1573,AĞIZ VE DİŞ SAĞLIĞI MERKEZİ,bus,iett_gtfs,Kartal,True,False
iett_1573__metrobus,iett_1573,1573,AĞIZ VE DİŞ SAĞLIĞI MERKEZİ,metrobus,iett_gtfs,Kartal,True,True
iett_1574__bus,iett_1574,1574,AĞIZ VE DİŞ SAĞLIĞI MERKEZİ,bus,iett_gtfs,Kartal,True,False
iett_578588__bus,iett_578588,578588,ADALET SİTESİ,bus,iett_gtfs,Ataşehir,True,False
iett_578590__bus,iett_578590,578590,KELKİT SOKAK,bus,iett_gtfs,Ataşehir,True,False
iett_578591__bus,iett_578591,578591,KELKİT SOKAK,bus,iett_gtfs,Ataşehir,True,False
iett_578592__bus,iett_578592,578592,MURAT SOKAK,bus,iett_gtfs,Ataşehir,True,False
iett_510290__bus,iett_510290,510290,AKŞEMSETTİN CADDESİ ,bus,iett_gtfs,Maltepe,True,False
iett_510291__bus,iett_510291,510291,LALEZAR SOKAK,bus,iett_gtfs,Maltepe,True,False
iett_510292__bus,iett_510292,510292,MEYDAN SOKAK,bus,iett_gtfs,Maltepe,True,False
iett_510293__bus,iett_510293,510293,NARLI CAMİİ ,bus,iett_gtfs,Maltepe,True,False
iett_992__bus,iett_992,992,MARMARA ÜNİVERSİTESİ HASTANESİ,bus,iett_gtfs,Pendik,True,False
iett_993__bus,iett_993,993,MARMARA ÜNİVERSİTESİ HASTANESİ,bus,iett_gtfs,Pendik,True,False
iett_995__bus,iett_995,995,KAYNARCA YANYOL,bus,iett_gtfs,Pendik,True,False
iett_996__bus,iett_996,996,MUSTAFA AKYOL SOKAK,bus,iett_gtfs,Pendik,True,False
iett_997__bus,iett_997,997,MUSTAFA AKYOL SOKAK,bus,iett_gtfs,Pendik,True,False
iett_298__bus,iett_298,298,GÜZELYALI  İSTASYONU,bus,iett_gtfs,Pendik,True,False
iett_300__bus,iett_300,300,AYDINTEPE İSTASYONU,bus,iett_gtfs,Tuzla,True,False
iett_301__bus,iett_301,301,AYDINTEPE İSTASYONU,bus,iett_gtfs,Tuzla,True,False
iett_303__bus,iett_303,303,TERSANELER,bus,iett_gtfs,Tuzla,True,False
iett_304__bus,iett_304,304,PİYADE OKULU,bus,iett_gtfs,Tuzla,True,False
iett_305__bus,iett_305,305,PİYADE OKULU,bus,iett_gtfs,Tuzla,True,False
iett_510296__bus,iett_510296,510296,YEŞİLTEPE SİTESİ,bus,iett_gtfs,Maltepe,True,False
iett_510297__bus,iett_510297,510297,YEŞİLTEPE SİTESİ,bus,iett_gtfs,Maltepe,True,False
iett_510298__bus,iett_510298,510298,MALTEPE METRO İSTASYONU,bus,iett_gtfs,Maltepe,True,False
iett_510299__bus,iett_510299,510299,MALTEPE METRO İSTASYONU,bus,iett_gtfs,Maltepe,True,False
iett_578604__bus,iett_578604,578604,İSTANBUL CADDESİ,bus,iett_gtfs,Ataşehir,True,False
iett_578605__bus,iett_578605,578605,YILDIRIM BEYAZIT CADDESİ,bus,iett_gtfs,Ataşehir,True,False
iett_578606__bus,iett_578606,578606,YAŞAM SOKAK,bus,iett_gtfs,Ataşehir,True,False
iett_578607__bus,iett_578607,578607,ALİ FUAT CEBESOY İLKOKULU,bus,iett_gtfs,Ataşehir,True,False
iett_998__bus,iett_998,998,TEKNOPARK İSTANBUL,bus,iett_gtfs,Pendik,True,False
iett_999__bus,iett_999,999,TEKNOPARK İSTANBUL,bus,iett_gtfs,Pendik,True,False
iett_1000__bus,iett_1000,1000,DİYAR SOKAK,bus,iett_gtfs,Pendik,True,False
iett_313__bus,iett_313,313,BAHAR CADDESİ,bus,iett_gtfs,Tuzla,True,False
iett_314__bus,iett_314,314,BAHAR CADDESİ,bus,iett_gtfs,Tuzla,True,False
iett_315__bus,iett_315,315,NİŞANCI MEHMET PAŞA CAMİİ,bus,iett_gtfs,Tuzla,True,False
iett_317__bus,iett_317,317,GÜLDEMET SOKAK,bus,iett_gtfs,Tuzla,True,False
iett_319__bus,iett_319,319,BAHÇELER,bus,iett_gtfs,Tuzla,True,False
iett_321__bus,iett_321,321,GEZER SOKAK,bus,iett_gtfs,Tuzla,True,False
iett_323__bus,iett_323,323,AYDINLI İLKOKULU,bus,iett_gtfs,Tuzla,True,False
iett_1007__bus,iett_1007,1007,AYDINLI PARK,bus,iett_gtfs,Tuzla,True,False
iett_1008__bus,iett_1008,1008,AYDINLI PARK,bus,iett_gtfs,Tuzla,True,False
iett_5252779__bus,iett_5252779,5252779,AYDINLI PARK,bus,iett_gtfs,Tuzla,True,False
iett_1009__bus,iett_1009,1009,DENİZ SOKAK,bus,iett_gtfs,Pendik,True,False
iett_1011__bus,iett_1011,1011,AMİNE HATUN CAMİİ,bus,iett_gtfs,Pendik,True,False
iett_1031__bus,iett_1031,1031,HEZARFEN MESLEKİ VE TEKNİK ANADOLU LİSESİ,bus,iett_gtfs,Pendik,True,False
iett_1032__bus,iett_1032,1032,HEZARFEN MESLEKİ VE TEKNİK ANADOLU LİSESİ,bus,iett_gtfs,Pendik,True,False
iett_1033__bus,iett_1033,1033,KARDELEN SOKAK,bus,iett_gtfs,Pendik,True,False
iett_1034__bus,iett_1034,1034,KARDELEN SOKAK,bus,iett_gtfs,Pendik,True,False
iett_1035__bus,iett_1035,1035,TAVŞANTEPE METRO,bus,iett_gtfs,Pendik,True,False
iett_1036__bus,iett_1036,1036,TAVŞANTEPE METRO,bus,iett_gtfs,Pendik,True,False
iett_1037__bus,iett_1037,1037,TAVŞANTEPE METRO,bus,iett_gtfs,Pendik,True,False
iett_1038__bus,iett_1038,1038,KARADENİZ CADDESİ,bus,iett_gtfs,Pendik,True,False
iett_1039__bus,iett_1039,1039,PENDİK MESLEKİ VE TEKNİK ANADOLU LİSESİ,bus,iett_gtfs,Pendik,True,False
iett_324__bus,iett_324,324,EKİM SOKAK,bus,iett_gtfs,Tuzla,True,False
iett_325__bus,iett_325,325,EKİM SOKAK,bus,iett_gtfs,Tuzla,True,False
iett_326__bus,iett_326,326,AKNUR SOKAK,bus,iett_gtfs,Tuzla,True,False
iett_1040__bus,iett_1040,1040,NECİP FAZIL KISAKÜREK ORTAOKULU,bus,iett_gtfs,Pendik,True,False
iett_1044__bus,iett_1044,1044,İSTANBUL TİCARET ODASI MESLEKİ VE TEKNİK ANADOLU LİSESİ,bus,iett_gtfs,Pendik,True,False
iett_1045__bus,iett_1045,1045,İSTANBUL TİCARET ODASI MESLEKİ VE TEKNİK ANADOLU LİSESİ,bus,iett_gtfs,Pendik,True,False
iett_328__bus,iett_328,328,BEHRAM SOKAK,bus,iett_gtfs,Tuzla,True,False
iett_329__bus,iett_329,329,BEHRAM SOKAK,bus,iett_gtfs,Tuzla,True,False
iett_1046__bus,iett_1046,1046,VERGİ DAİRESİ,bus,iett_gtfs,Kartal,True,False
iett_1046__metrobus,iett_1046,1046,VERGİ DAİRESİ,metrobus,iett_gtfs,Kartal,True,True
iett_1047__bus,iett_1047,1047,VERGİ DAİRESİ,bus,iett_gtfs,Pendik,True,False
iett_1048__bus,iett_1048,1048,700.YIL ORTAOKULU,bus,iett_gtfs,Pendik,True,False
iett_1049__bus,iett_1049,1049,700.YIL ORTAOKULU,bus,iett_gtfs,Pendik,True,False
iett_330__bus,iett_330,330,AKDENİZ SOKAK,bus,iett_gtfs,Tuzla,True,False
iett_1593__bus,iett_1593,1593,MUSTAFA KEMALPAŞA CADDESİ,bus,iett_gtfs,Kartal,True,False
iett_1594__bus,iett_1594,1594,MUSTAFA KEMALPAŞA CADDESİ,bus,iett_gtfs,Kartal,True,False
iett_1595__bus,iett_1595,1595,ADALET SARAYI,bus,iett_gtfs,Kartal,True,False
iett_1596__bus,iett_1596,1596,ADALET SARAYI,bus,iett_gtfs,Kartal,True,False
iett_1597__bus,iett_1597,1597,TRABZON SOKAK,bus,iett_gtfs,Kartal,True,False
iett_1598__bus,iett_1598,1598,TRABZON SOKAK,bus,iett_gtfs,Kartal,True,False
iett_1054__bus,iett_1054,1054,KAYNARCA MERKEZ CAMİİ,bus,iett_gtfs,Pendik,True,False
iett_333__bus,iett_333,333,ESKİ ANKARA CADDESİ,bus,iett_gtfs,Tuzla,True,False
iett_334__bus,iett_334,334,ESKİ ANKARA CADDESİ,bus,iett_gtfs,Tuzla,True,False
iett_335__bus,iett_335,335,ÜMİT SOKAK,bus,iett_gtfs,Tuzla,True,False
iett_336__bus,iett_336,336,ÜMİT SOKAK,bus,iett_gtfs,Tuzla,True,False
iett_1056__bus,iett_1056,1056,DUDAYEV SOKAK,bus,iett_gtfs,Pendik,True,False
iett_1058__bus,iett_1058,1058,BARBAROS HAYRETTİNPAŞA CADDESİ,bus,iett_gtfs,Pendik,True,False
iett_1059__bus,iett_1059,1059,BARBAROS HAYRETTİNPAŞA CADDESİ,bus,iett_gtfs,Pendik,True,False
iett_1060__bus,iett_1060,1060,ARTUKBEY İLKOKULU,bus,iett_gtfs,Pendik,True,False
iett_1061__bus,iett_1061,1061,ARTUKBEY İLKOKULU,bus,iett_gtfs,Pendik,True,False
iett_1062__bus,iett_1062,1062,ATATÜRK CADDESİ,bus,iett_gtfs,Pendik,True,False
iett_1064__bus,iett_1064,1064,ŞENTÜRK SOKAK,bus,iett_gtfs,Pendik,True,False
iett_1065__bus,iett_1065,1065,ŞENTÜRK SOKAK,bus,iett_gtfs,Pendik,True,False
iett_1066__bus,iett_1066,1066,AFET KOORDİNASYON MERKEZİ,bus,iett_gtfs,Pendik,True,False
iett_1067__bus,iett_1067,1067,PENDİK KURTKÖY SPOR KOMPLEKSİ,bus,iett_gtfs,Pendik,True,False
iett_1068__bus,iett_1068,1068,PENDİK KURTKÖY SPOR KOMPLEKSİ,bus,iett_gtfs,Pendik,True,False
iett_290136__bus,iett_290136,290136,ŞİLE YOLU,bus,iett_gtfs,Çekmeköy,True,False
iett_290136__metrobus,iett_290136,290136,ŞİLE YOLU,metrobus,iett_gtfs,Çekmeköy,True,True
iett_1071__bus,iett_1071,1071,ABDURRAHMAN GÜRSES ANADOLU İMAM HATİP LİSESİ,bus,iett_gtfs,Pendik,True,False
iett_510303__bus,iett_510303,510303,ATATÜRK CADDESİ,bus,iett_gtfs,Maltepe,True,False
iett_510305__bus,iett_510305,510305,ORHANGAZİ CADDESİ ,bus,iett_gtfs,Maltepe,True,False
iett_510306__bus,iett_510306,510306,ORHANGAZİ CADDESİ,bus,iett_gtfs,Maltepe,True,False
iett_1600__bus,iett_1600,1600,ASLAN SOKAK,bus,iett_gtfs,Kartal,True,False
iett_1072__bus,iett_1072,1072,KARADAĞ CADDESİ,bus,iett_gtfs,Tuzla,True,False
iett_1073__bus,iett_1073,1073,KARADAĞ CADDESİ,bus,iett_gtfs,Pendik,True,False
iett_1601__bus,iett_1601,1601,İHSAN SOKAK,bus,iett_gtfs,Kartal,True,False
iett_1076__bus,iett_1076,1076,KARTAL SOKAK,bus,iett_gtfs,Pendik,True,False
iett_1077__bus,iett_1077,1077,KARTAL SOKAK,bus,iett_gtfs,Pendik,True,False
iett_1078__bus,iett_1078,1078,LİSE CADDESİ,bus,iett_gtfs,Pendik,True,False
iett_1079__bus,iett_1079,1079,LİSE CADDESİ,bus,iett_gtfs,Pendik,True,False
iett_1080__bus,iett_1080,1080,ÜSTÜN CADDESİ,bus,iett_gtfs,Pendik,True,False
iett_1082__bus,iett_1082,1082,EVLİYA ÇELEBİ CADDESİ,bus,iett_gtfs,Pendik,True,False
iett_1083__bus,iett_1083,1083,EVLİYA ÇELEBİ CADDESİ,bus,iett_gtfs,Pendik,True,False
iett_1084__bus,iett_1084,1084,ŞEYHLİ TOKİ KONUTLARI,bus,iett_gtfs,Pendik,True,False
iett_1085__bus,iett_1085,1085,ŞEYHLİ TOKİ KONUTLARI,bus,iett_gtfs,Pendik,True,False
iett_1086__bus,iett_1086,1086,ERTUĞRUL  GAZİ,bus,iett_gtfs,Pendik,True,False
iett_1087__bus,iett_1087,1087,ERTUĞRUL GAZİ,bus,iett_gtfs,Pendik,True,False
iett_1088__bus,iett_1088,1088,ŞEYH ŞABANİ VELİ CAMİİ,bus,iett_gtfs,Pendik,True,False
iett_1090__bus,iett_1090,1090,İNSAF SOKAK,bus,iett_gtfs,Pendik,True,False
iett_1092__bus,iett_1092,1092,SULTAN AHMET CADDESİ,bus,iett_gtfs,Pendik,True,False
iett_1094__bus,iett_1094,1094,GÖKBAKIR SOKAK,bus,iett_gtfs,Pendik,True,False
iett_1096__bus,iett_1096,1096,EMİRGAN SOKAK,bus,iett_gtfs,Pendik,True,False
iett_1098__bus,iett_1098,1098,KARTOPU  SOKAK,bus,iett_gtfs,Pendik,True,False
iett_1099__bus,iett_1099,1099,ERENLER  CADDESİ,bus,iett_gtfs,Pendik,True,False
iett_1100__bus,iett_1100,1100,ZÜMRÜT CADDESİ,bus,iett_gtfs,Pendik,True,False
iett_337__bus,iett_337,337,FETTAH BAŞARAN CADDESİ,bus,iett_gtfs,Tuzla,True,False
iett_339__bus,iett_339,339,ORHANLI MESLEKİ VE TEKNİK ANADOLU LİSESİ,bus,iett_gtfs,Tuzla,True,False
iett_341__bus,iett_341,341,DERVİŞ SOKAK,bus,iett_gtfs,Tuzla,True,False
iett_342__bus,iett_342,342,DERVİŞ SOKAK,bus,iett_gtfs,Tuzla,True,False
iett_1101__bus,iett_1101,1101,MİLLET CADDESİ,bus,iett_gtfs,Pendik,True,False
iett_1102__bus,iett_1102,1102,MİLLET CADDESİ,bus,iett_gtfs,Pendik,True,False
iett_1103__bus,iett_1103,1103,AKKAYA SOKAK,bus,iett_gtfs,Pendik,True,False
iett_1104__bus,iett_1104,1104,AKKAYA SOKAK,bus,iett_gtfs,Pendik,True,False
iett_343__bus,iett_343,343,ERDOST SOKAK,bus,iett_gtfs,Tuzla,True,False
iett_1105__bus,iett_1105,1105,BALLICA CADDESİ,bus,iett_gtfs,Pendik,True,False
iett_1107__bus,iett_1107,1107,VELİBABA AİLE SAĞLIĞI MERKEZİ,bus,iett_gtfs,Pendik,True,False
iett_1108__bus,iett_1108,1108,VELİBABA YENİ CAMİİ,bus,iett_gtfs,Pendik,True,False
iett_345__bus,iett_345,345,HALİL TÜRKKAN KIZ ANADOLU İMAM HATİP LİSESİ,bus,iett_gtfs,Tuzla,True,False
iett_1109__bus,iett_1109,1109,AYDOS  AİLE SAĞLIĞI MERKEZİ,bus,iett_gtfs,Pendik,True,False
iett_1110__bus,iett_1110,1110,AYDOS  AİLE SAĞLIĞI MERKEZİ,bus,iett_gtfs,Pendik,True,False
iett_578608__bus,iett_578608,578608,ATAŞEHİR BELEDİYESİ,bus,iett_gtfs,Ataşehir,True,False
iett_578610__bus,iett_578610,578610,ATAŞEHİR KAYMAKAMLIĞI,bus,iett_gtfs,Ataşehir,True,False
iett_578611__bus,iett_578611,578611,ATAŞEHİR KAYMAKAMLIĞI,bus,iett_gtfs,Ataşehir,True,False
iett_578612__bus,iett_578612,578612,DİLEK SABANCI CADDESİ,bus,iett_gtfs,Ataşehir,True,False
iett_578613__bus,iett_578613,578613,DİLEK SABANCI CADDESİ,bus,iett_gtfs,Ataşehir,True,False
iett_578614__bus,iett_578614,578614,SELMANI FARİSİ CAMİİ,bus,iett_gtfs,Ataşehir,True,False
iett_578615__bus,iett_578615,578615,SELMANI FARİSİ CAMİİ,bus,iett_gtfs,Ataşehir,True,False
iett_5251821__bus,iett_5251821,5251821,HACI MUSTAFA ÖZYAZICI CAMİİ,bus,iett_gtfs,Maltepe,True,False
iett_5251822__bus,iett_5251822,5251822,HACI MUSTAFA ÖZYAZICI CAMİİ,bus,iett_gtfs,Maltepe,True,False
iett_510323__bus,iett_510323,510323,GÜLSUYU METRO,bus,iett_gtfs,Maltepe,True,False
iett_510690__bus,iett_510690,510690,HAYDARPAŞA ÖĞRENCİ YURDU,bus,iett_gtfs,Kadıköy,True,False
iett_681279__bus,iett_681279,681279,HAYDARPAŞA MESLEKİ VE TEKNİK ANADOLU LİSESİ,bus,iett_gtfs,Üsküdar,True,False
iett_510326__bus,iett_510326,510326,MİMAR SİNAN CAMİİ,bus,iett_gtfs,Maltepe,True,False
iett_510328__bus,iett_510328,510328,ORHANGAZİ ANADOLU LİSESİ,bus,iett_gtfs,Maltepe,True,False
iett_578617__bus,iett_578617,578617,NECİP FAZIL BULVARI,bus,iett_gtfs,Ataşehir,True,False
iett_578618__bus,iett_578618,578618,NECİP FAZIL BULVARI,bus,iett_gtfs,Ataşehir,True,False
iett_578619__bus,iett_578619,578619,SELÇUKLAR CAMİİ,bus,iett_gtfs,Ataşehir,True,False
iett_1111__bus,iett_1111,1111,GÜZELBAHÇE SİTESİ,bus,iett_gtfs,Pendik,True,False
iett_1112__bus,iett_1112,1112,GÜZELBAHÇE SİTESİ,bus,iett_gtfs,Pendik,True,False
iett_1113__bus,iett_1113,1113,ÇAMLIK İLKOKULU,bus,iett_gtfs,Pendik,True,False
iett_1114__bus,iett_1114,1114,ÇAMLIK İLKOKULU,bus,iett_gtfs,Pendik,True,False
iett_578623__bus,iett_578623,578623,CUMHURİYET PARKI,bus,iett_gtfs,Ataşehir,True,False
iett_578624__bus,iett_578624,578624,CUMHURİYET PARKI,bus,iett_gtfs,Ataşehir,True,False
iett_347__bus,iett_347,347,BAŞKAYA SOKAK,bus,iett_gtfs,Tuzla,True,False
iett_510330__bus,iett_510330,510330,MESLEK YÜKSEKOKULU ,bus,iett_gtfs,Maltepe,True,False
iett_5251127__bus,iett_5251127,5251127,MESLEK YÜKSEK OKULU,bus,iett_gtfs,Maltepe,True,False
iett_578625__bus,iett_578625,578625,KAYIŞDAĞI DUDULLU CADDESİ,bus,iett_gtfs,Ataşehir,True,False
iett_578626__bus,iett_578626,578626,KAYIŞDAĞI DUDULLU CADDESİ,bus,iett_gtfs,Ataşehir,True,False
iett_578627__bus,iett_578627,578627,DİLEK SABANCI MESLEKİ VE TEKNİK ANADOLU LİSESİ,bus,iett_gtfs,Ataşehir,True,False
iett_578628__bus,iett_578628,578628,DİLEK SABANCI MESLEKİ VE TEKNİK ANADOLU LİSESİ,bus,iett_gtfs,Ataşehir,True,False
iett_510331__bus,iett_510331,510331,MİMAR SİNAN ÖĞRENCİ YURDU,bus,iett_gtfs,Maltepe,True,False
iett_510332__bus,iett_510332,510332,MİMAR SİNAN ÖĞRENCİ YURDU ,bus,iett_gtfs,Maltepe,True,False
iett_578631__bus,iett_578631,578631,BEGONYA SOKAK,bus,iett_gtfs,Ataşehir,True,False
iett_510337__bus,iett_510337,510337,MARMARA ÜNİVERSİTESİ ALT KAPI,bus,iett_gtfs,Maltepe,True,False
iett_510338__bus,iett_510338,510338,MARMARA ÜNİV. BAŞIBÜYÜK KAMPÜSÜ,bus,iett_gtfs,Maltepe,True,False
iett_510339__bus,iett_510339,510339,MARMARA ÜNİV. BAŞIBÜYÜK KAMPÜSÜ,bus,iett_gtfs,Maltepe,True,False
iett_510693__bus,iett_510693,510693,MÜVERRİH ATA SOKAK,bus,iett_gtfs,Kadıköy,True,False
iett_578632__bus,iett_578632,578632,FATİH CADDESİ,bus,iett_gtfs,Ataşehir,True,False
iett_578633__bus,iett_578633,578633,KARAMAN CADDESİ,bus,iett_gtfs,Ataşehir,True,False
iett_349__bus,iett_349,349,AKFIRAT  KIZILAY,bus,iett_gtfs,Tuzla,True,False
iett_350__bus,iett_350,350,AKFIRAT KIZILAY,bus,iett_gtfs,Tuzla,True,False
iett_1604__bus,iett_1604,1604,ŞEHİT ER YILDIRAY BİROĞLU İLKOKULU,bus,iett_gtfs,Kartal,True,False
iett_1605__bus,iett_1605,1605,ŞEHİT ER YILDIRAY BİROĞLU İLKOKULU,bus,iett_gtfs,Kartal,True,False
iett_510343__bus,iett_510343,510343,CEVİZLİ AYEDAŞ,bus,iett_gtfs,Maltepe,True,False
iett_681280__bus,iett_681280,681280,TEİAŞ BÖLGE MÜDÜRLÜĞÜ,bus,iett_gtfs,Ümraniye,True,False
iett_681281__bus,iett_681281,681281,TEİAŞ BÖLGE MÜDÜRLÜĞÜ,bus,iett_gtfs,Ümraniye,True,False
iett_580175__bus,iett_580175,580175,NAMIK KEMAL MAHALLESİ,bus,iett_gtfs,Ümraniye,True,False
iett_580176__bus,iett_580176,580176,NAMIK KEMAL MAHALLESİ,bus,iett_gtfs,Ümraniye,True,False
iett_681282__bus,iett_681282,681282,NAMAZGAH SAPAĞI,bus,iett_gtfs,Üsküdar,True,False
iett_681283__bus,iett_681283,681283,NAMAZGAH SAPAĞI,bus,iett_gtfs,Üsküdar,True,False
iett_509257__bus,iett_509257,509257,YAKACIK CADDESİ,bus,iett_gtfs,Sancaktepe,True,False
iett_681284__bus,iett_681284,681284,İHSAN ERDEMİR AİLE SAĞLIĞI MERKEZİ,bus,iett_gtfs,Üsküdar,True,False
iett_681285__bus,iett_681285,681285,İHSAN ERDEMİR AİLE SAĞLIĞI MERKEZİ,bus,iett_gtfs,Üsküdar,True,False
iett_681286__bus,iett_681286,681286,ABDULLAHBEY CAMİİ,bus,iett_gtfs,Üsküdar,True,False
iett_681287__bus,iett_681287,681287,ABDULLAHBEY CAMİİ,bus,iett_gtfs,Üsküdar,True,False
iett_681288__bus,iett_681288,681288,KARLIDERE CADDESİ,bus,iett_gtfs,Üsküdar,True,False
iett_681290__bus,iett_681290,681290,CUMHURİYET MAHALLESİ MUHTARLIĞI,bus,iett_gtfs,Üsküdar,True,False
iett_681291__bus,iett_681291,681291,CUMHURİYET MAHALLESİ MUHTARLIĞI,bus,iett_gtfs,Üsküdar,True,False
iett_681292__bus,iett_681292,681292,ÖZANAKENT,bus,iett_gtfs,Üsküdar,True,False
iett_681293__bus,iett_681293,681293,ÖZANAKENT,bus,iett_gtfs,Üsküdar,True,False
iett_681294__bus,iett_681294,681294,ESATPAŞA CADDESİ,bus,iett_gtfs,Üsküdar,True,False
iett_681296__bus,iett_681296,681296,ESATPAŞA CADDESİ,bus,iett_gtfs,Üsküdar,True,False
iett_580177__bus,iett_580177,580177,ÇAKMAK MERKEZ CAMİİ,bus,iett_gtfs,Ümraniye,True,False
iett_580178__bus,iett_580178,580178,ÇAKMAK MERKEZ CAMİİ,bus,iett_gtfs,Ümraniye,True,False
iett_580179__bus,iett_580179,580179,ÇAKMAK SPOR TESİSLERİ,bus,iett_gtfs,Ümraniye,True,False
iett_580181__bus,iett_580181,580181,SEVGİ PARKI,bus,iett_gtfs,Ümraniye,True,False
iett_580182__bus,iett_580182,580182,SEVGİ PARKI,bus,iett_gtfs,Ümraniye,True,False
iett_580183__bus,iett_580183,580183,ŞEHİT MAHMUT COŞKUNSU,bus,iett_gtfs,Ümraniye,True,False
iett_580184__bus,iett_580184,580184,ŞEHİT MAHMUT COŞKUNSU,bus,iett_gtfs,Ümraniye,True,False
iett_580185__bus,iett_580185,580185,ŞEHİT MURAT FİLİK PARKI,bus,iett_gtfs,Ümraniye,True,False
iett_580187__bus,iett_580187,580187,ŞEHİT EMRE ANŞİN,bus,iett_gtfs,Ümraniye,True,False
iett_580189__bus,iett_580189,580189,ÇAMLIK MERKEZ CAMİİ,bus,iett_gtfs,Ümraniye,True,False
iett_580190__bus,iett_580190,580190,ÇAMLIK MERKEZ CAMİİ,bus,iett_gtfs,Ümraniye,True,False
iett_580191__bus,iett_580191,580191,ÇAMLIK MAHALLESİ,bus,iett_gtfs,Ümraniye,True,False
iett_580193__bus,iett_580193,580193,SELÇUK ECZA 50.YIL ORTAOKULU,bus,iett_gtfs,Ümraniye,True,False
iett_580202__bus,iett_580202,580202,KÜRKÇÜLER CADDESİ,bus,iett_gtfs,Ümraniye,True,False
iett_580203__bus,iett_580203,580203,KÜRKÇÜLER CADDESİ,bus,iett_gtfs,Ümraniye,True,False
iett_580204__bus,iett_580204,580204,MOBİLYACILAR SİTESİ,bus,iett_gtfs,Ümraniye,True,False
iett_580206__bus,iett_580206,580206,SARIGÜL  ,bus,iett_gtfs,Ümraniye,True,False
iett_580207__bus,iett_580207,580207,SARIGÜL ,bus,iett_gtfs,Ümraniye,True,False
iett_580208__bus,iett_580208,580208,ESENŞEHİR SAPAĞI,bus,iett_gtfs,Ümraniye,True,False
iett_580209__bus,iett_580209,580209,ESENŞEHİR SAPAĞI,bus,iett_gtfs,Ümraniye,True,False
iett_580210__bus,iett_580210,580210,KURTULUŞ CADDESİ,bus,iett_gtfs,Ümraniye,True,False
iett_580212__bus,iett_580212,580212,ESENKENT MAHALLE MUHTARLIĞI,bus,iett_gtfs,Ümraniye,True,False
iett_580214__bus,iett_580214,580214,TELETAŞ TESİSLERİ,bus,iett_gtfs,Ümraniye,True,False
iett_580215__bus,iett_580215,580215,TELETAŞ TESİSLERİ,bus,iett_gtfs,Ümraniye,True,False
iett_580216__bus,iett_580216,580216,AŞIK MAHSUNİ ŞERİF CADDESİ,bus,iett_gtfs,Ümraniye,True,False
iett_580217__bus,iett_580217,580217,AŞIK MAHSUNİ ŞERİF CADDESİ,bus,iett_gtfs,Ümraniye,True,False
iett_580218__bus,iett_580218,580218,ESENKENT MAHALLESİ,bus,iett_gtfs,Ümraniye,True,False
iett_580219__bus,iett_580219,580219,ESENKENT MAHALLESİ,bus,iett_gtfs,Ümraniye,True,False
iett_580220__bus,iett_580220,580220,ÇEKMEKÖY YOLU,bus,iett_gtfs,Ümraniye,True,False
iett_580221__bus,iett_580221,580221,ÇEKMEKÖY YOLU,bus,iett_gtfs,Ümraniye,True,False
iett_580222__bus,iett_580222,580222,ULUS CADDESİ,bus,iett_gtfs,Ümraniye,True,False
iett_580224__bus,iett_580224,580224,ACAR SOKAK,bus,iett_gtfs,Ümraniye,True,False
iett_580225__bus,iett_580225,580225,ACAR SOKAK,bus,iett_gtfs,Ümraniye,True,False
iett_290137__bus,iett_290137,290137,MİMAR SİNAN CADDESİ,bus,iett_gtfs,Çekmeköy,True,False
iett_290138__bus,iett_290138,290138,MİMAR SİNAN CADDESİ,bus,iett_gtfs,Çekmeköy,True,False
iett_290139__bus,iett_290139,290139,KÖYİÇİ,bus,iett_gtfs,Çekmeköy,True,False
iett_290140__bus,iett_290140,290140,KÖYİÇİ,bus,iett_gtfs,Çekmeköy,True,False
iett_290141__bus,iett_290141,290141,KÖŞK,bus,iett_gtfs,Çekmeköy,True,False
iett_290142__bus,iett_290142,290142,KÖŞK,bus,iett_gtfs,Çekmeköy,True,False
iett_290143__bus,iett_290143,290143,ÇEKMEKÖY,bus,iett_gtfs,Çekmeköy,True,False
iett_290144__bus,iett_290144,290144,ÇEKMEKÖY,bus,iett_gtfs,Çekmeköy,True,False
iett_580226__bus,iett_580226,580226,EVLİYA ÇELEBİ MESLEKİ VE TEKNİK ANADOLU LİSESİ,bus,iett_gtfs,Ümraniye,True,False
iett_580227__bus,iett_580227,580227,EVLİYA ÇELEBİ MESLEKİ VE TEKNİK ANADOLU LİSESİ,bus,iett_gtfs,Ümraniye,True,False
iett_580228__bus,iett_580228,580228,HACEGAN ORMANI,bus,iett_gtfs,Ümraniye,True,False
iett_580231__bus,iett_580231,580231,KOCATEPE MEZARLIK,bus,iett_gtfs,Ümraniye,True,False
iett_580232__bus,iett_580232,580232,KOCATEPE MEZARLIK,bus,iett_gtfs,Ümraniye,True,False
iett_580233__bus,iett_580233,580233,KOCATEPE,bus,iett_gtfs,Ümraniye,True,False
iett_292772__bus,iett_292772,292772,BOZTEPE,bus,iett_gtfs,Beykoz,True,False
iett_580235__bus,iett_580235,580235,BOZTEPE,bus,iett_gtfs,Ümraniye,True,False
iett_509258__bus,iett_509258,509258,SEMERKAND,bus,iett_gtfs,Sancaktepe,True,False
iett_509259__bus,iett_509259,509259,OTOBAN GİRİŞİ,bus,iett_gtfs,Sancaktepe,True,False
iett_509260__bus,iett_509260,509260,OTOBAN GİRİŞİ,bus,iett_gtfs,Sancaktepe,True,False
iett_509261__bus,iett_509261,509261,TOPAL OSMAN CADDESİ,bus,iett_gtfs,Sancaktepe,True,False
iett_509262__bus,iett_509262,509262,TOPAL OSMAN CADDESİ,bus,iett_gtfs,Sancaktepe,True,False
iett_509263__bus,iett_509263,509263,FATİH MAHALLESİ,bus,iett_gtfs,Sancaktepe,True,False
iett_509265__bus,iett_509265,509265,ORTADAĞ,bus,iett_gtfs,Sancaktepe,True,False
iett_509266__bus,iett_509266,509266,ORTADAĞ,bus,iett_gtfs,Sancaktepe,True,False
iett_509267__bus,iett_509267,509267,KIZILAY,bus,iett_gtfs,Sancaktepe,True,False
iett_509268__bus,iett_509268,509268,KIZILAY,bus,iett_gtfs,Sancaktepe,True,False
iett_509269__bus,iett_509269,509269,NİZAMİYE,bus,iett_gtfs,Maltepe,True,False
iett_509270__bus,iett_509270,509270,NİZAMİYE,bus,iett_gtfs,Sancaktepe,True,False
iett_681298__bus,iett_681298,681298,ŞEHRİBAN HATUN CAMİİ,bus,iett_gtfs,Üsküdar,True,False
iett_681299__bus,iett_681299,681299,ŞEHRİBAN HATUN CAMİİ,bus,iett_gtfs,Üsküdar,True,False
iett_681300__bus,iett_681300,681300,ABDULLAHAĞA CADDESİ,bus,iett_gtfs,Üsküdar,True,False
iett_681302__bus,iett_681302,681302,BURHANİYE CAMİİ,bus,iett_gtfs,Üsküdar,True,False
iett_681304__bus,iett_681304,681304,ŞİFA KUYUSU,bus,iett_gtfs,Üsküdar,True,False
iett_292773__bus,iett_292773,292773,NİLÜFER ÇIKMAZI,bus,iett_gtfs,Beykoz,True,False
iett_290145__bus,iett_290145,290145,SİTELER,bus,iett_gtfs,Çekmeköy,True,False
iett_290146__bus,iett_290146,290146,SİTELER,bus,iett_gtfs,Çekmeköy,True,False
iett_290147__bus,iett_290147,290147,REFAH CAMİİ,bus,iett_gtfs,Çekmeköy,True,False
iett_290148__bus,iett_290148,290148,REFAH CAMİİ,bus,iett_gtfs,Çekmeköy,True,False
iett_290149__bus,iett_290149,290149,BAYRAKTAR SOKAK,bus,iett_gtfs,Çekmeköy,True,False
iett_290150__bus,iett_290150,290150,BAYRAKTAR SOKAK,bus,iett_gtfs,Çekmeköy,True,False
iett_290151__bus,iett_290151,290151,ARKADAŞ SOKAK - CEMEVİ,bus,iett_gtfs,Çekmeköy,True,False
iett_290152__bus,iett_290152,290152,ARKADAŞ SOKAK - CEMEVİ,bus,iett_gtfs,Çekmeköy,True,False
iett_681306__bus,iett_681306,681306,15 TEMMUZ ŞEHİTLER KÖPRÜSÜ,bus,iett_gtfs,Üsküdar,True,False
iett_681307__bus,iett_681307,681307,15 TEMMUZ ŞEHİTLER KÖPRÜSÜ,bus,iett_gtfs,Üsküdar,True,False
iett_580236__bus,iett_580236,580236,EZBER CADDESİ,bus,iett_gtfs,Ümraniye,True,False
iett_290153__bus,iett_290153,290153,VATAN CADDESİ,bus,iett_gtfs,Çekmeköy,True,False
iett_290154__bus,iett_290154,290154,VATAN CADDESİ,bus,iett_gtfs,Çekmeköy,True,False
iett_290712__bus,iett_290712,290712,GÜNEŞ CADDESİ,bus,iett_gtfs,Sultanbeyli,True,False
iett_580246__bus,iett_580246,580246,DUDULLU SONDURAK,bus,iett_gtfs,Ümraniye,True,False
iett_580238__bus,iett_580238,580238,İ.M.E.S.,bus,iett_gtfs,Ümraniye,True,False
iett_580239__bus,iett_580239,580239,İ.M.E.S.,bus,iett_gtfs,Ümraniye,True,False
iett_580240__bus,iett_580240,580240,MODOKO,bus,iett_gtfs,Ümraniye,True,False
iett_580241__bus,iett_580241,580241,MODOKO,bus,iett_gtfs,Ümraniye,True,False
iett_580242__bus,iett_580242,580242,ESENŞEHİR MAHALLESİ,bus,iett_gtfs,Ümraniye,True,False
iett_580243__bus,iett_580243,580243,ESENŞEHİR MAHALLESİ,bus,iett_gtfs,Ümraniye,True,False
iett_580244__bus,iett_580244,580244,DUDULLU,bus,iett_gtfs,Ümraniye,True,False
iett_580245__bus,iett_580245,580245,DUDULLU,bus,iett_gtfs,Ümraniye,True,False
iett_290155__bus,iett_290155,290155,ÖZDİL SOKAK,bus,iett_gtfs,Çekmeköy,True,False
iett_290157__bus,iett_290157,290157,ADNAN KAHVECİ,bus,iett_gtfs,Çekmeköy,True,False
iett_290158__bus,iett_290158,290158,ADNAN KAHVECİ,bus,iett_gtfs,Çekmeköy,True,False
iett_290715__bus,iett_290715,290715,SULTANBEYLİ ÇOK PROGRAMLI ANADOLU LİSESİ,bus,iett_gtfs,Sultanbeyli,True,False
iett_290159__bus,iett_290159,290159,KESTANE SOKAK,bus,iett_gtfs,Çekmeköy,True,False
iett_580247__bus,iett_580247,580247,TATLISU MUHTARLIĞI,bus,iett_gtfs,Ümraniye,True,False
iett_292775__bus,iett_292775,292775,CELAL ARAS ANADOLU LİSESİ,bus,iett_gtfs,Beykoz,True,False
iett_681316__bus,iett_681316,681316,KUŞBAKIŞI CADDESİ,bus,iett_gtfs,Üsküdar,True,False
iett_290161__bus,iett_290161,290161,VATAN CADDESİ,bus,iett_gtfs,Çekmeköy,True,False
iett_290163__bus,iett_290163,290163,GÜVEN SOKAK,bus,iett_gtfs,Çekmeköy,True,False
iett_290165__bus,iett_290165,290165,NAR SOKAK,bus,iett_gtfs,Çekmeköy,True,False
iett_290166__bus,iett_290166,290166,NAR SOKAK,bus,iett_gtfs,Çekmeköy,True,False
iett_292778__bus,iett_292778,292778,HUZUREVİ,bus,iett_gtfs,Beykoz,True,False
iett_292779__bus,iett_292779,292779,HUZUREVİ   ,bus,iett_gtfs,Beykoz,True,False
iett_292780__bus,iett_292780,292780,KARE SOKAK,bus,iett_gtfs,Beykoz,True,False
iett_292781__bus,iett_292781,292781,KARE SOKAK,bus,iett_gtfs,Beykoz,True,False
iett_681318__bus,iett_681318,681318,MEHMETÇİK SOKAK,bus,iett_gtfs,Üsküdar,True,False
iett_681319__bus,iett_681319,681319,HAFİZE ÖZAL ORTAOKULU,bus,iett_gtfs,Üsküdar,True,False
iett_681320__bus,iett_681320,681320,HAFİZE ÖZAL ORTAOKULU,bus,iett_gtfs,Üsküdar,True,False
iett_580250__bus,iett_580250,580250,AKKAYA  SOKAK,bus,iett_gtfs,Ümraniye,True,False
iett_681321__bus,iett_681321,681321,ÇAMLICA YOLU,bus,iett_gtfs,Üsküdar,True,False
iett_681323__bus,iett_681323,681323,ACIBADEM METROBÜS,bus,iett_gtfs,Üsküdar,True,False
iett_681325__bus,iett_681325,681325,ACIBADEM METROBÜS,bus,iett_gtfs,Üsküdar,True,False
iett_681326__bus,iett_681326,681326,KÜÇÜKÇAMLICA,bus,iett_gtfs,Üsküdar,True,False
iett_681328__bus,iett_681328,681328,BARIŞ MANÇO PARKI,bus,iett_gtfs,Üsküdar,True,False
iett_681330__bus,iett_681330,681330,MEHMET ZAHİT KOTKU,bus,iett_gtfs,Üsküdar,True,False
iett_681332__bus,iett_681332,681332,SÜTÇÜLER,bus,iett_gtfs,Üsküdar,True,False
iett_681333__bus,iett_681333,681333,SÜTÇÜLER,bus,iett_gtfs,Üsküdar,True,False
iett_681334__bus,iett_681334,681334,SÜTÇÜLER,bus,iett_gtfs,Üsküdar,True,False
iett_681335__bus,iett_681335,681335,SÜTÇÜLER,bus,iett_gtfs,Üsküdar,True,False
iett_292784__bus,iett_292784,292784,OKUL YOLU,bus,iett_gtfs,Beykoz,True,False
iett_292786__bus,iett_292786,292786,YEŞİL PINAR,bus,iett_gtfs,Beykoz,True,False
iett_292787__bus,iett_292787,292787,YEŞİL PINAR,bus,iett_gtfs,Beykoz,True,False
iett_292788__bus,iett_292788,292788,SULTANİYE,bus,iett_gtfs,Beykoz,True,False
iett_290167__bus,iett_290167,290167,ŞAHİNBEY CADDESİ,bus,iett_gtfs,Çekmeköy,True,False
iett_290168__bus,iett_290168,290168,ŞAHİNBEY CADDESİ,bus,iett_gtfs,Çekmeköy,True,False
iett_292791__bus,iett_292791,292791,İĞDE ÇIKMAZI,bus,iett_gtfs,Beykoz,True,False
iett_292792__bus,iett_292792,292792,İĞDE ÇIKMAZI,bus,iett_gtfs,Beykoz,True,False
iett_290169__bus,iett_290169,290169,PAZARYERİ,bus,iett_gtfs,Çekmeköy,True,False
iett_290170__bus,iett_290170,290170,PAZARYERİ,bus,iett_gtfs,Çekmeköy,True,False
iett_681336__bus,iett_681336,681336,BİRİNCİ SOKAK,bus,iett_gtfs,Üsküdar,True,False
iett_681337__bus,iett_681337,681337,BİRİNCİ SOKAK,bus,iett_gtfs,Üsküdar,True,False
iett_1117__bus,iett_1117,1117,EŞREF BİTLİS BULVARI,bus,iett_gtfs,Pendik,True,False
iett_290717__bus,iett_290717,290717,EŞREF BİTLİS BULVARI,bus,iett_gtfs,Sultanbeyli,True,False
iett_290171__bus,iett_290171,290171,MEHMET AKİF ERSOY İLKOKULU,bus,iett_gtfs,Çekmeköy,True,False
iett_509271__bus,iett_509271,509271,KAZIM KARABEKİR CADDESİ,bus,iett_gtfs,Sancaktepe,True,False
iett_509272__bus,iett_509272,509272,KAZIM KARABEKİR CADDESİ,bus,iett_gtfs,Sancaktepe,True,False
iett_290718__bus,iett_290718,290718,AYDER SOKAK,bus,iett_gtfs,Sultanbeyli,True,False
iett_290719__bus,iett_290719,290719,AYDER SOKAK,bus,iett_gtfs,Sultanbeyli,True,False
iett_681338__bus,iett_681338,681338,SELİMİYE,bus,iett_gtfs,Üsküdar,True,False
iett_292795__bus,iett_292795,292795,ORMANLIK,bus,iett_gtfs,Beykoz,True,False
iett_292797__bus,iett_292797,292797,RİVA KÖPRÜSÜ,bus,iett_gtfs,Beykoz,True,False
iett_292798__bus,iett_292798,292798,RİVA KÖPRÜSÜ,bus,iett_gtfs,Beykoz,True,False
iett_292799__bus,iett_292799,292799,YEŞİLDERE,bus,iett_gtfs,Beykoz,True,False
iett_292801__bus,iett_292801,292801,BAHAR SOKAK,bus,iett_gtfs,Beykoz,True,False
iett_292802__bus,iett_292802,292802,BAHAR SOKAK,bus,iett_gtfs,Beykoz,True,False
iett_292803__bus,iett_292803,292803,PLAJ YOLU,bus,iett_gtfs,Beykoz,True,False
iett_284846__bus,iett_284846,284846,CUMHURİYET CADDESİ,bus,iett_gtfs,Şile,True,False
iett_5250825__bus,iett_5250825,5250825,CUMHURİYET CADDESİ,bus,iett_gtfs,Şile,True,False
iett_290173__bus,iett_290173,290173,MERİÇ MAHALLESİ,bus,iett_gtfs,Çekmeköy,True,False
iett_290174__bus,iett_290174,290174,MERİÇ MAHALLESİ,bus,iett_gtfs,Çekmeköy,True,False
iett_681339__bus,iett_681339,681339,BAĞLARBAŞI KÜLTÜR MERKEZİ,bus,iett_gtfs,Üsküdar,True,False
iett_681340__bus,iett_681340,681340,BAĞLARBAŞI KÜLTÜR MERKEZİ,bus,iett_gtfs,Üsküdar,True,False
iett_580254__bus,iett_580254,580254,YUNUS EMRE,bus,iett_gtfs,Ümraniye,True,False
iett_580255__bus,iett_580255,580255,TATLISU CADDESİ,bus,iett_gtfs,Ümraniye,True,False
iett_580256__bus,iett_580256,580256,ELALMIŞ CADDESİ,bus,iett_gtfs,Ümraniye,True,False
iett_580258__bus,iett_580258,580258,AŞIK VEYSEL CADDESİ,bus,iett_gtfs,Ümraniye,True,False
iett_580271__bus,iett_580271,580271,ÜMRANİYE MERKEZ ANADOLU LİSESİ,bus,iett_gtfs,Ümraniye,True,False
iett_681346__bus,iett_681346,681346,KİPTAŞ KONUTLARI,bus,iett_gtfs,Üsküdar,True,False
iett_681350__bus,iett_681350,681350,BÜYÜK ÇAMLICA CAMİİ,bus,iett_gtfs,Üsküdar,True,False
iett_681351__bus,iett_681351,681351,DURU SOKAK,bus,iett_gtfs,Üsküdar,True,False
iett_292818__bus,iett_292818,292818,KÖYİÇİ ,bus,iett_gtfs,Beykoz,True,False
iett_292820__bus,iett_292820,292820,AYVALIDERE,bus,iett_gtfs,Beykoz,True,False
iett_292822__bus,iett_292822,292822,AYAZMA MEVKİİ,bus,iett_gtfs,Beykoz,True,False
iett_292824__bus,iett_292824,292824,MURATDERE MEVKİİ,bus,iett_gtfs,Beykoz,True,False
iett_681357__bus,iett_681357,681357,ALTUNİZADE CAMİİ,bus,iett_gtfs,Üsküdar,True,False
iett_681358__bus,iett_681358,681358,ALTUNİZADE CAMİİ,bus,iett_gtfs,Üsküdar,True,False
iett_681360__bus,iett_681360,681360,ALTUNİZADE CAMİİ,bus,iett_gtfs,Üsküdar,True,False
iett_292826__bus,iett_292826,292826,NİŞANE SOKAK,bus,iett_gtfs,Beykoz,True,False
iett_292828__bus,iett_292828,292828,RADAR ALTI,bus,iett_gtfs,Beykoz,True,False
iett_292829__bus,iett_292829,292829,RADAR ALTI,bus,iett_gtfs,Beykoz,True,False
iett_5250250__bus,iett_5250250,5250250,RADAR ALTI,bus,iett_gtfs,Beykoz,True,False
iett_292830__bus,iett_292830,292830,KİRAZLIYAYLA,bus,iett_gtfs,Beykoz,True,False
iett_292831__bus,iett_292831,292831,KİRAZLIYAYLA,bus,iett_gtfs,Beykoz,True,False
iett_292832__bus,iett_292832,292832,KARLITEPE,bus,iett_gtfs,Beykoz,True,False
iett_292834__bus,iett_292834,292834,KARLITEPE CADDESİ,bus,iett_gtfs,Beykoz,True,False
iett_292836__bus,iett_292836,292836,KARLITEPE İLKOKULU,bus,iett_gtfs,Beykoz,True,False
iett_292837__bus,iett_292837,292837,KARLITEPE İLKOKULU,bus,iett_gtfs,Beykoz,True,False
iett_292838__bus,iett_292838,292838,MANDIRA YOLU,bus,iett_gtfs,Beykoz,True,False
iett_292839__bus,iett_292839,292839,MANDIRA YOLU,bus,iett_gtfs,Beykoz,True,False
iett_292840__bus,iett_292840,292840,HACI NURTEN ÖZYURT CAMİİ,bus,iett_gtfs,Beykoz,True,False
iett_292842__bus,iett_292842,292842,SİTELER,bus,iett_gtfs,Beykoz,True,False
iett_292844__bus,iett_292844,292844,YAYLA YOLU,bus,iett_gtfs,Beykoz,True,False
iett_292846__bus,iett_292846,292846,KORUBAŞI CAMİİ,bus,iett_gtfs,Beykoz,True,False
iett_580288__bus,iett_580288,580288,HZ.ALİ CAMİİ,bus,iett_gtfs,Ümraniye,True,False
iett_580290__bus,iett_580290,580290,23 NİSAN CADDESİ,bus,iett_gtfs,Ümraniye,True,False
iett_580291__bus,iett_580291,580291,23 NİSAN CADDESİ,bus,iett_gtfs,Ümraniye,True,False
iett_580292__bus,iett_580292,580292,23 NİSAN KAPTANOĞLU İLKOKULU,bus,iett_gtfs,Ümraniye,True,False
iett_580293__bus,iett_580293,580293,23 NİSAN KAPTANOĞLU İLKOKULU,bus,iett_gtfs,Ümraniye,True,False
iett_580294__bus,iett_580294,580294,ORTANCA SOKAK,bus,iett_gtfs,Ümraniye,True,False
iett_580296__bus,iett_580296,580296,KOOPERATİF,bus,iett_gtfs,Ümraniye,True,False
iett_580298__bus,iett_580298,580298,ARMAĞANEVLER SİTELER,bus,iett_gtfs,Ümraniye,True,False
iett_509273__bus,iett_509273,509273,AİLE SAĞLIĞI MERKEZİ,bus,iett_gtfs,Sancaktepe,True,False
iett_509274__bus,iett_509274,509274,AİLE SAĞLIĞI MERKEZİ,bus,iett_gtfs,Sancaktepe,True,False
iett_509274__metrobus,iett_509274,509274,AİLE SAĞLIĞI MERKEZİ,metrobus,iett_gtfs,Sancaktepe,True,True
iett_509275__bus,iett_509275,509275,ABİTLER,bus,iett_gtfs,Sancaktepe,True,False
iett_509276__bus,iett_509276,509276,ABİTLER,bus,iett_gtfs,Sancaktepe,True,False
iett_509276__metrobus,iett_509276,509276,ABİTLER,metrobus,iett_gtfs,Sancaktepe,True,True
iett_509277__bus,iett_509277,509277,GAMZE SOKAK,bus,iett_gtfs,Sancaktepe,True,False
iett_509278__metrobus,iett_509278,509278,GAMZE SOKAK,metrobus,iett_gtfs,Sancaktepe,True,True
iett_509279__bus,iett_509279,509279,YUNUS EMRE MAHALLESİ,bus,iett_gtfs,Sancaktepe,True,False
iett_509280__metrobus,iett_509280,509280,YUNUS EMRE MAHALLESİ,metrobus,iett_gtfs,Sancaktepe,True,True
iett_509281__bus,iett_509281,509281,VEYSEL KARANİ CADDESİ,bus,iett_gtfs,Sancaktepe,True,False
iett_509282__bus,iett_509282,509282,VEYSEL KARANİ CADDESİ,bus,iett_gtfs,Sancaktepe,True,False
iett_509282__metrobus,iett_509282,509282,VEYSEL KARANİ CADDESİ,metrobus,iett_gtfs,Sancaktepe,True,True
iett_681363__bus,iett_681363,681363,PAŞABAHÇE BLOKLARI,bus,iett_gtfs,Üsküdar,True,False
iett_681364__bus,iett_681364,681364,PAŞABAHÇE BLOKLARI,bus,iett_gtfs,Üsküdar,True,False
iett_509283__bus,iett_509283,509283,SARIGAZİ PAZAR YERİ,bus,iett_gtfs,Sancaktepe,True,False
iett_509283__metrobus,iett_509283,509283,SARIGAZİ PAZAR YERİ,metrobus,iett_gtfs,Sancaktepe,True,True
iett_509284__bus,iett_509284,509284,SARIGAZİ PAZAR YERİ,bus,iett_gtfs,Sancaktepe,True,False
iett_509284__metrobus,iett_509284,509284,SARIGAZİ PAZAR YERİ,metrobus,iett_gtfs,Sancaktepe,True,True
iett_509285__bus,iett_509285,509285,EBRU SOKAK,bus,iett_gtfs,Sancaktepe,True,False
iett_509285__metrobus,iett_509285,509285,EBRU SOKAK,metrobus,iett_gtfs,Sancaktepe,True,True
iett_509286__bus,iett_509286,509286,EBRU SOKAK,bus,iett_gtfs,Sancaktepe,True,False
iett_509286__metrobus,iett_509286,509286,EBRU SOKAK,metrobus,iett_gtfs,Sancaktepe,True,True
iett_509287__bus,iett_509287,509287,UFUK CADDESİ,bus,iett_gtfs,Sancaktepe,True,False
iett_509287__metrobus,iett_509287,509287,UFUK CADDESİ,metrobus,iett_gtfs,Sancaktepe,True,True
iett_509288__bus,iett_509288,509288,UFUK CADDESİ,bus,iett_gtfs,Sancaktepe,True,False
iett_509288__metrobus,iett_509288,509288,UFUK CADDESİ,metrobus,iett_gtfs,Sancaktepe,True,True
iett_509289__bus,iett_509289,509289,İHSAN SOKAK,bus,iett_gtfs,Sancaktepe,True,False
iett_509289__metrobus,iett_509289,509289,İHSAN SOKAK,metrobus,iett_gtfs,Sancaktepe,True,True
iett_509290__bus,iett_509290,509290,İHSAN SOKAK,bus,iett_gtfs,Sancaktepe,True,False
iett_509290__metrobus,iett_509290,509290,İHSAN SOKAK,metrobus,iett_gtfs,Sancaktepe,True,True
iett_509291__bus,iett_509291,509291,ÇAMLIKTEPE,bus,iett_gtfs,Sancaktepe,True,False
iett_509291__metrobus,iett_509291,509291,ÇAMLIKTEPE,metrobus,iett_gtfs,Sancaktepe,True,True
iett_509292__bus,iett_509292,509292,ÇAMLIKTEPE,bus,iett_gtfs,Sancaktepe,True,False
iett_509292__metrobus,iett_509292,509292,ÇAMLIKTEPE,metrobus,iett_gtfs,Sancaktepe,True,True
iett_509293__bus,iett_509293,509293,MERVE MAHALLESİ,bus,iett_gtfs,Sancaktepe,True,False
iett_509293__metrobus,iett_509293,509293,MERVE MAHALLESİ,metrobus,iett_gtfs,Sancaktepe,True,True
iett_509294__bus,iett_509294,509294,MERVE MAHALLESİ,bus,iett_gtfs,Sancaktepe,True,False
iett_509294__metrobus,iett_509294,509294,MERVE MAHALLESİ,metrobus,iett_gtfs,Sancaktepe,True,True
iett_509295__bus,iett_509295,509295,VİLLALAR,bus,iett_gtfs,Sancaktepe,True,False
iett_509295__metrobus,iett_509295,509295,VİLLALAR,metrobus,iett_gtfs,Sancaktepe,True,True
iett_509296__bus,iett_509296,509296,VİLLALAR,bus,iett_gtfs,Sancaktepe,True,False
iett_509296__metrobus,iett_509296,509296,VİLLALAR,metrobus,iett_gtfs,Sancaktepe,True,True
iett_509297__bus,iett_509297,509297,AKABE CADDESİ,bus,iett_gtfs,Sancaktepe,True,False
iett_509297__metrobus,iett_509297,509297,AKABE CADDESİ,metrobus,iett_gtfs,Sancaktepe,True,True
iett_509298__bus,iett_509298,509298,AKABE CADDESİ,bus,iett_gtfs,Sancaktepe,True,False
iett_509298__metrobus,iett_509298,509298,AKABE CADDESİ,metrobus,iett_gtfs,Sancaktepe,True,True
iett_509299__bus,iett_509299,509299,MERVE CADDESİ,bus,iett_gtfs,Sancaktepe,True,False
iett_509299__metrobus,iett_509299,509299,MERVE CADDESİ,metrobus,iett_gtfs,Sancaktepe,True,True
iett_509300__bus,iett_509300,509300,MERVE CADDESİ,bus,iett_gtfs,Sancaktepe,True,False
iett_292849__bus,iett_292849,292849,PAŞA ÇIKMAZI SOKAK,bus,iett_gtfs,Beykoz,True,False
iett_580300__bus,iett_580300,580300,ŞEHİT MUSTAFA EFENDİ CAMİİ,bus,iett_gtfs,Ümraniye,True,False
iett_580301__bus,iett_580301,580301,ŞEHİT MUSTAFA EFENDİ CAMİİ,bus,iett_gtfs,Ümraniye,True,False
iett_509301__bus,iett_509301,509301,ORMAN İŞLETMELERİ,bus,iett_gtfs,Sancaktepe,True,False
iett_509303__bus,iett_509303,509303,YENİDOĞAN MERKEZ CAMİİ,bus,iett_gtfs,Sancaktepe,True,False
iett_509304__bus,iett_509304,509304,YENİDOĞAN MERKEZ CAMİİ,bus,iett_gtfs,Sancaktepe,True,False
iett_509305__bus,iett_509305,509305,BAYRAKTARLAR SOKAK,bus,iett_gtfs,Sancaktepe,True,False
iett_580302__bus,iett_580302,580302,ÜMRANİYE MERKEZ CAMİİ,bus,iett_gtfs,Ümraniye,True,False
iett_5251343__bus,iett_5251343,5251343,MEVLANA PARKI,bus,iett_gtfs,Ümraniye,True,False
iett_580303__bus,iett_580303,580303,MEVLANA PARKI,bus,iett_gtfs,Ümraniye,True,False
iett_580304__bus,iett_580304,580304,DİSPANSER,bus,iett_gtfs,Ümraniye,True,False
iett_509306__bus,iett_509306,509306,İMAM RABBANİ CADDESİ,bus,iett_gtfs,Sancaktepe,True,False
iett_292853__bus,iett_292853,292853,ŞEBNEM SOKAK,bus,iett_gtfs,Beykoz,True,False
iett_580305__bus,iett_580305,580305,SERİNDERE,bus,iett_gtfs,Ümraniye,True,False
iett_580305__metrobus,iett_580305,580305,SERİNDERE,metrobus,iett_gtfs,Ümraniye,True,True
iett_683957__bus,iett_683957,683957,SERİNDERE,bus,iett_gtfs,Çekmeköy,True,False
iett_683957__metrobus,iett_683957,683957,SERİNDERE,metrobus,iett_gtfs,Çekmeköy,True,True
iett_509308__bus,iett_509308,509308,DİŞ HASTANESİ,bus,iett_gtfs,Sancaktepe,True,False
iett_580307__bus,iett_580307,580307,SAMANYOLU,bus,iett_gtfs,Ümraniye,True,False
iett_580309__bus,iett_580309,580309,HARMAN SOKAK,bus,iett_gtfs,Ümraniye,True,False
iett_580311__bus,iett_580311,580311,SEREN SOKAK,bus,iett_gtfs,Ümraniye,True,False
iett_580312__bus,iett_580312,580312,SEREN SOKAK,bus,iett_gtfs,Ümraniye,True,False
iett_659406__bus,iett_659406,659406,HUZUR MAHALLESİ,bus,iett_gtfs,Çekmeköy,True,False
iett_659406__metrobus,iett_659406,659406,HUZUR MAHALLESİ,metrobus,iett_gtfs,Çekmeköy,True,True
iett_580313__bus,iett_580313,580313,HUZUR MAHALLESİ,bus,iett_gtfs,Ümraniye,True,False
iett_580313__metrobus,iett_580313,580313,HUZUR MAHALLESİ,metrobus,iett_gtfs,Ümraniye,True,True
iett_509309__bus,iett_509309,509309,MEVLANA CADDESİ,bus,iett_gtfs,Sancaktepe,True,False
iett_509309__metrobus,iett_509309,509309,MEVLANA CADDESİ,metrobus,iett_gtfs,Sancaktepe,True,True
iett_509310__bus,iett_509310,509310,MEVLANA CADDESİ,bus,iett_gtfs,Sancaktepe,True,False
iett_681365__bus,iett_681365,681365,ORHAN SEYFİ ORHON ORTAOKULU,bus,iett_gtfs,Üsküdar,True,False
iett_681366__bus,iett_681366,681366,ORHAN SEYFİ ORHON ORTAOKULU,bus,iett_gtfs,Üsküdar,True,False
iett_681367__bus,iett_681367,681367,KİRAZLITEPE MERKEZ,bus,iett_gtfs,Üsküdar,True,False
iett_681368__bus,iett_681368,681368,KİRAZLITEPE MERKEZ,bus,iett_gtfs,Üsküdar,True,False
iett_290175__bus,iett_290175,290175,PLAZALAR,bus,iett_gtfs,Çekmeköy,True,False
iett_290175__metrobus,iett_290175,290175,PLAZALAR,metrobus,iett_gtfs,Çekmeköy,True,True
iett_290176__bus,iett_290176,290176,PLAZALAR,bus,iett_gtfs,Ümraniye,True,False
iett_290176__metrobus,iett_290176,290176,PLAZALAR,metrobus,iett_gtfs,Ümraniye,True,True
iett_284847__bus,iett_284847,284847,AHMETLİ GİRİŞİ,bus,iett_gtfs,Şile,True,False
iett_580317__bus,iett_580317,580317,ÇAKMAK POLİS AMİRLİĞİ,bus,iett_gtfs,Ümraniye,True,False
iett_580318__bus,iett_580318,580318,ÇAKMAK POLİS AMİRLİĞİ,bus,iett_gtfs,Ümraniye,True,False
iett_5251459__bus,iett_5251459,5251459,ÇAKMAK POLİS AMİRLİĞİ,bus,iett_gtfs,Ümraniye,True,False
iett_284849__bus,iett_284849,284849,ALACALI KÖY İÇİ,bus,iett_gtfs,Şile,True,False
iett_292859__bus,iett_292859,292859,GÖRELE İLKOKULU,bus,iett_gtfs,Beykoz,True,False
iett_292581__bus,iett_292581,292581,GÖRELE İLKOKULU,bus,iett_gtfs,Beykoz,True,False
iett_681369__bus,iett_681369,681369,DÖRTYOL,bus,iett_gtfs,Üsküdar,True,False
iett_681370__bus,iett_681370,681370,DÖRTYOL,bus,iett_gtfs,Üsküdar,True,False
iett_681371__bus,iett_681371,681371,DEREYOLU UZUN SOKAK,bus,iett_gtfs,Üsküdar,True,False
iett_681373__bus,iett_681373,681373,ÇAMLICA İLKOKULU,bus,iett_gtfs,Üsküdar,True,False
iett_5250912__bus,iett_5250912,5250912,BAĞ SOKAK,bus,iett_gtfs,Ümraniye,True,False
iett_580319__bus,iett_580319,580319,BAĞ SOKAK,bus,iett_gtfs,Ümraniye,True,False
iett_580320__bus,iett_580320,580320,ÜMRANİYE BELEDİYESİ,bus,iett_gtfs,Ümraniye,True,False
iett_580321__bus,iett_580321,580321,ÜMRANİYE BELEDİYESİ,bus,iett_gtfs,Ümraniye,True,False
iett_681375__bus,iett_681375,681375,FİDANLIK,bus,iett_gtfs,Üsküdar,True,False
iett_681375__metrobus,iett_681375,681375,FİDANLIK,metrobus,iett_gtfs,Üsküdar,True,True
iett_580323__bus,iett_580323,580323,ELMALIKENT,bus,iett_gtfs,Ümraniye,True,False
iett_292861__bus,iett_292861,292861,ÖZGÜR CADDESİ,bus,iett_gtfs,Beykoz,True,False
iett_580324__bus,iett_580324,580324,FABRİKALAR,bus,iett_gtfs,Ümraniye,True,False
iett_580325__bus,iett_580325,580325,FABRİKALAR,bus,iett_gtfs,Ümraniye,True,False
iett_292864__bus,iett_292864,292864,GÖKSU EVLERİ,bus,iett_gtfs,Beykoz,True,False
iett_292865__bus,iett_292865,292865,GÖKSU EVLERİ,bus,iett_gtfs,Beykoz,True,False
iett_292866__bus,iett_292866,292866,MİHRABAT CADDESİ,bus,iett_gtfs,Beykoz,True,False
iett_681376__bus,iett_681376,681376,VALİDEBAĞ SANATORYUM,bus,iett_gtfs,Üsküdar,True,False
iett_290177__bus,iett_290177,290177,KÖROĞLU CADDESİ,bus,iett_gtfs,Çekmeköy,True,False
iett_290179__bus,iett_290179,290179,KÜÇÜK KORU CAMİİ,bus,iett_gtfs,Çekmeköy,True,False
iett_290180__bus,iett_290180,290180,KÜÇÜK KORU CAMİİ,bus,iett_gtfs,Çekmeköy,True,False
iett_290181__bus,iett_290181,290181,YEŞİLTEPE,bus,iett_gtfs,Çekmeköy,True,False
iett_5251357__bus,iett_5251357,5251357,YEŞİLTEPE,bus,iett_gtfs,Çekmeköy,True,False
iett_681377__bus,iett_681377,681377,VEFAKAR SOKAK,bus,iett_gtfs,Üsküdar,True,False
iett_681378__bus,iett_681378,681378,VEFAKAR SOKAK,bus,iett_gtfs,Üsküdar,True,False
iett_681379__bus,iett_681379,681379,KÜÇÜKÇAMLICA CADDESİ,bus,iett_gtfs,Üsküdar,True,False
iett_290182__bus,iett_290182,290182,ÇAVUŞBAŞI CADDESİ,bus,iett_gtfs,Çekmeköy,True,False
iett_290183__bus,iett_290183,290183,ÇAVUŞBAŞI CADDESİ,bus,iett_gtfs,Çekmeköy,True,False
iett_292867__bus,iett_292867,292867,ORMANLIK,bus,iett_gtfs,Beykoz,True,False
iett_292868__bus,iett_292868,292868,ORMANLIK,bus,iett_gtfs,Beykoz,True,False
iett_292869__bus,iett_292869,292869,ŞEHİT SERVET,bus,iett_gtfs,Beykoz,True,False
iett_681381__bus,iett_681381,681381,ÇANKAYA SOKAK,bus,iett_gtfs,Üsküdar,True,False
iett_509311__bus,iett_509311,509311,SAMANDIRA KÜLTÜR MERKEZİ,bus,iett_gtfs,Sancaktepe,True,False
iett_292871__bus,iett_292871,292871,DEREBOYU,bus,iett_gtfs,Beykoz,True,False
iett_292873__bus,iett_292873,292873,YEŞİLYURT,bus,iett_gtfs,Beykoz,True,False
iett_292874__bus,iett_292874,292874,YEŞİLYURT,bus,iett_gtfs,Beykoz,True,False
iett_292875__bus,iett_292875,292875,KUMKÖY,bus,iett_gtfs,Beykoz,True,False
iett_292877__bus,iett_292877,292877,ORUÇ DERE,bus,iett_gtfs,Beykoz,True,False
iett_292879__bus,iett_292879,292879,ÇEŞME,bus,iett_gtfs,Beykoz,True,False
iett_292881__bus,iett_292881,292881,ÜÇYOL,bus,iett_gtfs,Beykoz,True,False
iett_292883__bus,iett_292883,292883,İTFAİYE AMİRLİĞİ,bus,iett_gtfs,Beykoz,True,False
iett_292884__bus,iett_292884,292884,İTFAİYE AMİRLİĞİ,bus,iett_gtfs,Beykoz,True,False
iett_681383__bus,iett_681383,681383,BİLFEN KOLEJİ,bus,iett_gtfs,Üsküdar,True,False
iett_509313__bus,iett_509313,509313,UMUT SOKAK,bus,iett_gtfs,Sancaktepe,True,False
iett_509314__bus,iett_509314,509314,SEÇKİN SOKAK,bus,iett_gtfs,Sancaktepe,True,False
iett_509315__bus,iett_509315,509315,SEÇKİN SOKAK,bus,iett_gtfs,Sancaktepe,True,False
iett_509315__metrobus,iett_509315,509315,SEÇKİN SOKAK,metrobus,iett_gtfs,Sancaktepe,True,True
iett_509316__bus,iett_509316,509316,ADAY SOKAK,bus,iett_gtfs,Sancaktepe,True,False
iett_509317__bus,iett_509317,509317,ADAY SOKAK,bus,iett_gtfs,Sancaktepe,True,False
iett_509317__metrobus,iett_509317,509317,ADAY SOKAK,metrobus,iett_gtfs,Sancaktepe,True,True
iett_509318__bus,iett_509318,509318,FİLİZ  ,bus,iett_gtfs,Sancaktepe,True,False
iett_509319__metrobus,iett_509319,509319,FİLİZ  ,metrobus,iett_gtfs,Sancaktepe,True,True
iett_681388__bus,iett_681388,681388,BULGURLU CADDESİ,bus,iett_gtfs,Üsküdar,True,False
iett_580336__bus,iett_580336,580336,TAVUKÇUYOLU ÇIKIŞI,bus,iett_gtfs,Ümraniye,True,False
iett_580337__bus,iett_580337,580337,ESKİ KADIKÖY YOLU CADDESİ,bus,iett_gtfs,Ümraniye,True,False
iett_580338__bus,iett_580338,580338,ESKİ KADIKÖY YOLU CADDESİ,bus,iett_gtfs,Ümraniye,True,False
iett_580339__bus,iett_580339,580339,DOĞANEVLER CADDESİ,bus,iett_gtfs,Ümraniye,True,False
iett_580340__bus,iett_580340,580340,DOĞANEVLER CADDESİ,bus,iett_gtfs,Ümraniye,True,False
iett_580341__bus,iett_580341,580341,TAVUKÇUYOLU CADDESİ,bus,iett_gtfs,Ümraniye,True,False
iett_580342__bus,iett_580342,580342,TAVUKÇUYOLU CADDESİ,bus,iett_gtfs,Ümraniye,True,False
iett_580343__bus,iett_580343,580343,ÜMRANİYE SGK.,bus,iett_gtfs,Ümraniye,True,False
iett_580344__bus,iett_580344,580344,ÜMRANİYE SGK.,bus,iett_gtfs,Ümraniye,True,False
iett_580345__bus,iett_580345,580345,EROL SOKAK,bus,iett_gtfs,Ümraniye,True,False
iett_580346__bus,iett_580346,580346,EROL SOKAK,bus,iett_gtfs,Ümraniye,True,False
iett_580347__bus,iett_580347,580347,SANAYİ CADDESİ,bus,iett_gtfs,Ümraniye,True,False
iett_580348__bus,iett_580348,580348,KEYAP CADDESİ,bus,iett_gtfs,Ümraniye,True,False
iett_292885__bus,iett_292885,292885,YENİYOL,bus,iett_gtfs,Beykoz,True,False
iett_292887__bus,iett_292887,292887,FİRUZBEY İLKOKULU,bus,iett_gtfs,Beykoz,True,False
iett_292888__bus,iett_292888,292888,FİRUZBEY İLKOKULU,bus,iett_gtfs,Beykoz,True,False
iett_292889__bus,iett_292889,292889,ORMANLIK,bus,iett_gtfs,Beykoz,True,False
iett_292891__bus,iett_292891,292891,DEĞİRMENDERE CAMİİ,bus,iett_gtfs,Beykoz,True,False
iett_580350__bus,iett_580350,580350,ÜMRANİYE TELEKOM,bus,iett_gtfs,Ümraniye,True,False
iett_580598__bus,iett_580598,580598,ÜMRANİYE TELEKOM,bus,iett_gtfs,Ümraniye,True,False
iett_292893__bus,iett_292893,292893,DEĞİRMEN SOKAK,bus,iett_gtfs,Beykoz,True,False
iett_292895__bus,iett_292895,292895,KARDELEN SOKAK,bus,iett_gtfs,Beykoz,True,False
iett_292896__bus,iett_292896,292896,KARDELEN SOKAK,bus,iett_gtfs,Beykoz,True,False
iett_681390__bus,iett_681390,681390,AKSOYLU SOKAK,bus,iett_gtfs,Üsküdar,True,False
iett_681391__bus,iett_681391,681391,AKSOYLU SOKAK,bus,iett_gtfs,Üsküdar,True,False
iett_580351__bus,iett_580351,580351,HALDUN ALAGAŞ,bus,iett_gtfs,Ümraniye,True,False
iett_798910__bus,iett_798910,798910,HALDUN ALAGAŞ,bus,iett_gtfs,Ümraniye,True,False
iett_509320__bus,iett_509320,509320,SAĞLIK OCAĞI,bus,iett_gtfs,Sancaktepe,True,False
iett_509322__bus,iett_509322,509322,MALKOÇOĞLU CADDESİ,bus,iett_gtfs,Sancaktepe,True,False
iett_509323__bus,iett_509323,509323,MALKOÇOĞLU CADDESİ,bus,iett_gtfs,Sancaktepe,True,False
iett_580352__bus,iett_580352,580352,GÜVERCİN SOKAK,bus,iett_gtfs,Ümraniye,True,False
iett_580354__bus,iett_580354,580354,ŞEHİT KÖKSAL KARMİL,bus,iett_gtfs,Ümraniye,True,False
iett_580356__bus,iett_580356,580356,DUMLUPINAR,bus,iett_gtfs,Ümraniye,True,False
iett_292897__bus,iett_292897,292897,SÜMBÜL,bus,iett_gtfs,Beykoz,True,False
iett_292898__bus,iett_292898,292898,SÜMBÜL,bus,iett_gtfs,Beykoz,True,False
iett_580358__bus,iett_580358,580358,ÜMRANİYE ENGELLİLER MERKEZİ,bus,iett_gtfs,Ümraniye,True,False
iett_5251745__bus,iett_5251745,5251745,ÜMRANİYE ENGELLİLER MERKEZİ,bus,iett_gtfs,Ümraniye,True,False
iett_580360__bus,iett_580360,580360,BERAT CAMİİ,bus,iett_gtfs,Ümraniye,True,False
iett_580361__bus,iett_580361,580361,İMES C KAPISI,bus,iett_gtfs,Ümraniye,True,False
iett_580362__bus,iett_580362,580362,İMES C KAPISI,bus,iett_gtfs,Ümraniye,True,False
iett_509324__bus,iett_509324,509324,ŞEHİT PROF.DR İLHAN VARANK EĞİTİM VE ARAŞTIRMA HASTANESİ,bus,iett_gtfs,Sancaktepe,True,False
iett_509325__bus,iett_509325,509325,ŞEHİT PROF.DR İLHAN VARANK EĞİTİM VE ARAŞTIRMA HASTANESİ,bus,iett_gtfs,Sancaktepe,True,False
iett_509418__bus,iett_509418,509418,ŞEHİT PROF.DR İLHAN VARANK EĞİTİM VE ARAŞTIRMA HASTANESİ,bus,iett_gtfs,Sancaktepe,True,False
iett_509419__bus,iett_509419,509419,ŞEHİT PROF.DR İLHAN VARANK EĞİTİM VE ARAŞTIRMA HASTANESİ,bus,iett_gtfs,Sancaktepe,True,False
iett_580363__bus,iett_580363,580363,BARAJ YOLU,bus,iett_gtfs,Ümraniye,True,False
iett_580364__bus,iett_580364,580364,BARAJ YOLU,bus,iett_gtfs,Ümraniye,True,False
iett_509326__bus,iett_509326,509326,ŞEHİT ÖĞRETMEN NURGÜL KALE ORTAOKULU,bus,iett_gtfs,Sancaktepe,True,False
iett_509327__bus,iett_509327,509327,ŞEHİT ÖĞRETMEN NURGÜL KALE ORTAOKULU,bus,iett_gtfs,Sancaktepe,True,False
iett_509328__bus,iett_509328,509328,ÖREN SOKAK,bus,iett_gtfs,Sancaktepe,True,False
iett_509329__bus,iett_509329,509329,ÖREN SOKAK,bus,iett_gtfs,Sancaktepe,True,False
iett_509330__bus,iett_509330,509330,NAR ÇİÇEĞİ SOKAK,bus,iett_gtfs,Sancaktepe,True,False
iett_509331__bus,iett_509331,509331,NAR ÇİÇEĞİ SOKAK,bus,iett_gtfs,Sancaktepe,True,False
iett_290740__bus,iett_290740,290740,İSKİ TESİSLERİ,bus,iett_gtfs,Sultanbeyli,True,False
iett_290741__bus,iett_290741,290741,ŞEHİT HİKMET EFENDİ CADDESİ,bus,iett_gtfs,Sultanbeyli,True,False
iett_290742__bus,iett_290742,290742,KASEM SOKAK,bus,iett_gtfs,Sultanbeyli,True,False
iett_290743__bus,iett_290743,290743,TRABZON CADDESİ - ŞEHİT POLİS HACI DUMAN,bus,iett_gtfs,Sultanbeyli,True,False
iett_290745__bus,iett_290745,290745,ANTALYA CADDESİ,bus,iett_gtfs,Sultanbeyli,True,False
iett_290747__bus,iett_290747,290747,AHMET İSKENDER KURAN KURSU,bus,iett_gtfs,Sultanbeyli,True,False
iett_290748__bus,iett_290748,290748,AHMET İSKENDER KURAN KURSU,bus,iett_gtfs,Sultanbeyli,True,False
iett_290749__bus,iett_290749,290749,ABDULKADİR UDEH CADDESİ,bus,iett_gtfs,Sultanbeyli,True,False
iett_290751__bus,iett_290751,290751,PERŞEMBE PAZARI,bus,iett_gtfs,Sultanbeyli,True,False
iett_290753__bus,iett_290753,290753,GÖLET,bus,iett_gtfs,Sultanbeyli,True,False
iett_290754__bus,iett_290754,290754,GÖLET,bus,iett_gtfs,Sultanbeyli,True,False
iett_290755__bus,iett_290755,290755,FATİH MAHALLESİ,bus,iett_gtfs,Sultanbeyli,True,False
iett_290756__bus,iett_290756,290756,FATİH MAHALLESİ,bus,iett_gtfs,Sultanbeyli,True,False
iett_290757__bus,iett_290757,290757,MEHMET AKİF MAHALLESİ,bus,iett_gtfs,Sultanbeyli,True,False
iett_290758__bus,iett_290758,290758,MEHMET AKİF MAHALLESİ,bus,iett_gtfs,Sultanbeyli,True,False
iett_509332__bus,iett_509332,509332,SONGÜL SOKAK,bus,iett_gtfs,Sancaktepe,True,False
iett_509333__bus,iett_509333,509333,SONGÜL SOKAK,bus,iett_gtfs,Sancaktepe,True,False
iett_290759__bus,iett_290759,290759,BEŞYOL,bus,iett_gtfs,Sultanbeyli,True,False
iett_290760__bus,iett_290760,290760,BEŞYOL,bus,iett_gtfs,Sultanbeyli,True,False
iett_292899__bus,iett_292899,292899,ORMAN YOLU,bus,iett_gtfs,Beykoz,True,False
iett_292901__bus,iett_292901,292901,GÜZELDERE,bus,iett_gtfs,Beykoz,True,False
iett_292902__bus,iett_292902,292902,GÜZELDERE,bus,iett_gtfs,Beykoz,True,False
iett_292903__bus,iett_292903,292903,VİLLALAR,bus,iett_gtfs,Beykoz,True,False
iett_292904__bus,iett_292904,292904,VİLLALAR,bus,iett_gtfs,Beykoz,True,False
iett_580369__bus,iett_580369,580369,ŞEHİT SEVGİ YEŞİLYURT,bus,iett_gtfs,Ümraniye,True,False
iett_580369__metrobus,iett_580369,580369,ŞEHİT SEVGİ YEŞİLYURT,metrobus,iett_gtfs,Ümraniye,True,True
iett_580371__bus,iett_580371,580371,EVTAŞ BLOKLARI,bus,iett_gtfs,Ümraniye,True,False
iett_290761__bus,iett_290761,290761,GÖNÜL SOKAK,bus,iett_gtfs,Sultanbeyli,True,False
iett_290762__bus,iett_290762,290762,GÖNÜL SOKAK,bus,iett_gtfs,Sultanbeyli,True,False
iett_290763__bus,iett_290763,290763,KUŞ ÇAYIRI,bus,iett_gtfs,Sultanbeyli,True,False
iett_290765__bus,iett_290765,290765,MÜCAHİT CADDESİ,bus,iett_gtfs,Sultanbeyli,True,False
iett_290767__bus,iett_290767,290767,KAPTAN-I DERYA,bus,iett_gtfs,Sultanbeyli,True,False
iett_290768__bus,iett_290768,290768,KAPTAN-I DERYA,bus,iett_gtfs,Sultanbeyli,True,False
iett_290769__bus,iett_290769,290769,SELÇUKHAN CADDESİ,bus,iett_gtfs,Sultanbeyli,True,False
iett_290771__bus,iett_290771,290771,KUBBE CADDESİ,bus,iett_gtfs,Sultanbeyli,True,False
iett_290773__bus,iett_290773,290773,ALTAY SOKAK,bus,iett_gtfs,Sultanbeyli,True,False
iett_290774__bus,iett_290774,290774,ALTAY SOKAK,bus,iett_gtfs,Sultanbeyli,True,False
iett_290775__bus,iett_290775,290775,HAL,bus,iett_gtfs,Sultanbeyli,True,False
iett_290777__bus,iett_290777,290777,REVANİ SOKAK,bus,iett_gtfs,Sultanbeyli,True,False
iett_290779__bus,iett_290779,290779,BAYRAM SOKAK,bus,iett_gtfs,Sultanbeyli,True,False
iett_290781__bus,iett_290781,290781,SULTANBEYLİ 100.YIL STADYUMU,bus,iett_gtfs,Sultanbeyli,True,False
iett_290782__bus,iett_290782,290782,SULTANBEYLİ 100.YIL STADYUMU,bus,iett_gtfs,Sultanbeyli,True,False
iett_292905__bus,iett_292905,292905,FINDIK SUYU,bus,iett_gtfs,Beykoz,True,False
iett_509334__bus,iett_509334,509334,RÜHEYDA SOKAK,bus,iett_gtfs,Sancaktepe,True,False
iett_292907__bus,iett_292907,292907,MEZARLIK YOLU,bus,iett_gtfs,Beykoz,True,False
iett_292909__bus,iett_292909,292909,SAHRA SOKAK,bus,iett_gtfs,Beykoz,True,False
iett_292911__bus,iett_292911,292911,BOĞAZGÖREN,bus,iett_gtfs,Beykoz,True,False
iett_292913__bus,iett_292913,292913,GÖLBAHÇE,bus,iett_gtfs,Beykoz,True,False
iett_292914__bus,iett_292914,292914,KİREMİTDERE CAMİİ,bus,iett_gtfs,Beykoz,True,False
iett_290783__bus,iett_290783,290783,ÜLKER SOKAK,bus,iett_gtfs,Sultanbeyli,True,False
iett_290784__bus,iett_290784,290784,ÜLKER SOKAK,bus,iett_gtfs,Sultanbeyli,True,False
iett_290785__bus,iett_290785,290785,CUMA CADDESİ,bus,iett_gtfs,Sultanbeyli,True,False
iett_290786__bus,iett_290786,290786,CUMA CADDESİ,bus,iett_gtfs,Sultanbeyli,True,False
iett_290787__bus,iett_290787,290787,AYGÜN SOKAK,bus,iett_gtfs,Sultanbeyli,True,False
iett_290789__bus,iett_290789,290789,MEDİNE SOKAK,bus,iett_gtfs,Sultanbeyli,True,False
iett_290790__bus,iett_290790,290790,MEDİNE SOKAK,bus,iett_gtfs,Sultanbeyli,True,False
iett_290792__bus,iett_290792,290792,BOSNA,bus,iett_gtfs,Sultanbeyli,True,False
iett_290793__bus,iett_290793,290793,BOSNA,bus,iett_gtfs,Sultanbeyli,True,False
iett_290794__bus,iett_290794,290794,BOSNA BULVARI,bus,iett_gtfs,Sultanbeyli,True,False
iett_290795__bus,iett_290795,290795,BOSNA BULVARI,bus,iett_gtfs,Sultanbeyli,True,False
iett_290796__bus,iett_290796,290796,SULTANBEYLİ OTOGAR,bus,iett_gtfs,Sultanbeyli,True,False
iett_290797__bus,iett_290797,290797,SULTANBEYLİ OTOGAR,bus,iett_gtfs,Sultanbeyli,True,False
iett_290799__bus,iett_290799,290799,BELEDİYE SAPAĞI,bus,iett_gtfs,Sultanbeyli,True,False
iett_580373__bus,iett_580373,580373,YENİDÜNYA SİTESİ,bus,iett_gtfs,Ümraniye,True,False
iett_580374__bus,iett_580374,580374,YENİDÜNYA SİTESİ,bus,iett_gtfs,Ümraniye,True,False
iett_509336__bus,iett_509336,509336,KARAPINAR SOKAK,bus,iett_gtfs,Sancaktepe,True,False
iett_509336__metrobus,iett_509336,509336,KARAPINAR SOKAK,metrobus,iett_gtfs,Sancaktepe,True,True
iett_290800__bus,iett_290800,290800,GÖLET GİRİŞİ,bus,iett_gtfs,Sultanbeyli,True,False
iett_290801__bus,iett_290801,290801,GÖLET GİRİŞİ,bus,iett_gtfs,Sultanbeyli,True,False
iett_290802__bus,iett_290802,290802,DÜZEY SOKAK,bus,iett_gtfs,Sultanbeyli,True,False
iett_290804__bus,iett_290804,290804,BÜLBÜL SOKAK,bus,iett_gtfs,Sultanbeyli,True,False
iett_290806__bus,iett_290806,290806,BULVAR GİRİŞİ,bus,iett_gtfs,Sultanbeyli,True,False
iett_1118__bus,iett_1118,1118,BULVAR GİRİŞİ,bus,iett_gtfs,Pendik,True,False
iett_292916__bus,iett_292916,292916,KANTAR KÖPRÜSÜ,bus,iett_gtfs,Beykoz,True,False
iett_681394__bus,iett_681394,681394,BOĞAZİÇİ SİTESİ,bus,iett_gtfs,Üsküdar,True,False
iett_681395__bus,iett_681395,681395,BOĞAZİÇİ SİTESİ,bus,iett_gtfs,Üsküdar,True,False
iett_681396__bus,iett_681396,681396,BOĞAZİÇİ SİTESİ,bus,iett_gtfs,Üsküdar,True,False
iett_580379__bus,iett_580379,580379,MANOLYA EVLERİ,bus,iett_gtfs,Ümraniye,True,False
iett_580380__bus,iett_580380,580380,MANOLYA EVLERİ,bus,iett_gtfs,Ümraniye,True,False
iett_580381__bus,iett_580381,580381,ERKUT SOYAK ANADOLU LİSESİ,bus,iett_gtfs,Ümraniye,True,False
iett_580385__bus,iett_580385,580385,ŞELALE CADDESİ,bus,iett_gtfs,Ümraniye,True,False
iett_580387__bus,iett_580387,580387,KADOSAN SAPAĞI,bus,iett_gtfs,Ümraniye,True,False
iett_580388__bus,iett_580388,580388,KADOSAN SAPAĞI,bus,iett_gtfs,Ümraniye,True,False
iett_290184__bus,iett_290184,290184,CEMRE SOKAK,bus,iett_gtfs,Çekmeköy,True,False
iett_290185__bus,iett_290185,290185,CEMRE SOKAK,bus,iett_gtfs,Çekmeköy,True,False
iett_290186__bus,iett_290186,290186,ÇEKMEKÖY AĞIZ DİŞ SAĞLIĞI MERKEZİ,bus,iett_gtfs,Çekmeköy,True,False
iett_290187__bus,iett_290187,290187,ÇEKMEKÖY AĞIZ DİŞ SAĞLIĞI MERKEZİ,bus,iett_gtfs,Çekmeköy,True,False
iett_290188__bus,iett_290188,290188,BURÇAK SOKAK,bus,iett_gtfs,Çekmeköy,True,False
iett_290189__bus,iett_290189,290189,BURÇAK SOKAK,bus,iett_gtfs,Çekmeköy,True,False
iett_659331__bus,iett_659331,659331,ÖZGÜRLÜK CADDESİ ,bus,iett_gtfs,Çekmeköy,True,False
iett_509338__bus,iett_509338,509338,ÖZGÜRLÜK CADDESİ,bus,iett_gtfs,Sancaktepe,True,False
iett_659356__bus,iett_659356,659356,VATAN ORTAOKULU,bus,iett_gtfs,Çekmeköy,True,False
iett_795718__bus,iett_795718,795718,SULTANGAZİ CADDESİ,bus,iett_gtfs,Sancaktepe,True,False
iett_509340__bus,iett_509340,509340,SULTANGAZİ CADDESİ,bus,iett_gtfs,Çekmeköy,True,False
iett_683948__bus,iett_683948,683948,MEHMETÇİK ANADOLU LİSESİ,bus,iett_gtfs,Çekmeköy,True,False
iett_580389__bus,iett_580389,580389,IHLAMUR EVLERİ,bus,iett_gtfs,Ümraniye,True,False
iett_580390__bus,iett_580390,580390,IHLAMUR EVLERİ,bus,iett_gtfs,Ümraniye,True,False
iett_580391__bus,iett_580391,580391,ÇETİN CADDESİ,bus,iett_gtfs,Ümraniye,True,False
iett_580392__bus,iett_580392,580392,ÇETİN CADDESİ,bus,iett_gtfs,Ümraniye,True,False
iett_509342__bus,iett_509342,509342,EVPA,bus,iett_gtfs,Sancaktepe,True,False
iett_509344__bus,iett_509344,509344,GEDİZ SOKAK,bus,iett_gtfs,Sancaktepe,True,False
iett_509345__bus,iett_509345,509345,GEDİZ SOKAK,bus,iett_gtfs,Sancaktepe,True,False
iett_290190__bus,iett_290190,290190,SİNAN SOKAK,bus,iett_gtfs,Çekmeköy,True,False
iett_290191__bus,iett_290191,290191,SİNAN SOKAK,bus,iett_gtfs,Çekmeköy,True,False
iett_509346__bus,iett_509346,509346,KIZILAY CADDESİ,bus,iett_gtfs,Sancaktepe,True,False
iett_580396__bus,iett_580396,580396,İSLAMBEY SAĞLIK OCAĞI,bus,iett_gtfs,Ümraniye,True,False
iett_580397__bus,iett_580397,580397,İSLAMBEY SAĞLIK OCAĞI,bus,iett_gtfs,Ümraniye,True,False
iett_580398__bus,iett_580398,580398,GÜMÜŞ SOKAK,bus,iett_gtfs,Ümraniye,True,False
iett_580400__bus,iett_580400,580400,ANADOLU CADDESİ,bus,iett_gtfs,Ümraniye,True,False
iett_580402__bus,iett_580402,580402,SEYRANTEPE,bus,iett_gtfs,Ümraniye,True,False
iett_292918__bus,iett_292918,292918,HARMANTEPE,bus,iett_gtfs,Beykoz,True,False
iett_580408__bus,iett_580408,580408,GÖKSU CADDESİ,bus,iett_gtfs,Ümraniye,True,False
iett_580410__bus,iett_580410,580410,BOTANİK BAHÇE,bus,iett_gtfs,Ümraniye,True,False
iett_580411__bus,iett_580411,580411,BOTANİK BAHÇE,bus,iett_gtfs,Ümraniye,True,False
iett_509348__bus,iett_509348,509348,OSMANGAZİ CADDESİ,bus,iett_gtfs,Sancaktepe,True,False
iett_509348__metrobus,iett_509348,509348,OSMANGAZİ CADDESİ,metrobus,iett_gtfs,Sancaktepe,True,True
iett_509349__bus,iett_509349,509349,OSMANGAZİ CADDESİ,bus,iett_gtfs,Sancaktepe,True,False
iett_509349__metrobus,iett_509349,509349,OSMANGAZİ CADDESİ,metrobus,iett_gtfs,Sancaktepe,True,True
iett_580412__bus,iett_580412,580412,KADER SOKAK,bus,iett_gtfs,Ümraniye,True,False
iett_580413__bus,iett_580413,580413,KADER SOKAK,bus,iett_gtfs,Ümraniye,True,False
iett_290807__bus,iett_290807,290807,ZİYA-ÜL HAK CADDESİ,bus,iett_gtfs,Sultanbeyli,True,False
iett_292921__bus,iett_292921,292921,KİRAZLI,bus,iett_gtfs,Beykoz,True,False
iett_292923__bus,iett_292923,292923,MİRALEM,bus,iett_gtfs,Beykoz,True,False
iett_509350__bus,iett_509350,509350,CENGİZ TOPEL İLKOKULU,bus,iett_gtfs,Sancaktepe,True,False
iett_509352__bus,iett_509352,509352,CANSU SOKAK,bus,iett_gtfs,Sancaktepe,True,False
iett_509354__bus,iett_509354,509354,RÜZGARLI SOKAK,bus,iett_gtfs,Sancaktepe,True,False
iett_509356__bus,iett_509356,509356,ZERAFET SOKAK,bus,iett_gtfs,Sancaktepe,True,False
iett_292925__bus,iett_292925,292925,KASIMPATI,bus,iett_gtfs,Beykoz,True,False
iett_509358__bus,iett_509358,509358,FETİH SOKAK,bus,iett_gtfs,Sancaktepe,True,False
iett_509359__bus,iett_509359,509359,FETİH SOKAK,bus,iett_gtfs,Sancaktepe,True,False
iett_509360__bus,iett_509360,509360,YUNUS EMRE CAMİİ,bus,iett_gtfs,Sancaktepe,True,False
iett_509361__bus,iett_509361,509361,YUNUS EMRE CAMİİ,bus,iett_gtfs,Sancaktepe,True,False
iett_290192__bus,iett_290192,290192,KEVSER CAMİİ,bus,iett_gtfs,Çekmeköy,True,False
iett_290193__bus,iett_290193,290193,KEVSER CAMİİ,bus,iett_gtfs,Çekmeköy,True,False
iett_290194__bus,iett_290194,290194,HACI FATMA TALİP KAHRAMAN CAMİİ,bus,iett_gtfs,Çekmeköy,True,False
iett_290195__bus,iett_290195,290195,HACI FATMA TALİP KAHRAMAN CAMİİ,bus,iett_gtfs,Çekmeköy,True,False
iett_580414__bus,iett_580414,580414,SAKARYA SOKAK,bus,iett_gtfs,Ümraniye,True,False
iett_580415__bus,iett_580415,580415,SAKARYA SOKAK,bus,iett_gtfs,Ümraniye,True,False
iett_290198__bus,iett_290198,290198,KURAN KURSU CADDESİ,bus,iett_gtfs,Çekmeköy,True,False
iett_290199__bus,iett_290199,290199,KURAN KURSU CADDESİ,bus,iett_gtfs,Çekmeköy,True,False
iett_290200__bus,iett_290200,290200,65.SOKAK,bus,iett_gtfs,Çekmeköy,True,False
iett_290201__bus,iett_290201,290201,65.SOKAK,bus,iett_gtfs,Çekmeköy,True,False
iett_580416__bus,iett_580416,580416,İMES A KAPISI,bus,iett_gtfs,Ümraniye,True,False
iett_580417__bus,iett_580417,580417,İMES A KAPISI,bus,iett_gtfs,Ümraniye,True,False
iett_292927__bus,iett_292927,292927,TAŞOCAKLARI CAMİİ,bus,iett_gtfs,Beykoz,True,False
iett_292928__bus,iett_292928,292928,ACARKENT C KAPISI,bus,iett_gtfs,Beykoz,True,False
iett_292930__bus,iett_292930,292930,ACARKENT C1 KAPISI,bus,iett_gtfs,Beykoz,True,False
iett_292932__bus,iett_292932,292932,ARSLAN SOKAK,bus,iett_gtfs,Beykoz,True,False
iett_292934__bus,iett_292934,292934,ACARKENT D3 KAPISI,bus,iett_gtfs,Beykoz,True,False
iett_292936__bus,iett_292936,292936,ACARKENT E KAPISI,bus,iett_gtfs,Beykoz,True,False
iett_292938__bus,iett_292938,292938,ŞENER SOKAK,bus,iett_gtfs,Beykoz,True,False
iett_292940__bus,iett_292940,292940,MEHMET UÇAR SOKAK,bus,iett_gtfs,Beykoz,True,False
iett_681402__bus,iett_681402,681402,ABDİPAŞA ARA SOKAK,bus,iett_gtfs,Üsküdar,True,False
iett_681403__bus,iett_681403,681403,ABDİPAŞA ARA SOKAK,bus,iett_gtfs,Üsküdar,True,False
iett_290202__bus,iett_290202,290202,NİŞANTEPE SAPAĞI,bus,iett_gtfs,Sancaktepe,True,False
iett_290203__bus,iett_290203,290203,NİŞANTEPE SAPAĞI,bus,iett_gtfs,Çekmeköy,True,False
iett_290206__bus,iett_290206,290206,ÖMERLİ ,bus,iett_gtfs,Çekmeköy,True,False
iett_290207__bus,iett_290207,290207,ÖMERLİ ,bus,iett_gtfs,Çekmeköy,True,False
iett_290208__bus,iett_290208,290208,ÖMERLİ SAĞLIK OCAĞI,bus,iett_gtfs,Çekmeköy,True,False
iett_290210__bus,iett_290210,290210,BARAJ YOLU SAPAĞI,bus,iett_gtfs,Çekmeköy,True,False
iett_290211__bus,iett_290211,290211,BARAJ YOLU SAPAĞI,bus,iett_gtfs,Çekmeköy,True,False
iett_290212__bus,iett_290212,290212,KOÇULLU MERKEZ,bus,iett_gtfs,Çekmeköy,True,False
iett_290213__bus,iett_290213,290213,KOÇULLU MERKEZ,bus,iett_gtfs,Çekmeköy,True,False
iett_290214__bus,iett_290214,290214,KOÇULLU SAPAĞI,bus,iett_gtfs,Çekmeköy,True,False
iett_290216__bus,iett_290216,290216,SIRAPINAR YOLU,bus,iett_gtfs,Çekmeköy,True,False
iett_290218__bus,iett_290218,290218,SIRAPINAR,bus,iett_gtfs,Çekmeköy,True,False
iett_290219__bus,iett_290219,290219,SIRAPINAR,bus,iett_gtfs,Çekmeköy,True,False
iett_290220__bus,iett_290220,290220,HÜSEYİNLİ MUHTARLIĞI,bus,iett_gtfs,Çekmeköy,True,False
iett_290221__bus,iett_290221,290221,HÜSEYİNLİ MUHTARLIĞI,bus,iett_gtfs,Çekmeköy,True,False
iett_290222__bus,iett_290222,290222,HÜSEYİNLİ KÖYÜ,bus,iett_gtfs,Çekmeköy,True,False
iett_290223__bus,iett_290223,290223,HÜSEYİNLİ KÖYÜ,bus,iett_gtfs,Çekmeköy,True,False
iett_292941__bus,iett_292941,292941,İSHAKLI SAPAĞI,bus,iett_gtfs,Beykoz,True,False
iett_292943__bus,iett_292943,292943,CUMHURİYET SAPAĞI,bus,iett_gtfs,Beykoz,True,False
iett_284852__bus,iett_284852,284852,ÜSKÜDAR CADDESİ,bus,iett_gtfs,Şile,True,False
iett_580418__bus,iett_580418,580418,ESENLİ SOKAK,bus,iett_gtfs,Ümraniye,True,False
iett_681404__bus,iett_681404,681404,TURİSTİK ÇAMLICA TESİSLERİ,bus,iett_gtfs,Üsküdar,True,False
iett_681404__metrobus,iett_681404,681404,TURİSTİK ÇAMLICA TESİSLERİ,metrobus,iett_gtfs,Üsküdar,True,True
iett_292948__bus,iett_292948,292948,FATİH MAHALLESİ,bus,iett_gtfs,Beykoz,True,False
iett_292949__bus,iett_292949,292949,FATİH MAHALLESİ,bus,iett_gtfs,Beykoz,True,False
iett_292950__bus,iett_292950,292950,İSTAÇ TESİSLERİ,bus,iett_gtfs,Beykoz,True,False
iett_580420__bus,iett_580420,580420,İSTAÇ TESİSLERİ,bus,iett_gtfs,Ümraniye,True,False
iett_580421__bus,iett_580421,580421,CİHAN SOKAK,bus,iett_gtfs,Ümraniye,True,False
iett_290224__bus,iett_290224,290224,ERCİYES SOKAK,bus,iett_gtfs,Çekmeköy,True,False
iett_290226__bus,iett_290226,290226,TURGUT ÖZAL CADDESİ,bus,iett_gtfs,Çekmeköy,True,False
iett_292952__bus,iett_292952,292952,MURATDERE MAHALLESİ,bus,iett_gtfs,Beykoz,True,False
iett_580423__bus,iett_580423,580423,ŞEYMA SOKAK,bus,iett_gtfs,Ümraniye,True,False
iett_292954__bus,iett_292954,292954,ÇOK PROGRAMLI LİSE,bus,iett_gtfs,Beykoz,True,False
iett_580425__bus,iett_580425,580425,MALATYA CADDESİ,bus,iett_gtfs,Ümraniye,True,False
iett_580426__bus,iett_580426,580426,MALATYA CADDESİ,bus,iett_gtfs,Ümraniye,True,False
iett_509364__bus,iett_509364,509364,SARDUNYA EVLERİ,bus,iett_gtfs,Sancaktepe,True,False
iett_509365__bus,iett_509365,509365,SARDUNYA EVLERİ,bus,iett_gtfs,Sancaktepe,True,False
iett_580427__bus,iett_580427,580427,OSMANGAZİ,bus,iett_gtfs,Ümraniye,True,False
iett_580428__bus,iett_580428,580428,OSMANGAZİ,bus,iett_gtfs,Ümraniye,True,False
iett_292955__bus,iett_292955,292955,HÜRRİYET CADDESİ,bus,iett_gtfs,Beykoz,True,False
iett_292957__bus,iett_292957,292957,ŞEHİT ÖMER HALİSDEMİR MESLEKİ VE TEKNİK ANADOLU LİSESİ,bus,iett_gtfs,Beykoz,True,False
iett_509366__bus,iett_509366,509366,SANCAKTEPE KAYMAKAMLIĞI,bus,iett_gtfs,Sancaktepe,True,False
iett_509366__metrobus,iett_509366,509366,SANCAKTEPE KAYMAKAMLIĞI,metrobus,iett_gtfs,Sancaktepe,True,True
iett_509367__bus,iett_509367,509367,SARIGAZİ METRO,bus,iett_gtfs,Sancaktepe,True,False
iett_509367__metrobus,iett_509367,509367,SARIGAZİ METRO,metrobus,iett_gtfs,Sancaktepe,True,True
iett_509368__bus,iett_509368,509368,SARIGAZİ ATATÜRK CADDESİ,bus,iett_gtfs,Sancaktepe,True,False
iett_509368__metrobus,iett_509368,509368,SARIGAZİ ATATÜRK CADDESİ,metrobus,iett_gtfs,Sancaktepe,True,True
iett_509369__bus,iett_509369,509369,SARIGAZİ ATATÜRK CADDESİ,bus,iett_gtfs,Sancaktepe,True,False
iett_509369__metrobus,iett_509369,509369,SARIGAZİ ATATÜRK CADDESİ,metrobus,iett_gtfs,Sancaktepe,True,True
iett_292959__bus,iett_292959,292959,KAVACIK SAPAĞI,bus,iett_gtfs,Beykoz,True,False
iett_292960__bus,iett_292960,292960,KAVACIK SAPAĞI,bus,iett_gtfs,Beykoz,True,False
iett_292961__bus,iett_292961,292961,KAVACIK MEZARLIK,bus,iett_gtfs,Beykoz,True,False
iett_293405__bus,iett_293405,293405,KAVACIK MEZARLIK,bus,iett_gtfs,Beykoz,True,False
iett_292962__bus,iett_292962,292962,ORTAÇEŞME,bus,iett_gtfs,Beykoz,True,False
iett_292963__bus,iett_292963,292963,ORTAÇEŞME,bus,iett_gtfs,Beykoz,True,False
iett_580429__bus,iett_580429,580429,TATLISU MAHALLESİ,bus,iett_gtfs,Ümraniye,True,False
iett_580430__bus,iett_580430,580430,TATLISU MAHALLESİ,bus,iett_gtfs,Ümraniye,True,False
iett_580447__bus,iett_580447,580447,VURAL SİTESİ,bus,iett_gtfs,Ümraniye,True,False
iett_580448__bus,iett_580448,580448,VURAL SİTESİ,bus,iett_gtfs,Ümraniye,True,False
iett_580449__bus,iett_580449,580449,OSMANGAZİ CADDESİ,bus,iett_gtfs,Ümraniye,True,False
iett_580450__bus,iett_580450,580450,OSMANGAZİ CADDESİ,bus,iett_gtfs,Ümraniye,True,False
iett_292969__bus,iett_292969,292969,ERDOĞANLAR SOKAK,bus,iett_gtfs,Beykoz,True,False
iett_292971__bus,iett_292971,292971,MEHMET AKİF ERSOY CADDESİ,bus,iett_gtfs,Beykoz,True,False
iett_292972__bus,iett_292972,292972,MEHMET AKİF ERSOY CADDESİ,bus,iett_gtfs,Beykoz,True,False
iett_681409__bus,iett_681409,681409,NİYAZİ SAYIN KÜLTÜR MERKEZİ,bus,iett_gtfs,Üsküdar,True,False
iett_681410__bus,iett_681410,681410,NİYAZİ SAYIN KÜLTÜR MERKEZİ,bus,iett_gtfs,Üsküdar,True,False
iett_580451__bus,iett_580451,580451,YEŞİLVADİ SAPAĞI,bus,iett_gtfs,Ümraniye,True,False
iett_580452__bus,iett_580452,580452,YEŞİLVADİ SAPAĞI,bus,iett_gtfs,Ümraniye,True,False
iett_580453__bus,iett_580453,580453,ŞİİR SOKAK,bus,iett_gtfs,Ümraniye,True,False
iett_580454__bus,iett_580454,580454,AHESTE SOKAK,bus,iett_gtfs,Ümraniye,True,False
iett_290808__bus,iett_290808,290808,KOZALAK SOKAK,bus,iett_gtfs,Sultanbeyli,True,False
iett_290810__bus,iett_290810,290810,SÜMBÜL EFENDİ SOKAK,bus,iett_gtfs,Sultanbeyli,True,False
iett_290812__bus,iett_290812,290812,ESENLER SOKAK,bus,iett_gtfs,Sultanbeyli,True,False
iett_290814__bus,iett_290814,290814,SPOR YOLU CADDESİ,bus,iett_gtfs,Sultanbeyli,True,False
iett_580455__bus,iett_580455,580455,ÜMRANİYE DEVLET HASTANESİ ACİL,bus,iett_gtfs,Ümraniye,True,False
iett_580456__bus,iett_580456,580456,ÜMRANİYE DEVLET HASTANESİ ACİL,bus,iett_gtfs,Ümraniye,True,False
iett_580458__bus,iett_580458,580458,TANTAVİ KÖPRÜSÜ,bus,iett_gtfs,Ümraniye,True,False
iett_580461__bus,iett_580461,580461,BALKAN CADDESİ,bus,iett_gtfs,Ümraniye,True,False
iett_580462__bus,iett_580462,580462,BALKAN CADDESİ,bus,iett_gtfs,Ümraniye,True,False
iett_580465__bus,iett_580465,580465,AKSOY SOKAK,bus,iett_gtfs,Ümraniye,True,False
iett_292973__bus,iett_292973,292973,AYDINLAR SOKAK,bus,iett_gtfs,Beykoz,True,False
iett_292975__bus,iett_292975,292975,MESİRE ALANI,bus,iett_gtfs,Beykoz,True,False
iett_292977__bus,iett_292977,292977,ACARLAR YOLU,bus,iett_gtfs,Beykoz,True,False
iett_292979__bus,iett_292979,292979,KÜÇÜKSU,bus,iett_gtfs,Beykoz,True,False
iett_292980__bus,iett_292980,292980,BOĞAZİÇİ ÜNİVERSİTESİ ANADOLU HİSARI KAMPÜSÜ,bus,iett_gtfs,Beykoz,True,False
iett_292982__bus,iett_292982,292982,BOĞAZİÇİ ÜNİVERSİTESİ ANADOLU HİSARI KAMPÜSÜ,bus,iett_gtfs,Beykoz,True,False
iett_292983__bus,iett_292983,292983,ANADOLU HİSARI,bus,iett_gtfs,Beykoz,True,False
iett_292984__bus,iett_292984,292984,ANADOLU HİSARI,bus,iett_gtfs,Beykoz,True,False
iett_292985__bus,iett_292985,292985,DOLAYBAĞI,bus,iett_gtfs,Beykoz,True,False
iett_292986__bus,iett_292986,292986,DOLAYBAĞI,bus,iett_gtfs,Beykoz,True,False
iett_292987__bus,iett_292987,292987,KÖRFEZ,bus,iett_gtfs,Beykoz,True,False
iett_292989__bus,iett_292989,292989,KÖRFEZ,bus,iett_gtfs,Beykoz,True,False
iett_292990__bus,iett_292990,292990,KANLICA,bus,iett_gtfs,Beykoz,True,False
iett_292992__bus,iett_292992,292992,BEYKOZ SAHİL BOYU,bus,iett_gtfs,Beykoz,True,False
iett_292993__bus,iett_292993,292993,BEYKOZ SAHİL BOYU,bus,iett_gtfs,Beykoz,True,False
iett_292994__bus,iett_292994,292994,HİDROGRAFİ DAİRESİ BAŞKANLIĞI,bus,iett_gtfs,Beykoz,True,False
iett_292995__bus,iett_292995,292995,HİDROGRAFİ DAİRESİ BAŞKANLIĞI,bus,iett_gtfs,Beykoz,True,False
iett_292996__bus,iett_292996,292996,ÇUBUKLU,bus,iett_gtfs,Beykoz,True,False
iett_292997__bus,iett_292997,292997,ÇUBUKLU,bus,iett_gtfs,Beykoz,True,False
iett_293000__bus,iett_293000,293000,DEDEOĞLU KÖPRÜSÜ,bus,iett_gtfs,Beykoz,True,False
iett_293001__bus,iett_293001,293001,DEDEOĞLU KÖPRÜSÜ,bus,iett_gtfs,Beykoz,True,False
iett_293002__bus,iett_293002,293002,BURUN BAHÇE,bus,iett_gtfs,Beykoz,True,False
iett_293004__bus,iett_293004,293004,İBB BEYKOZ SOSYAL TESİSLERİ,bus,iett_gtfs,Beykoz,True,False
iett_293005__bus,iett_293005,293005,İBB BEYKOZ SOSYAL TESİSLERİ,bus,iett_gtfs,Beykoz,True,False
iett_293006__bus,iett_293006,293006,PAŞABAHÇE,bus,iett_gtfs,Beykoz,True,False
iett_293007__bus,iett_293007,293007,PAŞABAHÇE,bus,iett_gtfs,Beykoz,True,False
iett_293008__bus,iett_293008,293008,BEYKOZ DEVLET HASTANESİ,bus,iett_gtfs,Beykoz,True,False
iett_293009__bus,iett_293009,293009,BEYKOZ DEVLET HASTANESİ,bus,iett_gtfs,Beykoz,True,False
iett_293010__bus,iett_293010,293010,SAİP MOLLA CADDESİ - ŞİŞECAM,bus,iett_gtfs,Beykoz,True,False
iett_293011__bus,iett_293011,293011,SAİP MOLLA CADDESİ - ŞİŞECAM,bus,iett_gtfs,Beykoz,True,False
iett_293012__bus,iett_293012,293012,GÜMÜŞSUYU MAHALLESİ,bus,iett_gtfs,Beykoz,True,False
iett_293013__bus,iett_293013,293013,GÜMÜŞSUYU MAHALLESİ,bus,iett_gtfs,Beykoz,True,False
iett_293014__bus,iett_293014,293014,BEYKOZ BELEDİYESİ,bus,iett_gtfs,Beykoz,True,False
iett_293015__bus,iett_293015,293015,BEYKOZ BELEDİYESİ,bus,iett_gtfs,Beykoz,True,False
iett_293016__bus,iett_293016,293016,BEYKOZ KORUSU,bus,iett_gtfs,Beykoz,True,False
iett_293018__bus,iett_293018,293018,BEYKOZ - ŞEHİT PİLOT YÜZBAŞI ATİLLA TAPAN,bus,iett_gtfs,Beykoz,True,False
iett_293019__bus,iett_293019,293019,BEYKOZ - ŞEHİT PİLOT YÜZBAŞI ATİLLA TAPAN,bus,iett_gtfs,Beykoz,True,False
iett_293020__bus,iett_293020,293020,BEYKOZ - ŞEHİT PİLOT YÜZBAŞI ATİLLA TAPAN,bus,iett_gtfs,Beykoz,True,False
iett_293021__bus,iett_293021,293021,YALIKÖY,bus,iett_gtfs,Beykoz,True,False
iett_293022__bus,iett_293022,293022,YALIKÖY,bus,iett_gtfs,Beykoz,True,False
iett_293023__bus,iett_293023,293023,KUNDURA FABRİKASI,bus,iett_gtfs,Beykoz,True,False
iett_293025__bus,iett_293025,293025,ÇAYIR CADDESİ,bus,iett_gtfs,Beykoz,True,False
iett_293026__bus,iett_293026,293026,ÇAYIR CADDESİ,bus,iett_gtfs,Beykoz,True,False
iett_293031__bus,iett_293031,293031,AKBABA CADDESİ,bus,iett_gtfs,Beykoz,True,False
iett_293033__bus,iett_293033,293033,CEVİZLİ BAHÇE,bus,iett_gtfs,Beykoz,True,False
iett_293034__bus,iett_293034,293034,CEVİZLİ BAHÇE,bus,iett_gtfs,Beykoz,True,False
iett_293035__bus,iett_293035,293035,YENİ MAHALLE,bus,iett_gtfs,Beykoz,True,False
iett_293037__bus,iett_293037,293037,AVİZE FABRİKASI,bus,iett_gtfs,Beykoz,True,False
iett_293039__bus,iett_293039,293039,İSMAİL ÖZSEÇKİN İLKOKULU,bus,iett_gtfs,Beykoz,True,False
iett_293040__bus,iett_293040,293040,İSMAİL ÖZSEÇKİN İLKOKULU,bus,iett_gtfs,Beykoz,True,False
iett_293041__bus,iett_293041,293041,AKBABA,bus,iett_gtfs,Beykoz,True,False
iett_293043__bus,iett_293043,293043,POYRAZ SAPAĞI,bus,iett_gtfs,Beykoz,True,False
iett_293045__bus,iett_293045,293045,KARAKULAK CADDESİ,bus,iett_gtfs,Beykoz,True,False
iett_293047__bus,iett_293047,293047,DERESEKİ,bus,iett_gtfs,Beykoz,True,False
iett_293048__bus,iett_293048,293048,DERESEKİ,bus,iett_gtfs,Beykoz,True,False
iett_293049__bus,iett_293049,293049,KAYNARCA YOLU,bus,iett_gtfs,Beykoz,True,False
iett_293051__bus,iett_293051,293051,DEREBOYU,bus,iett_gtfs,Beykoz,True,False
iett_293053__bus,iett_293053,293053,ALİBAHADIR,bus,iett_gtfs,Beykoz,True,False
iett_293055__bus,iett_293055,293055,ALİBAHADIR,bus,iett_gtfs,Beykoz,True,False
iett_293056__bus,iett_293056,293056,FUNDALIK,bus,iett_gtfs,Beykoz,True,False
iett_293058__bus,iett_293058,293058,MERAL CELAL ARAS SPOR LİSESİ,bus,iett_gtfs,Beykoz,True,False
iett_292568__bus,iett_292568,292568,MERAL CELAL ARAS SPOR LİSESİ,bus,iett_gtfs,Beykoz,True,False
iett_293060__bus,iett_293060,293060,AYVALIDERE,bus,iett_gtfs,Beykoz,True,False
iett_293062__bus,iett_293062,293062,KUZDERE,bus,iett_gtfs,Beykoz,True,False
iett_293064__bus,iett_293064,293064,DEĞİRMENDERE,bus,iett_gtfs,Beykoz,True,False
iett_293066__bus,iett_293066,293066,PAŞAMANDIRA,bus,iett_gtfs,Beykoz,True,False
iett_293068__bus,iett_293068,293068,DEREBOYU,bus,iett_gtfs,Beykoz,True,False
iett_293070__bus,iett_293070,293070,CAM SANAT OKULU,bus,iett_gtfs,Beykoz,True,False
iett_293072__bus,iett_293072,293072,ACISU,bus,iett_gtfs,Beykoz,True,False
iett_293074__bus,iett_293074,293074,ÖĞÜMCE,bus,iett_gtfs,Beykoz,True,False
iett_293076__bus,iett_293076,293076,ÖĞRETMEN LOJMANLARI,bus,iett_gtfs,Beykoz,True,False
iett_293078__bus,iett_293078,293078,BOZHANE,bus,iett_gtfs,Beykoz,True,False
iett_293079__bus,iett_293079,293079,BOZHANE,bus,iett_gtfs,Beykoz,True,False
iett_293080__bus,iett_293080,293080,GÖLLÜ,bus,iett_gtfs,Beykoz,True,False
iett_293081__bus,iett_293081,293081,ESENTEPE,bus,iett_gtfs,Beykoz,True,False
iett_293083__bus,iett_293083,293083,KILIÇLI,bus,iett_gtfs,Beykoz,True,False
iett_293085__bus,iett_293085,293085,İSHAKLI KÖYÜ,bus,iett_gtfs,Beykoz,True,False
iett_293086__bus,iett_293086,293086,REŞADİYE SAPAĞI,bus,iett_gtfs,Beykoz,True,False
iett_293088__bus,iett_293088,293088,CUMHURİYET KÖYÜ,bus,iett_gtfs,Beykoz,True,False
iett_293089__bus,iett_293089,293089,CUMHURİYET KÖYÜ,bus,iett_gtfs,Beykoz,True,False
iett_681458__bus,iett_681458,681458,SAĞLIK SOKAK,bus,iett_gtfs,Üsküdar,True,False
iett_681461__bus,iett_681461,681461,YENİ ŞAHİN SOKAK,bus,iett_gtfs,Üsküdar,True,False
iett_681466__bus,iett_681466,681466,KİRAZLITEPE BÜYÜK CAMİİ,bus,iett_gtfs,Üsküdar,True,False
iett_681467__bus,iett_681467,681467,KİRAZLITEPE BÜYÜK CAMİİ,bus,iett_gtfs,Üsküdar,True,False
iett_681468__bus,iett_681468,681468,KİRAZLITEPE,bus,iett_gtfs,Üsküdar,True,False
iett_681490__bus,iett_681490,681490,ŞEHİT KEMAL EKŞİ,bus,iett_gtfs,Üsküdar,True,False
iett_681520__bus,iett_681520,681520,KÜÇÜKSU CADDESİ,bus,iett_gtfs,Üsküdar,True,False
iett_293092__bus,iett_293092,293092,ŞİRİNEVLER,bus,iett_gtfs,Üsküdar,True,False
iett_681521__bus,iett_681521,681521,ŞİRİNEVLER,bus,iett_gtfs,Üsküdar,True,False
iett_293093__bus,iett_293093,293093,ÇİFTLİK YOLU,bus,iett_gtfs,Beykoz,True,False
iett_681523__bus,iett_681523,681523,İMAM ŞAMİL CAMİİ,bus,iett_gtfs,Beykoz,True,False
iett_293094__bus,iett_293094,293094,İMAM ŞAMİL CAMİİ,bus,iett_gtfs,Beykoz,True,False
iett_293095__bus,iett_293095,293095,BAHÇELİEVLER,bus,iett_gtfs,Beykoz,True,False
iett_681524__bus,iett_681524,681524,BAHÇELİEVLER,bus,iett_gtfs,Beykoz,True,False
iett_293096__bus,iett_293096,293096,ERRAHMAN CAMİİ,bus,iett_gtfs,Beykoz,True,False
iett_580467__bus,iett_580467,580467,ERRAHMAN CAMİİ,bus,iett_gtfs,Ümraniye,True,False
iett_293097__bus,iett_293097,293097,REFERANS SOKAK,bus,iett_gtfs,Beykoz,True,False
iett_580468__bus,iett_580468,580468,REFERANS SOKAK,bus,iett_gtfs,Ümraniye,True,False
iett_293098__bus,iett_293098,293098,ÖZEVLER MAHALLESİ,bus,iett_gtfs,Beykoz,True,False
iett_580469__bus,iett_580469,580469,ÖZEVLER MAHALLESİ,bus,iett_gtfs,Ümraniye,True,False
iett_580470__bus,iett_580470,580470,GAZİPAŞA CADDESİ,bus,iett_gtfs,Ümraniye,True,False
iett_293099__bus,iett_293099,293099,GAZİPAŞA CADDESİ,bus,iett_gtfs,Beykoz,True,False
iett_293100__bus,iett_293100,293100,KÖŞK,bus,iett_gtfs,Beykoz,True,False
iett_580471__bus,iett_580471,580471,KÖŞK,bus,iett_gtfs,Ümraniye,True,False
iett_293101__bus,iett_293101,293101,HEKİMBAŞI AİLE SAĞLIĞI MERKEZİ,bus,iett_gtfs,Beykoz,True,False
iett_580472__bus,iett_580472,580472,HEKİMBAŞI AİLE SAĞLIĞI MERKEZİ,bus,iett_gtfs,Ümraniye,True,False
iett_580473__bus,iett_580473,580473,ASFALT FABRİKASI,bus,iett_gtfs,Ümraniye,True,False
iett_293102__bus,iett_293102,293102,ASFALT FABRİKASI,bus,iett_gtfs,Beykoz,True,False
iett_580474__bus,iett_580474,580474,ASFALT FABRİKASI,bus,iett_gtfs,Beykoz,True,False
iett_293103__bus,iett_293103,293103,SADRİ ALIŞIK CADDESİ,bus,iett_gtfs,Beykoz,True,False
iett_293104__bus,iett_293104,293104,SADRİ ALIŞIK CADDESİ,bus,iett_gtfs,Beykoz,True,False
iett_293105__bus,iett_293105,293105,NİŞANGAH CADDESİ,bus,iett_gtfs,Beykoz,True,False
iett_293106__bus,iett_293106,293106,NİŞANGAH CADDESİ,bus,iett_gtfs,Beykoz,True,False
iett_293107__bus,iett_293107,293107,NİŞANGAH CAMİİ,bus,iett_gtfs,Beykoz,True,False
iett_293109__bus,iett_293109,293109,NİŞANTAŞI,bus,iett_gtfs,Beykoz,True,False
iett_293111__bus,iett_293111,293111,YENİMAHALLE MUHTARLIĞI,bus,iett_gtfs,Beykoz,True,False
iett_293112__bus,iett_293112,293112,YENİMAHALLE MUHTARLIĞI,bus,iett_gtfs,Beykoz,True,False
iett_293113__bus,iett_293113,293113,GÜNER SOKAK,bus,iett_gtfs,Beykoz,True,False
iett_293115__bus,iett_293115,293115,RÜZGARLI SOKAK,bus,iett_gtfs,Beykoz,True,False
iett_293116__bus,iett_293116,293116,RÜZGARLI SOKAK,bus,iett_gtfs,Beykoz,True,False
iett_293117__bus,iett_293117,293117,YENİ MAHALLE 1,bus,iett_gtfs,Beykoz,True,False
iett_293119__bus,iett_293119,293119,DR.ÖMER BESİMPAŞA CADDESİ,bus,iett_gtfs,Beykoz,True,False
iett_293121__bus,iett_293121,293121,NAKIŞ SOKAK,bus,iett_gtfs,Beykoz,True,False
iett_293123__bus,iett_293123,293123,ANADOLU HİSARI ÖĞRENCİ YURDU,bus,iett_gtfs,Beykoz,True,False
iett_293125__bus,iett_293125,293125,BARUTHANE,bus,iett_gtfs,Beykoz,True,False
iett_293127__bus,iett_293127,293127,ŞEHİT KEMAL ZEREN,bus,iett_gtfs,Beykoz,True,False
iett_293128__bus,iett_293128,293128,ŞEHİT KEMAL ZEREN,bus,iett_gtfs,Beykoz,True,False
iett_290816__bus,iett_290816,290816,YUVACIK SOKAK,bus,iett_gtfs,Sultanbeyli,True,False
iett_293129__bus,iett_293129,293129,ARK BOYU,bus,iett_gtfs,Beykoz,True,False
iett_293131__bus,iett_293131,293131,AHMET MİTHAT EFENDİ KÜLTÜR MERKEZİ,bus,iett_gtfs,Beykoz,True,False
iett_293132__bus,iett_293132,293132,AHMET MİTHAT EFENDİ KÜLTÜR MERKEZİ,bus,iett_gtfs,Beykoz,True,False
iett_293133__bus,iett_293133,293133,GÖZTEPE,bus,iett_gtfs,Beykoz,True,False
iett_293134__bus,iett_293134,293134,GÖZTEPE,bus,iett_gtfs,Beykoz,True,False
iett_293135__bus,iett_293135,293135,BLOKLAR,bus,iett_gtfs,Beykoz,True,False
iett_293136__bus,iett_293136,293136,BLOKLAR,bus,iett_gtfs,Beykoz,True,False
iett_293137__bus,iett_293137,293137,ATATÜRK CADDESİ,bus,iett_gtfs,Beykoz,True,False
iett_293139__bus,iett_293139,293139,KAVACIK KÖPRÜSÜ,bus,iett_gtfs,Beykoz,True,False
iett_293140__bus,iett_293140,293140,KAVACIK KÖPRÜSÜ,bus,iett_gtfs,Beykoz,True,False
iett_293141__bus,iett_293141,293141,KAPTANLAR,bus,iett_gtfs,Beykoz,True,False
iett_293142__bus,iett_293142,293142,KAPTANLAR,bus,iett_gtfs,Beykoz,True,False
iett_293143__bus,iett_293143,293143,CUMHURİYET CADDESİ,bus,iett_gtfs,Beykoz,True,False
iett_293147__bus,iett_293147,293147,KAVACIK DÖRTYOL,bus,iett_gtfs,Beykoz,True,False
iett_293149__bus,iett_293149,293149,SPOR TESİSLERİ,bus,iett_gtfs,Beykoz,True,False
iett_293151__bus,iett_293151,293151,OTAĞTEPE,bus,iett_gtfs,Beykoz,True,False
iett_293153__bus,iett_293153,293153,MAHUR SOKAK,bus,iett_gtfs,Beykoz,True,False
iett_293155__bus,iett_293155,293155,YENİ CAMİİ,bus,iett_gtfs,Beykoz,True,False
iett_293156__bus,iett_293156,293156,HASAN YAVUZ,bus,iett_gtfs,Beykoz,True,False
iett_293157__bus,iett_293157,293157,HASAN YAVUZ,bus,iett_gtfs,Beykoz,True,False
iett_293158__bus,iett_293158,293158,OZANLAR,bus,iett_gtfs,Beykoz,True,False
iett_293159__bus,iett_293159,293159,OZANLAR,bus,iett_gtfs,Beykoz,True,False
iett_293173__bus,iett_293173,293173,ŞEHİT HASAN KAYA,bus,iett_gtfs,Beykoz,True,False
iett_293174__bus,iett_293174,293174,CUMHURİYET CADDESİ,bus,iett_gtfs,Beykoz,True,False
iett_293175__bus,iett_293175,293175,CUMHURİYET CADDESİ,bus,iett_gtfs,Beykoz,True,False
iett_293176__bus,iett_293176,293176,RÜZGARLI BAHÇE,bus,iett_gtfs,Beykoz,True,False
iett_293177__bus,iett_293177,293177,RÜZGARLI BAHÇE,bus,iett_gtfs,Beykoz,True,False
iett_293180__bus,iett_293180,293180,HARMANLIK,bus,iett_gtfs,Beykoz,True,False
iett_293182__bus,iett_293182,293182,ŞEHİTLİK,bus,iett_gtfs,Beykoz,True,False
iett_293187__bus,iett_293187,293187,ÇAVUŞBAŞI YOLU,bus,iett_gtfs,Beykoz,True,False
iett_293189__bus,iett_293189,293189,DOSTLUK,bus,iett_gtfs,Beykoz,True,False
iett_293190__bus,iett_293190,293190,DOSTLUK,bus,iett_gtfs,Beykoz,True,False
iett_293191__bus,iett_293191,293191,GÖZTEPE,bus,iett_gtfs,Beykoz,True,False
iett_293193__bus,iett_293193,293193,FİDANLIK,bus,iett_gtfs,Beykoz,True,False
iett_293194__bus,iett_293194,293194,FİDANLIK,bus,iett_gtfs,Beykoz,True,False
iett_293195__bus,iett_293195,293195,FATİH MAHALLESİ MERKEZ,bus,iett_gtfs,Beykoz,True,False
iett_293197__bus,iett_293197,293197,DEMOKRASİ CADDESİ,bus,iett_gtfs,Beykoz,True,False
iett_293199__bus,iett_293199,293199,MANDIRA CADDESİ,bus,iett_gtfs,Beykoz,True,False
iett_293200__bus,iett_293200,293200,MANDIRA CADDESİ,bus,iett_gtfs,Beykoz,True,False
iett_293201__bus,iett_293201,293201,ÇAVUŞBAŞI,bus,iett_gtfs,Beykoz,True,False
iett_293203__bus,iett_293203,293203,ÇAVUŞBAŞI,bus,iett_gtfs,Beykoz,True,False
iett_293205__bus,iett_293205,293205,YAKUT SOKAK,bus,iett_gtfs,Beykoz,True,False
iett_293206__bus,iett_293206,293206,ÇAVUŞBAŞI CUMHURİYET CADDESİ,bus,iett_gtfs,Beykoz,True,False
iett_293208__bus,iett_293208,293208,KONAK,bus,iett_gtfs,Beykoz,True,False
iett_293209__bus,iett_293209,293209,KONAK,bus,iett_gtfs,Beykoz,True,False
iett_293210__bus,iett_293210,293210,YEŞİLBAHÇE,bus,iett_gtfs,Beykoz,True,False
iett_293211__bus,iett_293211,293211,YEŞİLBAHÇE,bus,iett_gtfs,Beykoz,True,False
iett_293212__bus,iett_293212,293212,KARANLIK DERE,bus,iett_gtfs,Beykoz,True,False
iett_293213__bus,iett_293213,293213,KARANLIK DERE,bus,iett_gtfs,Beykoz,True,False
iett_293214__bus,iett_293214,293214,DUTDERE,bus,iett_gtfs,Beykoz,True,False
iett_293215__bus,iett_293215,293215,ÇUKURÇAYIR CADDESİ - ŞEHİT ERAY KARATAŞ,bus,iett_gtfs,Beykoz,True,False
iett_293216__bus,iett_293216,293216,ÇUKURÇAYIR CADDESİ - ŞEHİT ERAY KARATAŞ,bus,iett_gtfs,Beykoz,True,False
iett_293217__bus,iett_293217,293217,FISTIKALTI SOKAK,bus,iett_gtfs,Beykoz,True,False
iett_293219__bus,iett_293219,293219,FERDA VE TURAN TAKMAZ ORTAOKULU,bus,iett_gtfs,Beykoz,True,False
iett_293221__bus,iett_293221,293221,İNCİRKÖY MUHTARLIĞI - KÖYÖNÜ CADDESİ,bus,iett_gtfs,Beykoz,True,False
iett_293223__bus,iett_293223,293223,TEPEKÖY,bus,iett_gtfs,Beykoz,True,False
iett_293224__bus,iett_293224,293224,TEPEKÖY,bus,iett_gtfs,Beykoz,True,False
iett_293225__bus,iett_293225,293225,MEHMET AKİF ERSOY CADDESİ,bus,iett_gtfs,Beykoz,True,False
iett_293226__bus,iett_293226,293226,MEHMET AKİF ERSOY CADDESİ,bus,iett_gtfs,Beykoz,True,False
iett_293227__bus,iett_293227,293227,FAZİLET CAMİİ,bus,iett_gtfs,Beykoz,True,False
iett_293228__bus,iett_293228,293228,FAZİLET CAMİİ,bus,iett_gtfs,Beykoz,True,False
iett_293229__bus,iett_293229,293229,FUNDA SOKAK,bus,iett_gtfs,Beykoz,True,False
iett_293232__bus,iett_293232,293232,SOĞUKSU MAHALLESİ,bus,iett_gtfs,Beykoz,True,False
iett_293233__bus,iett_293233,293233,SOĞUKSU MAHALLESİ,bus,iett_gtfs,Beykoz,True,False
iett_293234__bus,iett_293234,293234,EDE SOKAK,bus,iett_gtfs,Beykoz,True,False
iett_293236__bus,iett_293236,293236,ŞEHİT YASİN,bus,iett_gtfs,Beykoz,True,False
iett_293238__bus,iett_293238,293238,ŞEHİT MURAT ÇAVDAR,bus,iett_gtfs,Beykoz,True,False
iett_293239__bus,iett_293239,293239,ŞEHİT MURAT ÇAVDAR,bus,iett_gtfs,Beykoz,True,False
iett_293240__bus,iett_293240,293240,KORULUK,bus,iett_gtfs,Beykoz,True,False
iett_293242__bus,iett_293242,293242,DOLUNAY,bus,iett_gtfs,Beykoz,True,False
iett_293244__bus,iett_293244,293244,GAZİ TUFAN,bus,iett_gtfs,Beykoz,True,False
iett_293247__bus,iett_293247,293247,ŞEHİT EROL MARANGOZ,bus,iett_gtfs,Beykoz,True,False
iett_293249__bus,iett_293249,293249,HANÇER SOKAK,bus,iett_gtfs,Beykoz,True,False
iett_293251__bus,iett_293251,293251,KÖŞK,bus,iett_gtfs,Beykoz,True,False
iett_293252__bus,iett_293252,293252,KÖŞK,bus,iett_gtfs,Beykoz,True,False
iett_293253__bus,iett_293253,293253,BEYKOZ KONAKLARI,bus,iett_gtfs,Beykoz,True,False
iett_293254__bus,iett_293254,293254,SELÇUK SOKAK,bus,iett_gtfs,Beykoz,True,False
iett_293256__bus,iett_293256,293256,ACARLAR MAHALLE MUHTARLIĞI,bus,iett_gtfs,Beykoz,True,False
iett_293257__bus,iett_293257,293257,ACARLAR MAHALLESİ MUHTARLIĞI,bus,iett_gtfs,Beykoz,True,False
iett_293258__bus,iett_293258,293258,ÇAMLIK,bus,iett_gtfs,Beykoz,True,False
iett_293260__bus,iett_293260,293260,ÇENGELDERE SAPAĞI,bus,iett_gtfs,Beykoz,True,False
iett_293262__bus,iett_293262,293262,ÇENGELDERE,bus,iett_gtfs,Beykoz,True,False
iett_293264__bus,iett_293264,293264,ERTUĞRULGAZİ CADDESİ,bus,iett_gtfs,Beykoz,True,False
iett_293266__bus,iett_293266,293266,AKINCILAR CADDESİ,bus,iett_gtfs,Beykoz,True,False
iett_293268__bus,iett_293268,293268,GÜNEŞLİ CADDESİ,bus,iett_gtfs,Beykoz,True,False
iett_293269__bus,iett_293269,293269,GÜNEŞLİ CADDESİ,bus,iett_gtfs,Beykoz,True,False
iett_293270__bus,iett_293270,293270,YUNUSEMRE CADDESİ,bus,iett_gtfs,Beykoz,True,False
iett_293274__bus,iett_293274,293274,ELMALI CADDESİ,bus,iett_gtfs,Beykoz,True,False
iett_293275__bus,iett_293275,293275,ELMALI CADDESİ,bus,iett_gtfs,Beykoz,True,False
iett_293276__bus,iett_293276,293276,ÇİFTLİK,bus,iett_gtfs,Beykoz,True,False
iett_293277__bus,iett_293277,293277,ÇİFTLİK,bus,iett_gtfs,Beykoz,True,False
iett_293278__bus,iett_293278,293278,ELMALI KAVŞAĞI,bus,iett_gtfs,Beykoz,True,False
iett_293279__bus,iett_293279,293279,ELMALI KAVŞAĞI,bus,iett_gtfs,Beykoz,True,False
iett_293280__bus,iett_293280,293280,HÜSEYİN SAÇAKLI CAMİİ,bus,iett_gtfs,Beykoz,True,False
iett_293282__bus,iett_293282,293282,CEVİZLİDERE,bus,iett_gtfs,Beykoz,True,False
iett_293284__bus,iett_293284,293284,ELMALI KÖYÜ,bus,iett_gtfs,Beykoz,True,False
iett_293285__bus,iett_293285,293285,ELMALI KÖYÜ,bus,iett_gtfs,Beykoz,True,False
iett_293286__bus,iett_293286,293286,DEĞİRMEN,bus,iett_gtfs,Beykoz,True,False
iett_293287__bus,iett_293287,293287,DEĞİRMEN,bus,iett_gtfs,Beykoz,True,False
iett_293288__bus,iett_293288,293288,DÖRTEVLER,bus,iett_gtfs,Beykoz,True,False
iett_293290__bus,iett_293290,293290,SPOR TESİSLERİ,bus,iett_gtfs,Beykoz,True,False
iett_293291__bus,iett_293291,293291,SPOR TESİSLERİ,bus,iett_gtfs,Beykoz,True,False
iett_293292__bus,iett_293292,293292,KÖYBAŞI,bus,iett_gtfs,Beykoz,True,False
iett_293293__bus,iett_293293,293293,KÖYBAŞI,bus,iett_gtfs,Beykoz,True,False
iett_293294__bus,iett_293294,293294,GÜLBAHÇE,bus,iett_gtfs,Beykoz,True,False
iett_293296__bus,iett_293296,293296,YAVUZ CADDESİ,bus,iett_gtfs,Beykoz,True,False
iett_293298__bus,iett_293298,293298,ÖRNEKKÖY SAPAĞI,bus,iett_gtfs,Beykoz,True,False
iett_293299__bus,iett_293299,293299,ÖRNEKKÖY SAPAĞI,bus,iett_gtfs,Beykoz,True,False
iett_293300__bus,iett_293300,293300,TÜL FABRİKASI,bus,iett_gtfs,Beykoz,True,False
iett_293301__bus,iett_293301,293301,TÜL FABRİKASI,bus,iett_gtfs,Beykoz,True,False
iett_293302__bus,iett_293302,293302,TOYGAR,bus,iett_gtfs,Beykoz,True,False
iett_293304__bus,iett_293304,293304,TOYGAR CADDESİ,bus,iett_gtfs,Beykoz,True,False
iett_293306__bus,iett_293306,293306,TOYGAR CAMİİ,bus,iett_gtfs,Beykoz,True,False
iett_293307__bus,iett_293307,293307,TOYGAR CAMİİ,bus,iett_gtfs,Beykoz,True,False
iett_293308__bus,iett_293308,293308,ZERZEVAT YOLU,bus,iett_gtfs,Beykoz,True,False
iett_293309__bus,iett_293309,293309,ZERZEVAT YOLU,bus,iett_gtfs,Beykoz,True,False
iett_509370__bus,iett_509370,509370,YENİDOĞAN MEZARLIK,bus,iett_gtfs,Sancaktepe,True,False
iett_509371__bus,iett_509371,509371,YENİDOĞAN MEZARLIK,bus,iett_gtfs,Sancaktepe,True,False
iett_293310__bus,iett_293310,293310,ZERZEVAT,bus,iett_gtfs,Beykoz,True,False
iett_293312__bus,iett_293312,293312,ÇAYIR CADDESİ,bus,iett_gtfs,Beykoz,True,False
iett_293314__bus,iett_293314,293314,ŞEHİT AZİZ,bus,iett_gtfs,Beykoz,True,False
iett_293316__bus,iett_293316,293316,HAVUZBAŞI,bus,iett_gtfs,Beykoz,True,False
iett_293318__bus,iett_293318,293318,BOYALIKÖŞK ÇIKMAZI,bus,iett_gtfs,Beykoz,True,False
iett_293320__bus,iett_293320,293320,ZERZEVAT SAPAĞI,bus,iett_gtfs,Beykoz,True,False
iett_5252815__bus,iett_5252815,5252815,ZERZEVAT SAPAĞI,bus,iett_gtfs,Beykoz,True,False
iett_293322__bus,iett_293322,293322,TEPE,bus,iett_gtfs,Beykoz,True,False
iett_293324__bus,iett_293324,293324,BEYKOZ CADDESİ,bus,iett_gtfs,Beykoz,True,False
iett_290818__bus,iett_290818,290818,MECİDİYE CADDESİ,bus,iett_gtfs,Sultanbeyli,True,False
iett_293326__bus,iett_293326,293326,MAHMUT ŞEVKETPAŞA KÖYÜ,bus,iett_gtfs,Beykoz,True,False
iett_293328__bus,iett_293328,293328,MAHMUT ŞEVKETPAŞA KÖYÜ,bus,iett_gtfs,Beykoz,True,False
iett_293330__bus,iett_293330,293330,MAHMUT ŞEVKETPAŞA CAMİİ,bus,iett_gtfs,Beykoz,True,False
iett_293332__bus,iett_293332,293332,ŞİRİNDERE SAPAĞI,bus,iett_gtfs,Beykoz,True,False
iett_5252064__bus,iett_5252064,5252064,ŞİRİNDERE SAPAĞI,bus,iett_gtfs,Beykoz,True,False
iett_5252065__bus,iett_5252065,5252065,ŞİRİNDERE SAPAĞI,bus,iett_gtfs,Beykoz,True,False
iett_290820__bus,iett_290820,290820,HAMZABEY SOKAK,bus,iett_gtfs,Sultanbeyli,True,False
iett_290821__bus,iett_290821,290821,HAMZABEY SOKAK,bus,iett_gtfs,Sultanbeyli,True,False
iett_293334__bus,iett_293334,293334,DEREİÇİ,bus,iett_gtfs,Beykoz,True,False
iett_293361__bus,iett_293361,293361,YUŞA YOLU,bus,iett_gtfs,Beykoz,True,False
iett_293362__bus,iett_293362,293362,YUŞA YOLU,bus,iett_gtfs,Beykoz,True,False
iett_293363__bus,iett_293363,293363,BEYKOZ BOĞAZİÇİ ANADOLU İMAM HATİP LİSESİ,bus,iett_gtfs,Beykoz,True,False
iett_293364__bus,iett_293364,293364,BEYKOZ BOĞAZİÇİ ANADOLU İMAM HATİP LİSESİ,bus,iett_gtfs,Beykoz,True,False
iett_293365__bus,iett_293365,293365,SULTAN AZİZ,bus,iett_gtfs,Beykoz,True,False
iett_293366__bus,iett_293366,293366,SULTAN AZİZ ,bus,iett_gtfs,Beykoz,True,False
iett_293367__bus,iett_293367,293367,CİNDERE YOLU,bus,iett_gtfs,Beykoz,True,False
iett_293368__bus,iett_293368,293368,CİNDERE YOLU,bus,iett_gtfs,Beykoz,True,False
iett_293369__bus,iett_293369,293369,TOKATKÖY ORTAOKULU,bus,iett_gtfs,Beykoz,True,False
iett_293370__bus,iett_293370,293370,TOKATKÖY ORTAOKULU,bus,iett_gtfs,Beykoz,True,False
iett_293371__bus,iett_293371,293371,TOKATKÖY,bus,iett_gtfs,Beykoz,True,False
iett_293372__bus,iett_293372,293372,ANADOLU KAVAĞI SAPAĞI,bus,iett_gtfs,Beykoz,True,False
iett_293378__bus,iett_293378,293378,PLAJ CADDESİ,bus,iett_gtfs,Beykoz,True,False
iett_293380__bus,iett_293380,293380,POYRAZKÖY,bus,iett_gtfs,Beykoz,True,False
iett_293381__bus,iett_293381,293381,DERE MAHALLESİ,bus,iett_gtfs,Beykoz,True,False
iett_293383__bus,iett_293383,293383,ÇAMLIK,bus,iett_gtfs,Beykoz,True,False
iett_681528__bus,iett_681528,681528,ÜSKÜDAR MARMARAY,bus,iett_gtfs,Üsküdar,True,False
iett_5249745__bus,iett_5249745,5249745,ÜSKÜDAR MARMARAY,bus,iett_gtfs,Üsküdar,True,False
iett_681529__bus,iett_681529,681529,HORHOR,bus,iett_gtfs,Üsküdar,True,False
iett_681530__bus,iett_681530,681530,ŞEHİT ÇETİN CAN,bus,iett_gtfs,Üsküdar,True,False
iett_681531__bus,iett_681531,681531,ŞEHİT ÇETİN CAN,bus,iett_gtfs,Üsküdar,True,False
iett_5249977__bus,iett_5249977,5249977,YENİ ŞAHİN SOKAK,bus,iett_gtfs,Üsküdar,True,False
iett_681532__bus,iett_681532,681532,SETBAŞI,bus,iett_gtfs,Üsküdar,True,False
iett_681533__bus,iett_681533,681533,SETBAŞI,bus,iett_gtfs,Üsküdar,True,False
iett_681534__bus,iett_681534,681534,FISTIKAĞACI,bus,iett_gtfs,Üsküdar,True,False
iett_681536__bus,iett_681536,681536,KURUÇEŞME,bus,iett_gtfs,Üsküdar,True,False
iett_681537__bus,iett_681537,681537,KURUÇEŞME,bus,iett_gtfs,Üsküdar,True,False
iett_681538__bus,iett_681538,681538,BAĞLARBAŞI,bus,iett_gtfs,Üsküdar,True,False
iett_681539__bus,iett_681539,681539,ŞEHİT EROL OLÇOK,bus,iett_gtfs,Üsküdar,True,False
iett_681540__bus,iett_681540,681540,ŞEHİT EROL OLÇOK,bus,iett_gtfs,Üsküdar,True,False
iett_681540__metrobus,iett_681540,681540,ŞEHİT EROL OLÇOK,metrobus,iett_gtfs,Üsküdar,True,True
iett_681541__bus,iett_681541,681541,ŞEHİT EROL OLÇOK,bus,iett_gtfs,Üsküdar,True,False
iett_681542__bus,iett_681542,681542,ALTUNİZADE,bus,iett_gtfs,Üsküdar,True,False
iett_681543__bus,iett_681543,681543,ALTUNİZADE,bus,iett_gtfs,Üsküdar,True,False
iett_681543__metrobus,iett_681543,681543,ALTUNİZADE,metrobus,iett_gtfs,Üsküdar,True,True
iett_681544__bus,iett_681544,681544,MİLLET BAHÇESİ,bus,iett_gtfs,Üsküdar,True,False
iett_681545__bus,iett_681545,681545,MİLLET BAHÇESİ,bus,iett_gtfs,Üsküdar,True,False
iett_681545__metrobus,iett_681545,681545,MİLLET BAHÇESİ,metrobus,iett_gtfs,Üsküdar,True,True
iett_681546__bus,iett_681546,681546,MİLLET BAHÇESİ,bus,iett_gtfs,Üsküdar,True,False
iett_681550__bus,iett_681550,681550,KISIKLI,bus,iett_gtfs,Üsküdar,True,False
iett_681550__metrobus,iett_681550,681550,KISIKLI,metrobus,iett_gtfs,Üsküdar,True,True
iett_681551__bus,iett_681551,681551,KISIKLI,bus,iett_gtfs,Üsküdar,True,False
iett_681551__metrobus,iett_681551,681551,KISIKLI,metrobus,iett_gtfs,Üsküdar,True,True
iett_681552__bus,iett_681552,681552,ÇAMLICA ŞEHİT ONUR ENSAR AYANOĞLU İLKOKULU,bus,iett_gtfs,Üsküdar,True,False
iett_681553__bus,iett_681553,681553,ÇAMLICA ŞEHİT ONUR ENSAR AYANOĞLU İLKOKULU,bus,iett_gtfs,Üsküdar,True,False
iett_681553__metrobus,iett_681553,681553,ÇAMLICA ŞEHİT ONUR ENSAR AYANOĞLU İLKOKULU,metrobus,iett_gtfs,Üsküdar,True,True
iett_681554__bus,iett_681554,681554,BULGURLU,bus,iett_gtfs,Üsküdar,True,False
iett_681555__bus,iett_681555,681555,ALVARLIZADE CAMİİ,bus,iett_gtfs,Üsküdar,True,False
iett_681555__metrobus,iett_681555,681555,ALVARLIZADE CAMİİ,metrobus,iett_gtfs,Üsküdar,True,True
iett_681556__bus,iett_681556,681556,ALVARLIZADE CAMİİ,bus,iett_gtfs,Üsküdar,True,False
iett_681557__bus,iett_681557,681557,KAVAKBAYIRI,bus,iett_gtfs,Üsküdar,True,False
iett_681557__metrobus,iett_681557,681557,KAVAKBAYIRI,metrobus,iett_gtfs,Üsküdar,True,True
iett_681558__bus,iett_681558,681558,KAVAKBAYIRI,bus,iett_gtfs,Üsküdar,True,False
iett_681558__metrobus,iett_681558,681558,KAVAKBAYIRI,metrobus,iett_gtfs,Üsküdar,True,True
iett_681560__bus,iett_681560,681560,NAMAZGAH,bus,iett_gtfs,Üsküdar,True,False
iett_681561__bus,iett_681561,681561,NAMAZGAH,bus,iett_gtfs,Üsküdar,True,False
iett_681562__bus,iett_681562,681562,NAMAZGAH,bus,iett_gtfs,Üsküdar,True,False
iett_580475__bus,iett_580475,580475,SANTRAL,bus,iett_gtfs,Ümraniye,True,False
iett_580476__bus,iett_580476,580476,SANTRAL,bus,iett_gtfs,Ümraniye,True,False
iett_580477__bus,iett_580477,580477,SÜTÇÜ İMAM CADDESİ,bus,iett_gtfs,Ümraniye,True,False
iett_580479__bus,iett_580479,580479,15 TEMMUZ ŞEHİTLER MEYDANI,bus,iett_gtfs,Ümraniye,True,False
iett_580481__bus,iett_580481,580481,ŞEHİT ONUR KILIÇ,bus,iett_gtfs,Ümraniye,True,False
iett_580483__bus,iett_580483,580483,75.YIL CUMHURİYET MESLEKİ VE TEKNİK ANADOLU LİSESİ,bus,iett_gtfs,Ümraniye,True,False
iett_580484__bus,iett_580484,580484,75.YIL CUMHURİYET MESLEKİ VE TEKNİK ANADOLU LİSESİ,bus,iett_gtfs,Ümraniye,True,False
iett_580485__bus,iett_580485,580485,ATAKENT,bus,iett_gtfs,Ümraniye,True,False
iett_580486__bus,iett_580486,580486,ATAKENT,bus,iett_gtfs,Ümraniye,True,False
iett_580487__bus,iett_580487,580487,ATAKENT,bus,iett_gtfs,Ümraniye,True,False
iett_580488__bus,iett_580488,580488,ATAKENT.,bus,iett_gtfs,Ümraniye,True,False
iett_580489__bus,iett_580489,580489,MİTHATPAŞA CADDESİ,bus,iett_gtfs,Ümraniye,True,False
iett_580490__bus,iett_580490,580490,ÜMR.İSKİ-ŞEHİT EMRE BÜYÜKYILDIRIM,bus,iett_gtfs,Ümraniye,True,False
iett_580491__bus,iett_580491,580491,ÜMR.İSKİ-ŞEHİT EMRE BÜYÜKYILDIRIM,bus,iett_gtfs,Ümraniye,True,False
iett_580492__bus,iett_580492,580492,ÇAKMAK KÖPRÜSÜ,bus,iett_gtfs,Ümraniye,True,False
iett_580493__bus,iett_580493,580493,ÇAKMAK KÖPRÜSÜ,bus,iett_gtfs,Ümraniye,True,False
iett_580494__bus,iett_580494,580494,YENİ İSTANBUL ÇARŞISI,bus,iett_gtfs,Ümraniye,True,False
iett_580495__bus,iett_580495,580495,YENİ İSTANBUL ÇARŞISI,bus,iett_gtfs,Ümraniye,True,False
iett_580496__bus,iett_580496,580496,YENİ İSTANBUL ÇARŞISI,bus,iett_gtfs,Ümraniye,True,False
iett_580497__bus,iett_580497,580497,IHLAMURKUYU,bus,iett_gtfs,Ümraniye,True,False
iett_580498__bus,iett_580498,580498,IHLAMURKUYU,bus,iett_gtfs,Ümraniye,True,False
iett_580500__bus,iett_580500,580500,CEMİL MERİÇ MAHALLESİ,bus,iett_gtfs,Ümraniye,True,False
iett_580501__bus,iett_580501,580501,CEMİL MERİÇ MAHALLESİ,bus,iett_gtfs,Ümraniye,True,False
iett_580502__bus,iett_580502,580502,ALTINŞEHİR,bus,iett_gtfs,Ümraniye,True,False
iett_580504__bus,iett_580504,580504,ÇAYIRÖNÜ,bus,iett_gtfs,Ümraniye,True,False
iett_580505__bus,iett_580505,580505,ÇAYIRÖNÜ,bus,iett_gtfs,Ümraniye,True,False
iett_580506__bus,iett_580506,580506,ÜMRANİYE İMAM HATİP LİSESİ,bus,iett_gtfs,Ümraniye,True,False
iett_580507__bus,iett_580507,580507,ÜMRANİYE İMAM HATİP LİSESİ,bus,iett_gtfs,Ümraniye,True,False
iett_580508__bus,iett_580508,580508,DUDULLU,bus,iett_gtfs,Ümraniye,True,False
iett_580509__bus,iett_580509,580509,DUDULLU,bus,iett_gtfs,Ümraniye,True,False
iett_580510__bus,iett_580510,580510,ÇEKMEKÖY SAPAĞI,bus,iett_gtfs,Ümraniye,True,False
iett_580511__bus,iett_580511,580511,ÇEKMEKÖY SAPAĞI,bus,iett_gtfs,Ümraniye,True,False
iett_580512__bus,iett_580512,580512,MUSTAFA VASIF KARSLIGİL İLKOKULU,bus,iett_gtfs,Ümraniye,True,False
iett_580513__bus,iett_580513,580513,MUSTAFA VASIF KARSLIGİL İLKOKULU,bus,iett_gtfs,Ümraniye,True,False
iett_580514__bus,iett_580514,580514,KEMERDERE,bus,iett_gtfs,Ümraniye,True,False
iett_580517__bus,iett_580517,580517,KEMERDERE KÖPRÜLÜ KAVŞAK,bus,iett_gtfs,Ümraniye,True,False
iett_580518__bus,iett_580518,580518,MADENLER,bus,iett_gtfs,Ümraniye,True,False
iett_580518__metrobus,iett_580518,580518,MADENLER,metrobus,iett_gtfs,Ümraniye,True,True
iett_674863__bus,iett_674863,674863,MADENLER,bus,iett_gtfs,Çekmeköy,True,False
iett_290230__bus,iett_290230,290230,SANCAKTEPE KAVŞAĞI,bus,iett_gtfs,Çekmeköy,True,False
iett_290231__bus,iett_290231,290231,SANCAKTEPE KAVŞAĞI,bus,iett_gtfs,Çekmeköy,True,False
iett_509372__bus,iett_509372,509372,ÇAMLIK,bus,iett_gtfs,Sancaktepe,True,False
iett_509372__metrobus,iett_509372,509372,ÇAMLIK,metrobus,iett_gtfs,Sancaktepe,True,True
iett_659381__bus,iett_659381,659381,ÇAMLIK,bus,iett_gtfs,Çekmeköy,True,False
iett_659381__metrobus,iett_659381,659381,ÇAMLIK,metrobus,iett_gtfs,Çekmeköy,True,True
iett_509373__bus,iett_509373,509373,GÜLBAHÇE SOKAK,bus,iett_gtfs,Sancaktepe,True,False
iett_509373__metrobus,iett_509373,509373,GÜLBAHÇE SOKAK,metrobus,iett_gtfs,Sancaktepe,True,True
iett_509374__bus,iett_509374,509374,GÜLBAHÇE SOKAK,bus,iett_gtfs,Sancaktepe,True,False
iett_509374__metrobus,iett_509374,509374,GÜLBAHÇE SOKAK,metrobus,iett_gtfs,Sancaktepe,True,True
iett_509375__bus,iett_509375,509375,MECLİS MAHALLESİ,bus,iett_gtfs,Sancaktepe,True,False
iett_509375__metrobus,iett_509375,509375,MECLİS MAHALLESİ,metrobus,iett_gtfs,Sancaktepe,True,True
iett_509376__bus,iett_509376,509376,MECLİS MAHALLESİ,bus,iett_gtfs,Sancaktepe,True,False
iett_509376__metrobus,iett_509376,509376,MECLİS MAHALLESİ,metrobus,iett_gtfs,Sancaktepe,True,True
iett_509377__bus,iett_509377,509377,SARIGAZİ MERKEZ,bus,iett_gtfs,Sancaktepe,True,False
iett_509377__metrobus,iett_509377,509377,SARIGAZİ MERKEZ,metrobus,iett_gtfs,Sancaktepe,True,True
iett_509378__bus,iett_509378,509378,BİLALI HABEŞİ CAMİİ,bus,iett_gtfs,Sancaktepe,True,False
iett_509379__bus,iett_509379,509379,BİLALI HABEŞİ CAMİİ,bus,iett_gtfs,Sancaktepe,True,False
iett_509380__bus,iett_509380,509380,PROF.DR.FERİHA ÖZ HASTANESİ,bus,iett_gtfs,Sancaktepe,True,False
iett_509381__bus,iett_509381,509381,PROF.DR.FERİHA ÖZ HASTANESİ,bus,iett_gtfs,Sancaktepe,True,False
iett_509382__bus,iett_509382,509382,ALTINORDU CADDESİ - ŞEHİT CAN YILMAZ,bus,iett_gtfs,Sancaktepe,True,False
iett_509383__bus,iett_509383,509383,ALTINORDU CADDESİ - ŞEHİT CAN YILMAZ,bus,iett_gtfs,Sancaktepe,True,False
iett_509384__bus,iett_509384,509384,BABÜRŞAH CADDESİ,bus,iett_gtfs,Sancaktepe,True,False
iett_509385__bus,iett_509385,509385,BABÜRŞAH CADDESİ,bus,iett_gtfs,Sancaktepe,True,False
iett_509386__bus,iett_509386,509386,BAKKAL,bus,iett_gtfs,Sancaktepe,True,False
iett_509387__bus,iett_509387,509387,BAKKAL,bus,iett_gtfs,Sancaktepe,True,False
iett_509388__bus,iett_509388,509388,ŞEHİT SELİM TOPAL,bus,iett_gtfs,Sancaktepe,True,False
iett_509389__bus,iett_509389,509389,ŞEHİT SELİM TOPAL,bus,iett_gtfs,Sancaktepe,True,False
iett_290824__bus,iett_290824,290824,HASANPAŞA,bus,iett_gtfs,Sultanbeyli,True,False
iett_290825__bus,iett_290825,290825,HASANPAŞA,bus,iett_gtfs,Sultanbeyli,True,False
iett_290827__bus,iett_290827,290827,MESCİDİ AKSA CAMİİ,bus,iett_gtfs,Sultanbeyli,True,False
iett_290828__bus,iett_290828,290828,DUMLUPINAR,bus,iett_gtfs,Sultanbeyli,True,False
iett_290829__bus,iett_290829,290829,FATİH SULTAN MEHMET MEZARLIĞI,bus,iett_gtfs,Sultanbeyli,True,False
iett_290830__bus,iett_290830,290830,FATİH SULTAN MEHMET MEZARLIĞI,bus,iett_gtfs,Sultanbeyli,True,False
iett_290831__bus,iett_290831,290831,ÇİFTLİK,bus,iett_gtfs,Sultanbeyli,True,False
iett_290832__bus,iett_290832,290832,ÇİFTLİK,bus,iett_gtfs,Sultanbeyli,True,False
iett_290833__bus,iett_290833,290833,SULTANBEYLİ MERKEZ,bus,iett_gtfs,Sultanbeyli,True,False
iett_290834__bus,iett_290834,290834,SULTANBEYLİ MERKEZ,bus,iett_gtfs,Sultanbeyli,True,False
iett_290835__bus,iett_290835,290835,SULTANÇEŞME,bus,iett_gtfs,Sultanbeyli,True,False
iett_290836__bus,iett_290836,290836,SULTANÇEŞME,bus,iett_gtfs,Sultanbeyli,True,False
iett_290837__bus,iett_290837,290837,FATİH BULVARI,bus,iett_gtfs,Sultanbeyli,True,False
iett_290838__bus,iett_290838,290838,FATİH BULVARI,bus,iett_gtfs,Sultanbeyli,True,False
iett_290839__bus,iett_290839,290839,BAĞLIK CADDESİ,bus,iett_gtfs,Sultanbeyli,True,False
iett_290840__bus,iett_290840,290840,BAĞLIK CADDESİ,bus,iett_gtfs,Sultanbeyli,True,False
iett_290841__bus,iett_290841,290841,TURGUT REİS,bus,iett_gtfs,Sultanbeyli,True,False
iett_290843__bus,iett_290843,290843,KARATAY SOKAK,bus,iett_gtfs,Sultanbeyli,True,False
iett_290844__bus,iett_290844,290844,KARATAY SOKAK,bus,iett_gtfs,Sultanbeyli,True,False
iett_290845__bus,iett_290845,290845,MECİDİYE,bus,iett_gtfs,Sultanbeyli,True,False
iett_290846__bus,iett_290846,290846,MECİDİYE,bus,iett_gtfs,Sultanbeyli,True,False
iett_290847__bus,iett_290847,290847,ŞEHİT ERDEM DİKER,bus,iett_gtfs,Sultanbeyli,True,False
iett_290848__bus,iett_290848,290848,ŞEHİT ERDEM DİKER,bus,iett_gtfs,Sultanbeyli,True,False
iett_290849__bus,iett_290849,290849,ŞEHİT İHSAN YILDIZ,bus,iett_gtfs,Sultanbeyli,True,False
iett_290850__bus,iett_290850,290850,ŞEHİT İHSAN YILDIZ,bus,iett_gtfs,Sultanbeyli,True,False
iett_290851__bus,iett_290851,290851,SANAYİ,bus,iett_gtfs,Sultanbeyli,True,False
iett_290852__bus,iett_290852,290852,SANAYİ,bus,iett_gtfs,Sultanbeyli,True,False
iett_290853__bus,iett_290853,290853,AKŞEMSETTİN,bus,iett_gtfs,Sultanbeyli,True,False
iett_290854__bus,iett_290854,290854,AKŞEMSETTİN,bus,iett_gtfs,Sultanbeyli,True,False
iett_290233__bus,iett_290233,290233,HALİT BİN VELİT CAMİİ,bus,iett_gtfs,Çekmeköy,True,False
iett_290234__bus,iett_290234,290234,HALİT BİN VELİT CAMİİ,bus,iett_gtfs,Çekmeköy,True,False
iett_290235__bus,iett_290235,290235,SEYMENLER,bus,iett_gtfs,Çekmeköy,True,False
iett_290237__bus,iett_290237,290237,GÜNGÖREN,bus,iett_gtfs,Çekmeköy,True,False
iett_290238__bus,iett_290238,290238,GÜNGÖREN,bus,iett_gtfs,Çekmeköy,True,False
iett_290239__bus,iett_290239,290239,SULTANÇİFTLİĞİ,bus,iett_gtfs,Çekmeköy,True,False
iett_290240__bus,iett_290240,290240,SULTANÇİFTLİĞİ,bus,iett_gtfs,Çekmeköy,True,False
iett_290241__bus,iett_290241,290241,TAŞDELEN,bus,iett_gtfs,Çekmeköy,True,False
iett_290242__bus,iett_290242,290242,TAŞDELEN,bus,iett_gtfs,Çekmeköy,True,False
iett_290243__bus,iett_290243,290243,YENİDOĞAN SAPAĞI,bus,iett_gtfs,Çekmeköy,True,False
iett_290244__bus,iett_290244,290244,YENİDOĞAN SAPAĞI,bus,iett_gtfs,Çekmeköy,True,False
iett_290196__bus,iett_290196,290196,ÇEKMEKÖY DEVLET HASTANESI,bus,iett_gtfs,Çekmeköy,True,False
iett_290197__bus,iett_290197,290197,ÇEKMEKÖY DEVLET HASTANESI,bus,iett_gtfs,Çekmeköy,True,False
iett_290249__bus,iett_290249,290249,SARAY CADDESİ,bus,iett_gtfs,Çekmeköy,True,False
iett_580519__bus,iett_580519,580519,TEV ZAHİDE ZEHRA GARRİNG ORTAOKULU,bus,iett_gtfs,Ümraniye,True,False
iett_580520__bus,iett_580520,580520,TEV ZAHİDE ZEHRA GARRİNG ORTAOKULU,bus,iett_gtfs,Ümraniye,True,False
iett_290251__bus,iett_290251,290251,ALEMDAĞ,bus,iett_gtfs,Çekmeköy,True,False
iett_290252__bus,iett_290252,290252,ALEMDAĞ,bus,iett_gtfs,Çekmeköy,True,False
iett_681570__bus,iett_681570,681570,DİVİTÇİLER CAMİİ,bus,iett_gtfs,Üsküdar,True,False
iett_580521__bus,iett_580521,580521,İSTİKBAL SOKAK,bus,iett_gtfs,Ümraniye,True,False
iett_580522__bus,iett_580522,580522,İSTİKBAL SOKAK,bus,iett_gtfs,Ümraniye,True,False
iett_580523__bus,iett_580523,580523,GENÇTÜRK SOKAK,bus,iett_gtfs,Ümraniye,True,False
iett_681572__bus,iett_681572,681572,AHMEDİYE,bus,iett_gtfs,Üsküdar,True,False
iett_681573__bus,iett_681573,681573,AHMEDİYE,bus,iett_gtfs,Üsküdar,True,False
iett_681574__bus,iett_681574,681574,HALK CADDESİ,bus,iett_gtfs,Üsküdar,True,False
iett_681575__bus,iett_681575,681575,HALK CADDESİ,bus,iett_gtfs,Üsküdar,True,False
iett_681576__bus,iett_681576,681576,DOĞANCILAR,bus,iett_gtfs,Üsküdar,True,False
iett_681577__bus,iett_681577,681577,DOĞANCILAR,bus,iett_gtfs,Üsküdar,True,False
iett_681578__bus,iett_681578,681578,PAŞAKAPISI,bus,iett_gtfs,Üsküdar,True,False
iett_681579__bus,iett_681579,681579,PAŞAKAPISI,bus,iett_gtfs,Üsküdar,True,False
iett_681580__bus,iett_681580,681580,KARACAAHMET CEMEVİ,bus,iett_gtfs,Üsküdar,True,False
iett_681581__bus,iett_681581,681581,KARACAAHMET CEMEVİ,bus,iett_gtfs,Üsküdar,True,False
iett_681583__bus,iett_681583,681583,ZEYNEP KAMİL HASTANESİ,bus,iett_gtfs,Üsküdar,True,False
iett_681584__bus,iett_681584,681584,ZEYNEP KAMİL HASTANESİ,bus,iett_gtfs,Üsküdar,True,False
iett_681585__bus,iett_681585,681585,ZEYNEP KAMİL HASTANESİ,bus,iett_gtfs,Üsküdar,True,False
iett_681587__bus,iett_681587,681587,ÜSKÜDAR ASKERLİK ŞUBESİ,bus,iett_gtfs,Üsküdar,True,False
iett_681588__bus,iett_681588,681588,ÜSKÜDAR ASKERLİK ŞUBESİ,bus,iett_gtfs,Üsküdar,True,False
iett_681589__bus,iett_681589,681589,PAZARBAŞI,bus,iett_gtfs,Üsküdar,True,False
iett_681590__bus,iett_681590,681590,PAZARBAŞI,bus,iett_gtfs,Üsküdar,True,False
iett_681591__bus,iett_681591,681591,MARMARA ÜNİVERSİTESİ  İLAHİYAT FAKÜLTESİ,bus,iett_gtfs,Üsküdar,True,False
iett_681592__bus,iett_681592,681592,MARMARA ÜNİVERSİTESİ  İLAHİYAT FAKÜLTESİ,bus,iett_gtfs,Üsküdar,True,False
iett_681593__bus,iett_681593,681593,ÇİÇEKÇİ,bus,iett_gtfs,Üsküdar,True,False
iett_681595__bus,iett_681595,681595,ŞEMSİPAŞA ASKERİ SOSYAL TESİSLERİ,bus,iett_gtfs,Üsküdar,True,False
iett_681596__bus,iett_681596,681596,ŞEMSİPAŞA ASKERİ SOSYAL TESİSLERİ,bus,iett_gtfs,Üsküdar,True,False
iett_681597__bus,iett_681597,681597,KIZ KULESİ,bus,iett_gtfs,Üsküdar,True,False
iett_681598__bus,iett_681598,681598,KIZ KULESİ,bus,iett_gtfs,Üsküdar,True,False
iett_681599__bus,iett_681599,681599,ÜSKÜDAR SAHİL YOLU,bus,iett_gtfs,Üsküdar,True,False
iett_681600__bus,iett_681600,681600,ÜSKÜDAR SAHİL YOLU,bus,iett_gtfs,Üsküdar,True,False
iett_681601__bus,iett_681601,681601,HAREM,bus,iett_gtfs,Üsküdar,True,False
iett_681602__bus,iett_681602,681602,HAREM,bus,iett_gtfs,Üsküdar,True,False
iett_681603__bus,iett_681603,681603,HAYDARPAŞA GÜMRÜK,bus,iett_gtfs,Üsküdar,True,False
iett_681605__bus,iett_681605,681605,MÜTEVELLİ ÇEŞMESİ,bus,iett_gtfs,Üsküdar,True,False
iett_681607__bus,iett_681607,681607,PROF.DR.ALAEDDİN YAVAŞÇA SOKAK,bus,iett_gtfs,Üsküdar,True,False
iett_681613__bus,iett_681613,681613,ADİLE SULTAN KASRI,bus,iett_gtfs,Üsküdar,True,False
iett_681615__bus,iett_681615,681615,TOPHANELİOĞLU CADDESİ,bus,iett_gtfs,Üsküdar,True,False
iett_681617__bus,iett_681617,681617,GÜLLÜ BAHÇE,bus,iett_gtfs,Üsküdar,True,False
iett_681618__bus,iett_681618,681618,GÜLLÜ BAHÇE,bus,iett_gtfs,Üsküdar,True,False
iett_681619__bus,iett_681619,681619,BURHAN FELEK KASRI,bus,iett_gtfs,Üsküdar,True,False
iett_681621__bus,iett_681621,681621,ÜSKÜDAR DEVLET HASTANESİ,bus,iett_gtfs,Üsküdar,True,False
iett_5249865__bus,iett_5249865,5249865,NEŞETBEY,bus,iett_gtfs,Üsküdar,True,False
iett_5249866__bus,iett_5249866,5249866,NEŞETBEY,bus,iett_gtfs,Üsküdar,True,False
iett_681624__bus,iett_681624,681624,FATİH SULTAN MEHMET,bus,iett_gtfs,Üsküdar,True,False
iett_681626__bus,iett_681626,681626,ŞEHİT ABDULLAH BOZKURT,bus,iett_gtfs,Üsküdar,True,False
iett_681627__bus,iett_681627,681627,ŞEHİT ONUR ENSAR AYANOĞLU,bus,iett_gtfs,Üsküdar,True,False
iett_681628__bus,iett_681628,681628,ŞEHİT ONUR ENSAR AYANOĞLU,bus,iett_gtfs,Üsküdar,True,False
iett_681629__bus,iett_681629,681629,TUNUSLU MAHMUT PAŞA,bus,iett_gtfs,Üsküdar,True,False
iett_681630__bus,iett_681630,681630,DEREİÇİ,bus,iett_gtfs,Üsküdar,True,False
iett_681631__bus,iett_681631,681631,DEREİÇİ,bus,iett_gtfs,Üsküdar,True,False
iett_681632__bus,iett_681632,681632,HATTAT HASAN ÇELEBİ CADDESİ,bus,iett_gtfs,Üsküdar,True,False
iett_681633__bus,iett_681633,681633,HANIMSETİ PARKI,bus,iett_gtfs,Üsküdar,True,False
iett_681633__metrobus,iett_681633,681633,HANIMSETİ PARKI,metrobus,iett_gtfs,Üsküdar,True,True
iett_681634__bus,iett_681634,681634,BAŞARAN SOKAK,bus,iett_gtfs,Üsküdar,True,False
iett_681635__bus,iett_681635,681635,BAŞARAN SOKAK,bus,iett_gtfs,Üsküdar,True,False
iett_681636__bus,iett_681636,681636,ABDİPAŞA,bus,iett_gtfs,Üsküdar,True,False
iett_681637__bus,iett_681637,681637,ABDİPAŞA,bus,iett_gtfs,Üsküdar,True,False
iett_681638__bus,iett_681638,681638,KURAL,bus,iett_gtfs,Üsküdar,True,False
iett_681640__bus,iett_681640,681640,FERAH MAHALLESİ YENİ CAMİİ,bus,iett_gtfs,Üsküdar,True,False
iett_681641__bus,iett_681641,681641,FERAH MAHALLESİ YENİ CAMİİ,bus,iett_gtfs,Üsküdar,True,False
iett_681642__bus,iett_681642,681642,FERAH MAHALLESİ,bus,iett_gtfs,Üsküdar,True,False
iett_681643__bus,iett_681643,681643,FERAH MAHALLESİ,bus,iett_gtfs,Üsküdar,True,False
iett_681644__bus,iett_681644,681644,GAZİLER,bus,iett_gtfs,Üsküdar,True,False
iett_681646__bus,iett_681646,681646,BAĞLARİÇİ,bus,iett_gtfs,Üsküdar,True,False
iett_681647__bus,iett_681647,681647,BAĞLARİÇİ,bus,iett_gtfs,Üsküdar,True,False
iett_681648__bus,iett_681648,681648,DOSTLUK PARKI,bus,iett_gtfs,Üsküdar,True,False
iett_681649__bus,iett_681649,681649,DOSTLUK PARKI,bus,iett_gtfs,Üsküdar,True,False
iett_681650__bus,iett_681650,681650,ALTINKÖY,bus,iett_gtfs,Üsküdar,True,False
iett_681652__bus,iett_681652,681652,TUFAN SOKAK,bus,iett_gtfs,Üsküdar,True,False
iett_681653__bus,iett_681653,681653,TUFAN SOKAK,bus,iett_gtfs,Ümraniye,True,False
iett_681654__bus,iett_681654,681654,AÇAN SOKAK,bus,iett_gtfs,Üsküdar,True,False
iett_681657__bus,iett_681657,681657,GÜMÜŞSU,bus,iett_gtfs,Üsküdar,True,False
iett_681658__bus,iett_681658,681658,SOKULLU MEHMET PAŞA İLKOKULU,bus,iett_gtfs,Üsküdar,True,False
iett_681659__bus,iett_681659,681659,SOKULLU MEHMET PAŞA İLKOKULU,bus,iett_gtfs,Üsküdar,True,False
iett_681662__bus,iett_681662,681662,TANTAVİ,bus,iett_gtfs,Üsküdar,True,False
iett_681665__bus,iett_681665,681665,YAVUZTÜRK SAPAĞI,bus,iett_gtfs,Üsküdar,True,False
iett_681666__bus,iett_681666,681666,TEPE ÜSTÜ,bus,iett_gtfs,Üsküdar,True,False
iett_681667__bus,iett_681667,681667,TEPE ÜSTÜ,bus,iett_gtfs,Üsküdar,True,False
iett_681668__bus,iett_681668,681668,GÜNEŞ SOKAK,bus,iett_gtfs,Üsküdar,True,False
iett_681669__bus,iett_681669,681669,GÜNEŞ SOKAK,bus,iett_gtfs,Üsküdar,True,False
iett_681670__bus,iett_681670,681670,YAVUZTÜRK MAHALLESİ,bus,iett_gtfs,Üsküdar,True,False
iett_681672__bus,iett_681672,681672,YAVUZTÜRK İLKOKULU,bus,iett_gtfs,Üsküdar,True,False
iett_681673__bus,iett_681673,681673,YAVUZTÜRK İLKOKULU,bus,iett_gtfs,Üsküdar,True,False
iett_681674__bus,iett_681674,681674,YEŞİL YAMAÇ,bus,iett_gtfs,Üsküdar,True,False
iett_681675__bus,iett_681675,681675,YEŞİL YAMAÇ,bus,iett_gtfs,Üsküdar,True,False
iett_681676__bus,iett_681676,681676,DALGIÇ KENT,bus,iett_gtfs,Üsküdar,True,False
iett_681677__bus,iett_681677,681677,DALGIÇ KENT,bus,iett_gtfs,Üsküdar,True,False
iett_681678__bus,iett_681678,681678,YAVUZTÜRK SİTELER,bus,iett_gtfs,Üsküdar,True,False
iett_798960__bus,iett_798960,798960,ESENEVLER MUHTARLIĞI,bus,iett_gtfs,Ümraniye,True,False
iett_798935__bus,iett_798935,798935,ESENEVLER MUHTARLIĞI,bus,iett_gtfs,Ümraniye,True,False
iett_580525__bus,iett_580525,580525,ESENEVLER MUHTARLIĞI,bus,iett_gtfs,Ümraniye,True,False
iett_580526__bus,iett_580526,580526,CENGİZ TOPEL,bus,iett_gtfs,Ümraniye,True,False
iett_580528__bus,iett_580528,580528,ESENEVLER MAHALLESİ,bus,iett_gtfs,Ümraniye,True,False
iett_580529__bus,iett_580529,580529,TALATPAŞA CADDESİ,bus,iett_gtfs,Ümraniye,True,False
iett_580532__bus,iett_580532,580532,MEHMET AKİF ERSOY KÜLTÜR MERKEZİ,bus,iett_gtfs,Ümraniye,True,False
iett_580533__bus,iett_580533,580533,ŞEHİT LOKMAN OKTAY,bus,iett_gtfs,Ümraniye,True,False
iett_580535__bus,iett_580535,580535,PROF.DR.NABİ AVCI FEN LİSESİ,bus,iett_gtfs,Ümraniye,True,False
iett_580536__bus,iett_580536,580536,PROF.DR.NABİ AVCI FEN LİSESİ,bus,iett_gtfs,Ümraniye,True,False
iett_580537__bus,iett_580537,580537,30 AĞUSTOS KIZ MESLEKİ VE TEKNİK ANADOLU LİSESİ,bus,iett_gtfs,Ümraniye,True,False
iett_580538__bus,iett_580538,580538,30 AĞUSTOS KIZ MESLEKİ VE TEKNİK ANADOLU LİSESİ,bus,iett_gtfs,Ümraniye,True,False
iett_681679__bus,iett_681679,681679,ÇEŞME,bus,iett_gtfs,Üsküdar,True,False
iett_681680__bus,iett_681680,681680,ÇEŞME,bus,iett_gtfs,Üsküdar,True,False
iett_681681__bus,iett_681681,681681,KIRKLAR,bus,iett_gtfs,Üsküdar,True,False
iett_681682__bus,iett_681682,681682,KIRKLAR,bus,iett_gtfs,Üsküdar,True,False
iett_681683__bus,iett_681683,681683,DEVLET SU İŞLERİ 14. BÖLGE MÜD.,bus,iett_gtfs,Üsküdar,True,False
iett_681684__bus,iett_681684,681684,DEVLET SU İŞLERİ 14. BÖLGE MÜD.,bus,iett_gtfs,Üsküdar,True,False
iett_681685__bus,iett_681685,681685,KÖPRÜ BAŞI,bus,iett_gtfs,Üsküdar,True,False
iett_681687__bus,iett_681687,681687,KAİNAT SOKAK,bus,iett_gtfs,Üsküdar,True,False
iett_681688__bus,iett_681688,681688,ÜNALAN MAHALLESİ,bus,iett_gtfs,Üsküdar,True,False
iett_681689__bus,iett_681689,681689,PAZAR YERİ,bus,iett_gtfs,Üsküdar,True,False
iett_681690__bus,iett_681690,681690,DERE YOLU,bus,iett_gtfs,Üsküdar,True,False
iett_681691__bus,iett_681691,681691,ŞEHİT TİMUR AKTEMUR,bus,iett_gtfs,Üsküdar,True,False
iett_681692__bus,iett_681692,681692,ÜNALAN ÇARŞI,bus,iett_gtfs,Üsküdar,True,False
iett_681693__bus,iett_681693,681693,BİLİM  ÜSKÜDAR,bus,iett_gtfs,Üsküdar,True,False
iett_681694__bus,iett_681694,681694,BİLİM ÜSKÜDAR,bus,iett_gtfs,Üsküdar,True,False
iett_681695__bus,iett_681695,681695,SİTE 59,bus,iett_gtfs,Üsküdar,True,False
iett_681696__bus,iett_681696,681696,SİTE 59,bus,iett_gtfs,Üsküdar,True,False
iett_681697__bus,iett_681697,681697,MOBİLYACILAR SİTESİ,bus,iett_gtfs,Üsküdar,True,False
iett_578634__bus,iett_578634,578634,MOBİLYACILAR SİTESİ ,bus,iett_gtfs,Ataşehir,True,False
iett_5251033__bus,iett_5251033,5251033,ESİN SİTESİ,bus,iett_gtfs,Üsküdar,True,False
iett_681699__bus,iett_681699,681699,ESİN SİTESİ,bus,iett_gtfs,Ataşehir,True,False
iett_681700__bus,iett_681700,681700,BAĞKUR EVLERİ,bus,iett_gtfs,Üsküdar,True,False
iett_681701__bus,iett_681701,681701,BAĞKUR EVLERİ,bus,iett_gtfs,Ataşehir,True,False
iett_580539__bus,iett_580539,580539,YAMANEVLER,bus,iett_gtfs,Ümraniye,True,False
iett_580543__bus,iett_580543,580543,MELEKLER SOKAK,bus,iett_gtfs,Ümraniye,True,False
iett_580544__bus,iett_580544,580544,MELEKLER SOKAK,bus,iett_gtfs,Ümraniye,True,False
iett_580545__bus,iett_580545,580545,MEYVELİ BAHÇE CAMİİ,bus,iett_gtfs,Ümraniye,True,False
iett_580546__bus,iett_580546,580546,MEYVELİ BAHÇE CAMİİ,bus,iett_gtfs,Ümraniye,True,False
iett_580547__bus,iett_580547,580547,SARIÇİÇEK SOKAK,bus,iett_gtfs,Ümraniye,True,False
iett_580549__bus,iett_580549,580549,GÜNEY SOKAK,bus,iett_gtfs,Ümraniye,True,False
iett_580551__bus,iett_580551,580551,PAZARYERİ,bus,iett_gtfs,Ümraniye,True,False
iett_580553__bus,iett_580553,580553,TOPAĞACI,bus,iett_gtfs,Ümraniye,True,False
iett_580555__bus,iett_580555,580555,ŞEHİT SEVGİ YEŞİLYURT ,bus,iett_gtfs,Ümraniye,True,False
iett_580557__bus,iett_580557,580557,KAZIM KARABEKİR,bus,iett_gtfs,Ümraniye,True,False
iett_580558__bus,iett_580558,580558,ÜMRANİYE BELEDİYESİ DESTEK GARAJI,bus,iett_gtfs,Ümraniye,True,False
iett_580559__bus,iett_580559,580559,ÜMRANİYE BELEDİYESİ DESTEK GARAJI,bus,iett_gtfs,Ümraniye,True,False
iett_580560__bus,iett_580560,580560,KÜÇÜKSU CADDESİ,bus,iett_gtfs,Ümraniye,True,False
iett_580561__bus,iett_580561,580561,KÜÇÜKSU CADDESİ,bus,iett_gtfs,Ümraniye,True,False
iett_580562__bus,iett_580562,580562,CUMHURİYET  ,bus,iett_gtfs,Ümraniye,True,False
iett_580564__bus,iett_580564,580564,İNKILAP MAHALLESİ,bus,iett_gtfs,Ümraniye,True,False
iett_580566__bus,iett_580566,580566,VATAN CADDESİ,bus,iett_gtfs,Ümraniye,True,False
iett_580567__bus,iett_580567,580567,VATAN CADDESİ,bus,iett_gtfs,Ümraniye,True,False
iett_293392__bus,iett_293392,293392,KİREMİTÇİ DERESİ,bus,iett_gtfs,Beykoz,True,False
iett_681702__bus,iett_681702,681702,DR.FAHRİ ATABEY CADDESİ,bus,iett_gtfs,Üsküdar,True,False
iett_681704__bus,iett_681704,681704,HALİL RÜŞTÜ İLKOKULU,bus,iett_gtfs,Üsküdar,True,False
iett_873745__bus,iett_873745,873745,HALİL RÜŞTÜ İLKOKULU,bus,iett_gtfs,Üsküdar,True,False
iett_580568__bus,iett_580568,580568,ERZURUM CADDESİ,bus,iett_gtfs,Ümraniye,True,False
iett_580570__bus,iett_580570,580570,GÜZELTEPE CADDESİ,bus,iett_gtfs,Ümraniye,True,False
iett_580571__bus,iett_580571,580571,GÜZELTEPE CADDESİ,bus,iett_gtfs,Ümraniye,True,False
iett_580572__bus,iett_580572,580572,AZİZ MAHMUT HÜDAYİ CADDESİ,bus,iett_gtfs,Ümraniye,True,False
iett_580574__bus,iett_580574,580574,GÜNEY CAMİİ,bus,iett_gtfs,Ümraniye,True,False
iett_580575__bus,iett_580575,580575,GÜNEY CAMİİ,bus,iett_gtfs,Ümraniye,True,False
iett_580576__bus,iett_580576,580576,KURAN KURSU,bus,iett_gtfs,Ümraniye,True,False
iett_580577__bus,iett_580577,580577,REŞİTPAŞA CADDESİ,bus,iett_gtfs,Ümraniye,True,False
iett_580578__bus,iett_580578,580578,REŞİTPAŞA CADDESİ,bus,iett_gtfs,Ümraniye,True,False
iett_580579__bus,iett_580579,580579,ŞEHİT SELÇUK PAKER,bus,iett_gtfs,Ümraniye,True,False
iett_580580__bus,iett_580580,580580,ŞEHİT SELÇUK PAKER,bus,iett_gtfs,Ümraniye,True,False
iett_580581__bus,iett_580581,580581,GENÇLİK SOKAK,bus,iett_gtfs,Ümraniye,True,False
iett_580582__bus,iett_580582,580582,GENÇLİK SOKAK,bus,iett_gtfs,Ümraniye,True,False
iett_580583__bus,iett_580583,580583,AİLE SAĞLIĞI MERKEZİ,bus,iett_gtfs,Ümraniye,True,False
iett_580584__bus,iett_580584,580584,AİLE SAĞLIĞI MERKEZİ,bus,iett_gtfs,Ümraniye,True,False
iett_580585__bus,iett_580585,580585,TÜRKLER CADDESİ,bus,iett_gtfs,Ümraniye,True,False
iett_580592__bus,iett_580592,580592,NAMIK KEMAL ANADOLU İ.H.L,bus,iett_gtfs,Ümraniye,True,False
iett_580593__bus,iett_580593,580593,NAMIK KEMAL ANADOLU İ.H.L,bus,iett_gtfs,Ümraniye,True,False
iett_580595__bus,iett_580595,580595,ÜMRANİYE ANADOLU LİSESİ,bus,iett_gtfs,Ümraniye,True,False
iett_580596__bus,iett_580596,580596,ŞENOL GÜNEŞ BULVARI,bus,iett_gtfs,Ümraniye,True,False
iett_681705__bus,iett_681705,681705,ALTUNİZADE METROBÜS,bus,iett_gtfs,Üsküdar,True,False
iett_681705__metrobus,iett_681705,681705,ALTUNİZADE METROBÜS,metrobus,iett_gtfs,Üsküdar,True,True
iett_580599__bus,iett_580599,580599,ÜSKÜP SOKAK,bus,iett_gtfs,Ümraniye,True,False
iett_580600__bus,iett_580600,580600,FATİH SULTAN MEHMET MUHTARLIĞI,bus,iett_gtfs,Ümraniye,True,False
iett_509390__bus,iett_509390,509390,HACI AHMET KAHRAMAN CAMİİ,bus,iett_gtfs,Sancaktepe,True,False
iett_509392__bus,iett_509392,509392,STAD SOKAK,bus,iett_gtfs,Sancaktepe,True,False
iett_509394__bus,iett_509394,509394,SEVENLER CADDESİ,bus,iett_gtfs,Sancaktepe,True,False
iett_290864__bus,iett_290864,290864,İBRAHİM HAKKI ANADOLU LİSESİ,bus,iett_gtfs,Sultanbeyli,True,False
iett_5252261__bus,iett_5252261,5252261,MİMAR SİNAN İLKOKULU,bus,iett_gtfs,Sultanbeyli,True,False
iett_510345__bus,iett_510345,510345,MENEKŞECİ SOKAK,bus,iett_gtfs,Maltepe,True,False
iett_510347__bus,iett_510347,510347,İETT BLOKLARI,bus,iett_gtfs,Maltepe,True,False
iett_681706__bus,iett_681706,681706,HAYDARPAŞA NUMUNE HASTANESİ,bus,iett_gtfs,Üsküdar,True,False
iett_681707__bus,iett_681707,681707,HAYDARPAŞA NUMUNE HASTANESİ,bus,iett_gtfs,Üsküdar,True,False
iett_510696__bus,iett_510696,510696,İŞÇİ EVLERİ,bus,iett_gtfs,Üsküdar,True,False
iett_510697__bus,iett_510697,510697,İŞÇİ EVLERİ,bus,iett_gtfs,Üsküdar,True,False
iett_510698__bus,iett_510698,510698,VALİDEBAĞ,bus,iett_gtfs,Kadıköy,True,False
iett_510700__bus,iett_510700,510700,VALİDEBAĞ,bus,iett_gtfs,Kadıköy,True,False
iett_510701__bus,iett_510701,510701,VALİDEBAĞ,bus,iett_gtfs,Kadıköy,True,False
iett_510702__bus,iett_510702,510702,KOŞUYOLU,bus,iett_gtfs,Kadıköy,True,False
iett_510704__bus,iett_510704,510704,KOŞUYOLU CADDESİ,bus,iett_gtfs,Kadıköy,True,False
iett_1606__bus,iett_1606,1606,CEVİZLİ KÖPRÜSÜ,bus,iett_gtfs,Kartal,True,False
iett_578635__bus,iett_578635,578635,AŞIK VEYSEL MAHALLESİ,bus,iett_gtfs,Ataşehir,True,False
iett_578637__bus,iett_578637,578637,MUSTAFA KEMAL MAHALLESİ,bus,iett_gtfs,Ataşehir,True,False
iett_578639__bus,iett_578639,578639,3001.CADDE,bus,iett_gtfs,Ataşehir,True,False
iett_578640__bus,iett_578640,578640,3001.CADDE,bus,iett_gtfs,Ataşehir,True,False
iett_578641__bus,iett_578641,578641,AŞIK VEYSEL ANADOLU LİSESİ,bus,iett_gtfs,Ataşehir,True,False
iett_578642__bus,iett_578642,578642,AŞIK VEYSEL ANADOLU LİSESİ,bus,iett_gtfs,Ataşehir,True,False
iett_578645__bus,iett_578645,578645,NEYZEN SALİM BEY SOKAK,bus,iett_gtfs,Ataşehir,True,False
iett_578646__bus,iett_578646,578646,NEYZEN SALİM BEY SOKAK,bus,iett_gtfs,Ataşehir,True,False
iett_578647__bus,iett_578647,578647,ÖRNEK MAHALLESİ,bus,iett_gtfs,Ataşehir,True,False
iett_578648__bus,iett_578648,578648,ÖRNEK MAHALLESİ,bus,iett_gtfs,Ataşehir,True,False
iett_578649__bus,iett_578649,578649,MUSTAFA SAFFET KÜLTÜR MERKEZİ,bus,iett_gtfs,Ataşehir,True,False
iett_578650__bus,iett_578650,578650,MUSTAFA SAFFET KÜLTÜR MERKEZİ,bus,iett_gtfs,Ataşehir,True,False
iett_578651__bus,iett_578651,578651,ŞEHİT CAHAR DUDAYEV CADDESİ,bus,iett_gtfs,Ataşehir,True,False
iett_578652__bus,iett_578652,578652,ŞEHİT CAHAR DUDAYEV CADDESİ,bus,iett_gtfs,Ataşehir,True,False
iett_5249532__bus,iett_5249532,5249532,ESATPAŞA MAHALLESİ,bus,iett_gtfs,Ataşehir,True,False
iett_578653__bus,iett_578653,578653,ESATPAŞA MAHALLESİ,bus,iett_gtfs,Ataşehir,True,False
iett_578654__bus,iett_578654,578654,YUNUS EMRE CAMİİ,bus,iett_gtfs,Ataşehir,True,False
iett_578656__bus,iett_578656,578656,ZİYA PAŞA CADDESİ,bus,iett_gtfs,Ataşehir,True,False
iett_578657__bus,iett_578657,578657,ZİYA PAŞA CADDESİ,bus,iett_gtfs,Ataşehir,True,False
iett_578658__bus,iett_578658,578658,GÜLDİBİ,bus,iett_gtfs,Ataşehir,True,False
iett_578659__bus,iett_578659,578659,GÜLDİBİ,bus,iett_gtfs,Ataşehir,True,False
iett_578660__bus,iett_578660,578660,MERKEZ CAMİİ,bus,iett_gtfs,Ataşehir,True,False
iett_578662__bus,iett_578662,578662,PROF.ALİ NİHAT TARLAN,bus,iett_gtfs,Ataşehir,True,False
iett_578663__bus,iett_578663,578663,PROF.ALİ NİHAT TARLAN,bus,iett_gtfs,Ataşehir,True,False
iett_578664__bus,iett_578664,578664,ŞEHİT AKIN SERTÇELİK,bus,iett_gtfs,Ataşehir,True,False
iett_578665__bus,iett_578665,578665,ŞEHİT AKIN SERTÇELİK,bus,iett_gtfs,Ataşehir,True,False
iett_578666__bus,iett_578666,578666,İHSAN KURŞUNOĞLU ORTAOKULU,bus,iett_gtfs,Ataşehir,True,False
iett_578668__bus,iett_578668,578668,ÖĞRETMEN EVLERİ,bus,iett_gtfs,Ataşehir,True,False
iett_578669__bus,iett_578669,578669,ÖĞRETMEN EVLERİ,bus,iett_gtfs,Ataşehir,True,False
iett_1119__bus,iett_1119,1119,FISTIK SOKAK,bus,iett_gtfs,Pendik,True,False
iett_1608__bus,iett_1608,1608,YUNUS EMRE,bus,iett_gtfs,Kartal,True,False
iett_1609__bus,iett_1609,1609,YUNUS EMRE,bus,iett_gtfs,Kartal,True,False
iett_1610__bus,iett_1610,1610,YUNUS EMRE,bus,iett_gtfs,Kartal,True,False
iett_510357__bus,iett_510357,510357,KAPTAN SOKAK,bus,iett_gtfs,Maltepe,True,False
iett_510358__bus,iett_510358,510358,KAPTAN SOKAK,bus,iett_gtfs,Maltepe,True,False
iett_351__bus,iett_351,351,KARAKAYA,bus,iett_gtfs,Tuzla,True,False
iett_510706__bus,iett_510706,510706,KADIKÖY ÇARŞI,bus,iett_gtfs,Kadıköy,True,False
iett_510707__bus,iett_510707,510707,KADIKÖY ÇARŞI,bus,iett_gtfs,Kadıköy,True,False
iett_510708__bus,iett_510708,510708,ALTIYOL,bus,iett_gtfs,Kadıköy,True,False
iett_510709__bus,iett_510709,510709,ALTIYOL,bus,iett_gtfs,Kadıköy,True,False
iett_510710__bus,iett_510710,510710,SÖĞÜTLÜÇEŞME,bus,iett_gtfs,Kadıköy,True,False
iett_510712__bus,iett_510712,510712,BARIŞ MANÇO,bus,iett_gtfs,Kadıköy,True,False
iett_5252684__bus,iett_5252684,5252684,BOSTANCI İSKELE,bus,iett_gtfs,Kadıköy,True,False
iett_510761__bus,iett_510761,510761,KADIKÖY BELEDİYESİ - METROBÜS,bus,iett_gtfs,Kadıköy,True,False
iett_510762__bus,iett_510762,510762,KADIKÖY BELEDİYESİ - METROBÜS,bus,iett_gtfs,Kadıköy,True,False
iett_510763__bus,iett_510763,510763,KADIKÖY BELEDİYESİ - METROBÜS,bus,iett_gtfs,Kadıköy,True,False
iett_510764__bus,iett_510764,510764,ZİVERBEY,bus,iett_gtfs,Kadıköy,True,False
iett_510765__bus,iett_510765,510765,ZİVERBEY,bus,iett_gtfs,Kadıköy,True,False
iett_510766__bus,iett_510766,510766,KUYUBAŞI,bus,iett_gtfs,Kadıköy,True,False
iett_510767__bus,iett_510767,510767,KUYUBAŞI,bus,iett_gtfs,Kadıköy,True,False
iett_510768__bus,iett_510768,510768,MARMARA ÜNİVERSİTESİ GÖZTEPE YERLEŞKESİ,bus,iett_gtfs,Kadıköy,True,False
iett_510769__bus,iett_510769,510769,MARMARA ÜNİVERSİTESİ GÖZTEPE YERLEŞKESİ,bus,iett_gtfs,Kadıköy,True,False
iett_5251052__bus,iett_5251052,5251052,GÖZTEPE PROF. DR SÜLEYMAN YALÇIN ŞEHİR HAST.,bus,iett_gtfs,Kadıköy,True,False
iett_5251053__bus,iett_5251053,5251053,GÖZTEPE PROF. DR. SÜLEYMAN YALÇIN ŞEHİR HAST.,bus,iett_gtfs,Kadıköy,True,False
iett_510773__bus,iett_510773,510773,ÇEMENZAR,bus,iett_gtfs,Kadıköy,True,False
iett_510797__bus,iett_510797,510797,BOSTANCI,bus,iett_gtfs,Kadıköy,True,False
iett_510799__bus,iett_510799,510799,BOSTANCI GÖSTERİ MERKEZİ,bus,iett_gtfs,Kadıköy,True,False
iett_510800__bus,iett_510800,510800,BOSTANCI GÖSTERİ MERKEZİ,bus,iett_gtfs,Kadıköy,True,False
iett_510359__bus,iett_510359,510359,BOSTANCI GÖSTERİ MERKEZİ,bus,iett_gtfs,Kadıköy,True,False
iett_510361__bus,iett_510361,510361,EMİN ALİ PAŞA CADDESİ,bus,iett_gtfs,Maltepe,True,False
iett_510367__bus,iett_510367,510367,KÜÇÜKYALI,bus,iett_gtfs,Maltepe,True,False
iett_510372__bus,iett_510372,510372,ÇINAR,bus,iett_gtfs,Maltepe,True,False
iett_510373__bus,iett_510373,510373,ELGİNKAN İLKOKULU,bus,iett_gtfs,Maltepe,True,False
iett_510374__bus,iett_510374,510374,ELGİNKAN İLKOKULU,bus,iett_gtfs,Maltepe,True,False
iett_510375__bus,iett_510375,510375,İDEALTEPE,bus,iett_gtfs,Maltepe,True,False
iett_510376__bus,iett_510376,510376,İDEALTEPE,bus,iett_gtfs,Maltepe,True,False
iett_510377__bus,iett_510377,510377,DOĞUEVLER,bus,iett_gtfs,Maltepe,True,False
iett_510379__bus,iett_510379,510379,MALTEPE KAYMAKAMLIĞI,bus,iett_gtfs,Maltepe,True,False
iett_510381__bus,iett_510381,510381,YÜZEVLER,bus,iett_gtfs,Maltepe,True,False
iett_510383__bus,iett_510383,510383,MALTEPE BELEDİYESİ,bus,iett_gtfs,Maltepe,True,False
iett_510384__bus,iett_510384,510384,MALTEPE BELEDİYESİ,bus,iett_gtfs,Maltepe,True,False
iett_510385__bus,iett_510385,510385,SİDAR SOKAK,bus,iett_gtfs,Maltepe,True,False
iett_510386__bus,iett_510386,510386,SİDAR SOKAK,bus,iett_gtfs,Maltepe,True,False
iett_510388__bus,iett_510388,510388,MALTEPE,bus,iett_gtfs,Maltepe,True,False
iett_510392__bus,iett_510392,510392,ESENYURT,bus,iett_gtfs,Maltepe,True,False
iett_510393__bus,iett_510393,510393,ESENYURT,bus,iett_gtfs,Maltepe,True,False
iett_510394__bus,iett_510394,510394,ORHANGAZİ,bus,iett_gtfs,Maltepe,True,False
iett_510395__bus,iett_510395,510395,ORHANGAZİ,bus,iett_gtfs,Maltepe,True,False
iett_510396__bus,iett_510396,510396,TUGAY YOLU,bus,iett_gtfs,Maltepe,True,False
iett_510397__bus,iett_510397,510397,TUGAY YOLU,bus,iett_gtfs,Maltepe,True,False
iett_510398__bus,iett_510398,510398,CEVİZLİ,bus,iett_gtfs,Maltepe,True,False
iett_1615__bus,iett_1615,1615,YÜCEL SİTESİ,bus,iett_gtfs,Kartal,True,False
iett_1616__bus,iett_1616,1616,YÜCEL SİTESİ,bus,iett_gtfs,Kartal,True,False
iett_1617__bus,iett_1617,1617,ORHANTEPE MAHALLESİ,bus,iett_gtfs,Kartal,True,False
iett_1618__bus,iett_1618,1618,ORHANTEPE MAHALLESİ,bus,iett_gtfs,Kartal,True,False
iett_1619__bus,iett_1619,1619,ATALAR MAHALLESİ,bus,iett_gtfs,Kartal,True,False
iett_1620__bus,iett_1620,1620,ATALAR MAHALLESİ,bus,iett_gtfs,Kartal,True,False
iett_1621__bus,iett_1621,1621,İSTASYON,bus,iett_gtfs,Kartal,True,False
iett_1622__bus,iett_1622,1622,İSTASYON,bus,iett_gtfs,Kartal,True,False
iett_1623__bus,iett_1623,1623,BEYAZ KÖŞK,bus,iett_gtfs,Kartal,True,False
iett_1624__bus,iett_1624,1624,BEYAZ KÖŞK,bus,iett_gtfs,Kartal,True,False
iett_1625__bus,iett_1625,1625,TEKNİK LİSE,bus,iett_gtfs,Kartal,True,False
iett_1626__bus,iett_1626,1626,TEKNİK LİSE,bus,iett_gtfs,Kartal,True,False
iett_1627__bus,iett_1627,1627,ŞEHİT KEMAL TOSUN,bus,iett_gtfs,Kartal,True,False
iett_1628__bus,iett_1628,1628,ŞEHİT KEMAL TOSUN,bus,iett_gtfs,Kartal,True,False
iett_1629__bus,iett_1629,1629,EGEMENLİK BULVARI,bus,iett_gtfs,Kartal,True,False
iett_1630__bus,iett_1630,1630,EGEMENLİK BULVARI,bus,iett_gtfs,Kartal,True,False
iett_1631__bus,iett_1631,1631,KARTAL NEYZEN TEVFİK MEYDANI,bus,iett_gtfs,Kartal,True,False
iett_1632__bus,iett_1632,1632,KARTAL NEYZEN TEVFİK MEYDANI,bus,iett_gtfs,Kartal,True,False
iett_1634__bus,iett_1634,1634,HAVA EVLERİ,bus,iett_gtfs,Kartal,True,False
iett_1635__bus,iett_1635,1635,HAVA EVLERİ,bus,iett_gtfs,Kartal,True,False
iett_1636__bus,iett_1636,1636,BÜLENT ECEVİT KÜLTÜR MERKEZİ,bus,iett_gtfs,Kartal,True,False
iett_1637__bus,iett_1637,1637,BÜLENT ECEVİT KÜLTÜR MERKEZİ,bus,iett_gtfs,Kartal,True,False
iett_1638__bus,iett_1638,1638,BÜLENT ECEVİT KÜLTÜR MERKEZİ,bus,iett_gtfs,Kartal,True,False
iett_1640__bus,iett_1640,1640,YUNUS,bus,iett_gtfs,Kartal,True,False
iett_1642__bus,iett_1642,1642,VETERİNER ARAŞTIRMA,bus,iett_gtfs,Kartal,True,False
iett_1643__bus,iett_1643,1643,VETERİNER ARAŞTIRMA,bus,iett_gtfs,Kartal,True,False
iett_1645__bus,iett_1645,1645,VETERİNER ARAŞTIRMA,bus,iett_gtfs,Kartal,True,False
iett_1123__bus,iett_1123,1123,PENDİK ANADOLU LİSESİ,bus,iett_gtfs,Pendik,True,False
iett_1124__bus,iett_1124,1124,PENDİK ANADOLU LİSESİ,bus,iett_gtfs,Pendik,True,False
iett_1127__bus,iett_1127,1127,PALMİYE,bus,iett_gtfs,Pendik,True,False
iett_510801__bus,iett_510801,510801,HAMZA YERLİKAYA,bus,iett_gtfs,Kadıköy,True,False
iett_510803__bus,iett_510803,510803,AYRILIK ÇEŞMESİ MARMARAY,bus,iett_gtfs,Kadıköy,True,False
iett_510806__bus,iett_510806,510806,KOŞUYOLU KÖPRÜSÜ,bus,iett_gtfs,Kadıköy,True,False
iett_510807__bus,iett_510807,510807,KOŞUYOLU KÖPRÜSÜ,bus,iett_gtfs,Kadıköy,True,False
iett_510808__bus,iett_510808,510808,KOŞUYOLU KÖPRÜSÜ,bus,iett_gtfs,Kadıköy,True,False
iett_681708__bus,iett_681708,681708,HAYDARPAŞA NUMUNE HASTANESİ,bus,iett_gtfs,Üsküdar,True,False
iett_681709__bus,iett_681709,681709,HAYDARPAŞA NUMUNE HASTANESİ,bus,iett_gtfs,Üsküdar,True,False
iett_510809__bus,iett_510809,510809,ACIBADEM LİSESİ,bus,iett_gtfs,Kadıköy,True,False
iett_510810__bus,iett_510810,510810,ACIBADEM KÖPRÜSÜ,bus,iett_gtfs,Kadıköy,True,False
iett_510811__bus,iett_510811,510811,ACIBADEM METRO,bus,iett_gtfs,Kadıköy,True,False
iett_510812__bus,iett_510812,510812,ACIBADEM METRO  ,bus,iett_gtfs,Kadıköy,True,False
iett_510813__bus,iett_510813,510813,GÖZTEPE KÖPRÜSÜ,bus,iett_gtfs,Üsküdar,True,False
iett_510813__metrobus,iett_510813,510813,GÖZTEPE KÖPRÜSÜ,metrobus,iett_gtfs,Üsküdar,True,True
iett_510814__bus,iett_510814,510814,GÖZTEPE KÖPRÜSÜ,bus,iett_gtfs,Kadıköy,True,False
iett_510815__bus,iett_510815,510815,YENİSAHRA,bus,iett_gtfs,Ataşehir,True,False
iett_510815__metrobus,iett_510815,510815,YENİSAHRA,metrobus,iett_gtfs,Ataşehir,True,True
iett_510816__bus,iett_510816,510816,YENİSAHRA,bus,iett_gtfs,Kadıköy,True,False
iett_510819__bus,iett_510819,510819,YÜZBEŞEVLER,bus,iett_gtfs,Ataşehir,True,False
iett_510819__metrobus,iett_510819,510819,YÜZBEŞEVLER,metrobus,iett_gtfs,Ataşehir,True,True
iett_510820__bus,iett_510820,510820,YÜZBEŞEVLER,bus,iett_gtfs,Kadıköy,True,False
iett_510824__bus,iett_510824,510824,KOZYATAĞI METRO,bus,iett_gtfs,Ataşehir,True,False
iett_510824__metrobus,iett_510824,510824,KOZYATAĞI METRO,metrobus,iett_gtfs,Ataşehir,True,True
iett_510822__bus,iett_510822,510822,KOZYATAĞI METRO,bus,iett_gtfs,Ataşehir,True,False
iett_510823__bus,iett_510823,510823,KOZYATAĞI METRO,bus,iett_gtfs,Kadıköy,True,False
iett_510821__bus,iett_510821,510821,KOZYATAĞI METRO,bus,iett_gtfs,Ataşehir,True,False
iett_510826__bus,iett_510826,510826,FATİH SULTAN MEHMET EĞİTİM VE ARAŞTIRMA HASTANESİ,bus,iett_gtfs,Ataşehir,True,False
iett_510826__metrobus,iett_510826,510826,FATİH SULTAN MEHMET EĞİTİM VE ARAŞTIRMA HASTANESİ,metrobus,iett_gtfs,Ataşehir,True,True
iett_510827__bus,iett_510827,510827,FATİH SULTAN MEHMET EĞİTİM VE ARAŞTIRMA HASTANESİ,bus,iett_gtfs,Kadıköy,True,False
iett_510829__bus,iett_510829,510829,BOSTANCI KÖPRÜSÜ,bus,iett_gtfs,Ataşehir,True,False
iett_510829__metrobus,iett_510829,510829,BOSTANCI KÖPRÜSÜ,metrobus,iett_gtfs,Ataşehir,True,True
iett_510830__bus,iett_510830,510830,BOSTANCI KÖPRÜSÜ,bus,iett_gtfs,Kadıköy,True,False
iett_510831__bus,iett_510831,510831,BOSTANCI SAPAĞI,bus,iett_gtfs,Kadıköy,True,False
iett_510400__bus,iett_510400,510400,ALTINTEPE ,bus,iett_gtfs,Maltepe,True,False
iett_510400__metrobus,iett_510400,510400,ALTINTEPE ,metrobus,iett_gtfs,Maltepe,True,True
iett_510401__bus,iett_510401,510401,ALTINTEPE ,bus,iett_gtfs,Maltepe,True,False
iett_510402__bus,iett_510402,510402,KADİR HAS ANADOLU LİSESİ,bus,iett_gtfs,Maltepe,True,False
iett_510402__metrobus,iett_510402,510402,KADİR HAS ANADOLU LİSESİ,metrobus,iett_gtfs,Maltepe,True,True
iett_510403__bus,iett_510403,510403,KADİR HAS ANADOLU LİSESİ,bus,iett_gtfs,Maltepe,True,False
iett_510408__bus,iett_510408,510408,MAVİ EVLER,bus,iett_gtfs,Maltepe,True,False
iett_510408__metrobus,iett_510408,510408,MAVİ EVLER,metrobus,iett_gtfs,Maltepe,True,True
iett_510409__bus,iett_510409,510409,MAVİ EVLER,bus,iett_gtfs,Maltepe,True,False
iett_510412__bus,iett_510412,510412,ALTAYÇEŞME,bus,iett_gtfs,Maltepe,True,False
iett_510412__metrobus,iett_510412,510412,ALTAYÇEŞME,metrobus,iett_gtfs,Maltepe,True,True
iett_510413__bus,iett_510413,510413,MALTEPE KÖPRÜSÜ,bus,iett_gtfs,Maltepe,True,False
iett_510413__metrobus,iett_510413,510413,MALTEPE KÖPRÜSÜ,metrobus,iett_gtfs,Maltepe,True,True
iett_510414__bus,iett_510414,510414,MALTEPE KÖPRÜSÜ,bus,iett_gtfs,Maltepe,True,False
iett_510415__bus,iett_510415,510415,MALTEPE KÖPRÜSÜ,bus,iett_gtfs,Maltepe,True,False
iett_510417__bus,iett_510417,510417,HUZUREVİ,bus,iett_gtfs,Maltepe,True,False
iett_510417__metrobus,iett_510417,510417,HUZUREVİ,metrobus,iett_gtfs,Maltepe,True,True
iett_510418__bus,iett_510418,510418,HUZUREVİ,bus,iett_gtfs,Maltepe,True,False
iett_510419__bus,iett_510419,510419,HUZUREVİ ,bus,iett_gtfs,Maltepe,True,False
iett_510421__bus,iett_510421,510421,ESENYOL,bus,iett_gtfs,Maltepe,True,False
iett_510421__metrobus,iett_510421,510421,ESENYOL,metrobus,iett_gtfs,Maltepe,True,True
iett_510422__bus,iett_510422,510422,ESENYOL,bus,iett_gtfs,Maltepe,True,False
iett_1647__bus,iett_1647,1647,KARTAL KÖPRÜSÜ,bus,iett_gtfs,Kartal,True,False
iett_1647__metrobus,iett_1647,1647,KARTAL KÖPRÜSÜ,metrobus,iett_gtfs,Kartal,True,True
iett_282966__bus,iett_282966,282966,KARTAL KÖPRÜSÜ ,bus,iett_gtfs,Kartal,True,False
iett_1649__bus,iett_1649,1649,KARTAL KÖPRÜSÜ,bus,iett_gtfs,Kartal,True,False
iett_1650__bus,iett_1650,1650,KARTAL KÖPRÜSÜ,bus,iett_gtfs,Kartal,True,False
iett_1651__bus,iett_1651,1651,KARTAL KÖPRÜSÜ,bus,iett_gtfs,Kartal,True,False
iett_1129__bus,iett_1129,1129,KAYNARCA,bus,iett_gtfs,Pendik,True,False
iett_1130__bus,iett_1130,1130,KAYNARCA,bus,iett_gtfs,Pendik,True,False
iett_1130__metrobus,iett_1130,1130,KAYNARCA,metrobus,iett_gtfs,Pendik,True,True
iett_355__bus,iett_355,355,GÖNÜL SOK-ŞEHİT BAYRAM AKSU,bus,iett_gtfs,Tuzla,True,False
iett_356__bus,iett_356,356,GÖNÜL SOK-ŞEHİT BAYRAM AKSU,bus,iett_gtfs,Tuzla,True,False
iett_1131__bus,iett_1131,1131,TERSANE KÖPRÜSÜ-1,bus,iett_gtfs,Pendik,True,False
iett_1132__bus,iett_1132,1132,TERSANE KÖPRÜSÜ-1,bus,iett_gtfs,Pendik,True,False
iett_1132__metrobus,iett_1132,1132,TERSANE KÖPRÜSÜ-1,metrobus,iett_gtfs,Pendik,True,True
iett_1135__bus,iett_1135,1135,GÜZELYALI KÖPRÜSÜ,bus,iett_gtfs,Pendik,True,False
iett_1135__metrobus,iett_1135,1135,GÜZELYALI KÖPRÜSÜ,metrobus,iett_gtfs,Pendik,True,True
iett_1136__bus,iett_1136,1136,GÜZELYALI KÖPRÜSÜ,bus,iett_gtfs,Pendik,True,False
iett_359__bus,iett_359,359,ESENYALI SAPAĞI,bus,iett_gtfs,Tuzla,True,False
iett_359__metrobus,iett_359,359,ESENYALI SAPAĞI,metrobus,iett_gtfs,Tuzla,True,True
iett_360__bus,iett_360,360,ESENYALI SAPAĞI,bus,iett_gtfs,Tuzla,True,False
iett_361__bus,iett_361,361,ESENYALI SAPAĞI,bus,iett_gtfs,Tuzla,True,False
iett_362__bus,iett_362,362,İÇMELER KÖPRÜSÜ,bus,iett_gtfs,Tuzla,True,False
iett_363__bus,iett_363,363,İÇMELER KÖPRÜSÜ,bus,iett_gtfs,Tuzla,True,False
iett_364__bus,iett_364,364,İÇMELER KÖPRÜSÜ,bus,iett_gtfs,Tuzla,True,False
iett_364__metrobus,iett_364,364,İÇMELER KÖPRÜSÜ,metrobus,iett_gtfs,Tuzla,True,True
iett_365__bus,iett_365,365,İÇMELER KÖPRÜSÜ,bus,iett_gtfs,Tuzla,True,False
iett_367__bus,iett_367,367,İÇMELER KÖPRÜSÜ,bus,iett_gtfs,Tuzla,True,False
iett_368__bus,iett_368,368,İÇMELER KÖPRÜSÜ,bus,iett_gtfs,Tuzla,True,False
iett_369__bus,iett_369,369,KİPTAŞ 2.ETAP,bus,iett_gtfs,Tuzla,True,False
iett_370__bus,iett_370,370,KİPTAŞ 2.ETAP,bus,iett_gtfs,Tuzla,True,False
iett_371__bus,iett_371,371,PINAR SOKAK,bus,iett_gtfs,Tuzla,True,False
iett_372__bus,iett_372,372,PINAR SOKAK,bus,iett_gtfs,Tuzla,True,False
iett_373__bus,iett_373,373,TUZLA MARİNA,bus,iett_gtfs,Tuzla,True,False
iett_374__bus,iett_374,374,TUZLA MARİNA,bus,iett_gtfs,Tuzla,True,False
iett_375__bus,iett_375,375,MARMADOS SİTESİ,bus,iett_gtfs,Tuzla,True,False
iett_377__bus,iett_377,377,SAHİL PARK,bus,iett_gtfs,Tuzla,True,False
iett_378__bus,iett_378,378,SAHİL PARK,bus,iett_gtfs,Tuzla,True,False
iett_379__bus,iett_379,379,ÖĞÜT SOKAK,bus,iett_gtfs,Tuzla,True,False
iett_380__bus,iett_380,380,ÖĞÜT SOKAK,bus,iett_gtfs,Tuzla,True,False
iett_380__metrobus,iett_380,380,ÖĞÜT SOKAK,metrobus,iett_gtfs,Tuzla,True,True
iett_381__bus,iett_381,381,TUZLA,bus,iett_gtfs,Tuzla,True,False
iett_382__bus,iett_382,382,TUZLA,bus,iett_gtfs,Tuzla,True,False
iett_383__bus,iett_383,383,İTÜ DENİZCİLİK FAKÜLTESİ,bus,iett_gtfs,Tuzla,True,False
iett_383__metrobus,iett_383,383,İTÜ DENİZCİLİK FAKÜLTESİ,metrobus,iett_gtfs,Tuzla,True,True
iett_384__bus,iett_384,384,İTÜ DENİZCİLİK FAKÜLTESİ,bus,iett_gtfs,Tuzla,True,False
iett_385__bus,iett_385,385,KEREM SOKAK,bus,iett_gtfs,Tuzla,True,False
iett_385__metrobus,iett_385,385,KEREM SOKAK,metrobus,iett_gtfs,Tuzla,True,True
iett_387__bus,iett_387,387,CENGAVER SOKAK,bus,iett_gtfs,Tuzla,True,False
iett_387__metrobus,iett_387,387,CENGAVER SOKAK,metrobus,iett_gtfs,Tuzla,True,True
iett_388__bus,iett_388,388,CENGAVER SOKAK,bus,iett_gtfs,Tuzla,True,False
iett_389__bus,iett_389,389,ÇALI SOKAK,bus,iett_gtfs,Tuzla,True,False
iett_389__metrobus,iett_389,389,ÇALI SOKAK,metrobus,iett_gtfs,Tuzla,True,True
iett_390__bus,iett_390,390,ÇALI SOKAK,bus,iett_gtfs,Tuzla,True,False
iett_391__bus,iett_391,391,MERCAN YUVASI,bus,iett_gtfs,Tuzla,True,False
iett_391__metrobus,iett_391,391,MERCAN YUVASI,metrobus,iett_gtfs,Tuzla,True,True
iett_392__bus,iett_392,392,MERCAN YUVASI,bus,iett_gtfs,Tuzla,True,False
iett_393__bus,iett_393,393,DENİZ HARP OKULU,bus,iett_gtfs,Tuzla,True,False
iett_393__metrobus,iett_393,393,DENİZ HARP OKULU,metrobus,iett_gtfs,Tuzla,True,True
iett_1652__bus,iett_1652,1652,SERA SOKAK,bus,iett_gtfs,Kartal,True,False
iett_1653__bus,iett_1653,1653,SERA SOKAK,bus,iett_gtfs,Kartal,True,False
iett_1654__bus,iett_1654,1654,MARMARA CADDESİ,bus,iett_gtfs,Kartal,True,False
iett_1656__bus,iett_1656,1656,İMAMI AZAM CAMİİ,bus,iett_gtfs,Kartal,True,False
iett_1657__bus,iett_1657,1657,İMAMI AZAM CAMİİ,bus,iett_gtfs,Pendik,True,False
iett_1137__bus,iett_1137,1137,MİMAR SİNAN CADDESİ,bus,iett_gtfs,Pendik,True,False
iett_1138__bus,iett_1138,1138,MİMAR SİNAN CADDESİ,bus,iett_gtfs,Pendik,True,False
iett_510854__bus,iett_510854,510854,MİMOZA,bus,iett_gtfs,Kadıköy,True,False
iett_5252720__bus,iett_5252720,5252720,MİMOZA,bus,iett_gtfs,Kadıköy,True,False
iett_510857__bus,iett_510857,510857,GAZİ ETHEM PAŞA,bus,iett_gtfs,Kadıköy,True,False
iett_510858__bus,iett_510858,510858,KOCAYOL CADDESİ,bus,iett_gtfs,Kadıköy,True,False
iett_510859__bus,iett_510859,510859,KOCAYOL,bus,iett_gtfs,Kadıköy,True,False
iett_510860__bus,iett_510860,510860,FATİH SULTAN MEHMET EĞİTİM VE ARAŞTIRMA HASTANESİ,bus,iett_gtfs,Kadıköy,True,False
iett_510863__bus,iett_510863,510863,KOZYATAĞI,bus,iett_gtfs,Kadıköy,True,False
iett_510864__bus,iett_510864,510864,KOZYATAĞI,bus,iett_gtfs,Kadıköy,True,False
iett_510865__bus,iett_510865,510865,ESKİ KÖŞKLER,bus,iett_gtfs,Kadıköy,True,False
iett_510866__bus,iett_510866,510866,ESKİ KÖŞKLER,bus,iett_gtfs,Kadıköy,True,False
iett_510867__bus,iett_510867,510867,RUH SAĞLIĞI HASTANESİ,bus,iett_gtfs,Kadıköy,True,False
iett_510869__bus,iett_510869,510869,BAYAR CADDESİ,bus,iett_gtfs,Kadıköy,True,False
iett_510870__bus,iett_510870,510870,BAYAR CADDESİ,bus,iett_gtfs,Kadıköy,True,False
iett_510871__bus,iett_510871,510871,BÖCEKLİ CAMİİ,bus,iett_gtfs,Kadıköy,True,False
iett_510872__bus,iett_510872,510872,BÖCEKLİ CAMİİ,bus,iett_gtfs,Kadıköy,True,False
iett_510875__bus,iett_510875,510875,ULAŞTIRICI SOKAK,bus,iett_gtfs,Kadıköy,True,False
iett_578671__bus,iett_578671,578671,ÇAYIR CADDESİ ,bus,iett_gtfs,Ataşehir,True,False
iett_578672__bus,iett_578672,578672,ATAŞEHİR HAL,bus,iett_gtfs,Ataşehir,True,False
iett_578673__bus,iett_578673,578673,KARAMAN ÇİFTLİK YOLU,bus,iett_gtfs,Ataşehir,True,False
iett_578674__bus,iett_578674,578674,KARAMAN ÇİFTLİK YOLU,bus,iett_gtfs,Ataşehir,True,False
iett_578675__bus,iett_578675,578675,ACIBADEM ÜNİVERSİTESİ,bus,iett_gtfs,Ataşehir,True,False
iett_578676__bus,iett_578676,578676,ACIBADEM ÜNİVERSİTESİ,bus,iett_gtfs,Ataşehir,True,False
iett_578677__bus,iett_578677,578677,KÜÇÜKBAKKALKÖY,bus,iett_gtfs,Ataşehir,True,False
iett_578678__bus,iett_578678,578678,KÜÇÜKBAKKALKÖY,bus,iett_gtfs,Ataşehir,True,False
iett_578679__bus,iett_578679,578679,KÜÇÜKBAKKALKÖY,bus,iett_gtfs,Ataşehir,True,False
iett_578680__bus,iett_578680,578680,MESKENLER,bus,iett_gtfs,Ataşehir,True,False
iett_578681__bus,iett_578681,578681,MESKENLER,bus,iett_gtfs,Ataşehir,True,False
iett_578682__bus,iett_578682,578682,FEVZİPAŞA,bus,iett_gtfs,Ataşehir,True,False
iett_578683__bus,iett_578683,578683,FEVZİPAŞA,bus,iett_gtfs,Ataşehir,True,False
iett_578684__bus,iett_578684,578684,ATAŞEHİR 100.YIL CUMHURİYET ANADOLU LİSESİ,bus,iett_gtfs,Ataşehir,True,False
iett_578685__bus,iett_578685,578685,ATAŞEHİR 100.YIL CUMHURİYET ANADOLU LİSESİ,bus,iett_gtfs,Ataşehir,True,False
iett_578686__bus,iett_578686,578686,ATAŞEHİR 100.YIL CUMHURİYET ANADOLU LİSESİ,bus,iett_gtfs,Ataşehir,True,False
iett_578687__bus,iett_578687,578687,ATAŞEHİR 100.YIL CUMHURİYET ANADOLU LİSESİ,bus,iett_gtfs,Ataşehir,True,False
iett_578688__bus,iett_578688,578688,İÇERENKÖY METRO-KÜÇÜKBAKKALKÖY MERKEZ CAMİ,bus,iett_gtfs,Ataşehir,True,False
iett_578690__bus,iett_578690,578690,GÜMRÜK BÖLGE MÜDÜRLÜĞÜ,bus,iett_gtfs,Ataşehir,True,False
iett_578691__bus,iett_578691,578691,GÜMRÜK BÖLGE MÜDÜRLÜĞÜ,bus,iett_gtfs,Ataşehir,True,False
iett_578697__bus,iett_578697,578697,CEMİLE BESLER İLKOKULU,bus,iett_gtfs,Ataşehir,True,False
iett_578698__bus,iett_578698,578698,CEMİLE BESLER İLKOKULU,bus,iett_gtfs,Ataşehir,True,False
iett_578699__bus,iett_578699,578699,YENİŞEHİR PAZAR YERİ,bus,iett_gtfs,Ataşehir,True,False
iett_578700__bus,iett_578700,578700,YENİŞEHİR PAZAR YERİ,bus,iett_gtfs,Ataşehir,True,False
iett_578703__bus,iett_578703,578703,MEVLANA MESLEKİ VE TEKNİK ANADOLU LİSESİ,bus,iett_gtfs,Ataşehir,True,False
iett_578705__bus,iett_578705,578705,ACARLAR SİTESİ,bus,iett_gtfs,Ataşehir,True,False
iett_578706__bus,iett_578706,578706,ACARLAR SİTESİ,bus,iett_gtfs,Ataşehir,True,False
iett_578707__bus,iett_578707,578707,YENİ ÇAMLICA MERKEZ CAMİİ,bus,iett_gtfs,Ataşehir,True,False
iett_578708__bus,iett_578708,578708,YENİ ÇAMLICA MERKEZ CAMİİ,bus,iett_gtfs,Ataşehir,True,False
iett_578709__bus,iett_578709,578709,YENİ ÇAMLICA,bus,iett_gtfs,Ataşehir,True,False
iett_578710__bus,iett_578710,578710,YENİ ÇAMLICA,bus,iett_gtfs,Ataşehir,True,False
iett_578711__bus,iett_578711,578711,YEDİTEPE CADDESİ,bus,iett_gtfs,Ataşehir,True,False
iett_578713__bus,iett_578713,578713,FERHATPAŞA MAHALLE MUHTARLIĞI,bus,iett_gtfs,Ataşehir,True,False
iett_578714__bus,iett_578714,578714,FERHATPAŞA MAHALLE MUHTARLIĞI,bus,iett_gtfs,Ataşehir,True,False
iett_1140__bus,iett_1140,1140,SANAYİ SİTE ÇIKIŞI,bus,iett_gtfs,Pendik,True,False
iett_578719__bus,iett_578719,578719,İETT LOJMANLARI,bus,iett_gtfs,Ataşehir,True,False
iett_578720__bus,iett_578720,578720,İETT LOJMANLARI,bus,iett_gtfs,Ataşehir,True,False
iett_578721__bus,iett_578721,578721,İETT GARAJI,bus,iett_gtfs,Ataşehir,True,False
iett_578722__bus,iett_578722,578722,İETT GARAJI,bus,iett_gtfs,Ataşehir,True,False
iett_578723__bus,iett_578723,578723,KAYIŞDAĞI ARİFPAŞA İLKOKULU,bus,iett_gtfs,Ataşehir,True,False
iett_578724__bus,iett_578724,578724,KAYIŞDAĞI ARİFPAŞA İLKOKULU,bus,iett_gtfs,Ataşehir,True,False
iett_578725__bus,iett_578725,578725,İSMEK,bus,iett_gtfs,Ataşehir,True,False
iett_578726__bus,iett_578726,578726,İSMEK ,bus,iett_gtfs,Ataşehir,True,False
iett_578728__bus,iett_578728,578728,ERDEM SİTESİ,bus,iett_gtfs,Ataşehir,True,False
iett_578730__bus,iett_578730,578730,AKYAZI CADDESİ,bus,iett_gtfs,Ataşehir,True,False
iett_578739__bus,iett_578739,578739,İÇERENKÖY,bus,iett_gtfs,Ataşehir,True,False
iett_578745__bus,iett_578745,578745,NECMETTİN ERBAKAN CADDESİ,bus,iett_gtfs,Ataşehir,True,False
iett_578746__bus,iett_578746,578746,NECMETTİN ERBAKAN CADDESİ,bus,iett_gtfs,Ataşehir,True,False
iett_578747__bus,iett_578747,578747,PAŞABAHÇE BLOKLARI,bus,iett_gtfs,Ataşehir,True,False
iett_578748__bus,iett_578748,578748,PAŞABAHÇE BLOKLARI,bus,iett_gtfs,Ataşehir,True,False
iett_510423__bus,iett_510423,510423,FINDIKLI MAHALLESİ MUHTARLIĞI,bus,iett_gtfs,Maltepe,True,False
iett_510424__bus,iett_510424,510424,FINDIKLI MAHALLESİ MUHTARLIĞI,bus,iett_gtfs,Ataşehir,True,False
iett_510425__bus,iett_510425,510425,YALIN SOKAK ,bus,iett_gtfs,Maltepe,True,False
iett_510427__bus,iett_510427,510427,GAZİ MUSTAFA KEMAL CADDESİ ,bus,iett_gtfs,Maltepe,True,False
iett_510428__bus,iett_510428,510428,GAZİ MUSTAFA KEMAL CADDESİ ,bus,iett_gtfs,Maltepe,True,False
iett_510429__bus,iett_510429,510429,ATAMAN CADDESİ,bus,iett_gtfs,Maltepe,True,False
iett_510430__bus,iett_510430,510430,ATAMAN CADDESİ,bus,iett_gtfs,Maltepe,True,False
iett_510431__bus,iett_510431,510431,FINDIKLI MAHALLESİ,bus,iett_gtfs,Maltepe,True,False
iett_510885__bus,iett_510885,510885,ALİ NİHAT TARLAN CADDESİ,bus,iett_gtfs,Kadıköy,True,False
iett_510886__bus,iett_510886,510886,ALİ NİHAT TARLAN CADDESİ,bus,iett_gtfs,Kadıköy,True,False
iett_578749__bus,iett_578749,578749,BOSTANCI SANAYİ,bus,iett_gtfs,Ataşehir,True,False
iett_510887__bus,iett_510887,510887,BOSTANCI SANAYİ,bus,iett_gtfs,Ataşehir,True,False
iett_578752__bus,iett_578752,578752,HASAN LEYLİ İLKOKULU,bus,iett_gtfs,Ataşehir,True,False
iett_578753__bus,iett_578753,578753,HASAN LEYLİ İLKOKULU,bus,iett_gtfs,Ataşehir,True,False
iett_1143__bus,iett_1143,1143,PENDİK MARİNA,bus,iett_gtfs,Pendik,True,False
iett_5251847__bus,iett_5251847,5251847,PENDİK MARİNA,bus,iett_gtfs,Pendik,True,False
iett_578754__bus,iett_578754,578754,YENİ YOL,bus,iett_gtfs,Ataşehir,True,False
iett_578756__bus,iett_578756,578756,NURİ CINGILLIOĞLU MESLEKİ VE TEKNİK ANADOLU LİSESİ,bus,iett_gtfs,Ataşehir,True,False
iett_578757__bus,iett_578757,578757,NURİ CINGILLIOĞLU MESLEKİ VE TEKNİK ANADOLU LİSESİ,bus,iett_gtfs,Ataşehir,True,False
iett_578758__bus,iett_578758,578758,KÜÇÜKBAKKALKÖY ÇARŞI,bus,iett_gtfs,Ataşehir,True,False
iett_578760__bus,iett_578760,578760,KILIÇ REİS SOKAK,bus,iett_gtfs,Ataşehir,True,False
iett_578764__bus,iett_578764,578764,ÇİÇEK KENT,bus,iett_gtfs,Ataşehir,True,False
iett_578766__bus,iett_578766,578766,PROF.FAİK SOMER SPOR LİSESİ,bus,iett_gtfs,Ataşehir,True,False
iett_578768__bus,iett_578768,578768,MERKEZ CAMİİ,bus,iett_gtfs,Ataşehir,True,False
iett_578770__bus,iett_578770,578770,SAHRA,bus,iett_gtfs,Ataşehir,True,False
iett_578771__bus,iett_578771,578771,SAHRA,bus,iett_gtfs,Ataşehir,True,False
iett_578772__bus,iett_578772,578772,KİREÇHANELER,bus,iett_gtfs,Ataşehir,True,False
iett_578774__bus,iett_578774,578774,MÜMİN DERE CAMİİ,bus,iett_gtfs,Ataşehir,True,False
iett_578776__bus,iett_578776,578776,BARBAROS MAHALLESİ,bus,iett_gtfs,Ataşehir,True,False
iett_510888__bus,iett_510888,510888,HASANPAŞA,bus,iett_gtfs,Kadıköy,True,False
iett_510889__bus,iett_510889,510889,HASANPAŞA,bus,iett_gtfs,Kadıköy,True,False
iett_510890__bus,iett_510890,510890,UZUNÇAYIR CADDESİ,bus,iett_gtfs,Kadıköy,True,False
iett_510891__bus,iett_510891,510891,UZUNÇAYIR CADDESİ,bus,iett_gtfs,Kadıköy,True,False
iett_510896__bus,iett_510896,510896,MANDIRA CADDESİ,bus,iett_gtfs,Kadıköy,True,False
iett_510898__bus,iett_510898,510898,KÖPRÜBAŞI,bus,iett_gtfs,Kadıköy,True,False
iett_510899__bus,iett_510899,510899,KÖPRÜBAŞI,bus,iett_gtfs,Kadıköy,True,False
iett_510433__bus,iett_510433,510433,MENGÜ,bus,iett_gtfs,Maltepe,True,False
iett_510900__bus,iett_510900,510900,FEVZİPAŞA,bus,iett_gtfs,Kadıköy,True,False
iett_510901__bus,iett_510901,510901,FEVZİPAŞA,bus,iett_gtfs,Kadıköy,True,False
iett_510902__bus,iett_510902,510902,HÜRRİYET,bus,iett_gtfs,Kadıköy,True,False
iett_510903__bus,iett_510903,510903,HÜRRİYET,bus,iett_gtfs,Kadıköy,True,False
iett_510904__bus,iett_510904,510904,ŞEHİT ERSİN OZAN,bus,iett_gtfs,Kadıköy,True,False
iett_510906__bus,iett_510906,510906,MUSTAFA SAFFET ANADOLU LİSESİ,bus,iett_gtfs,Kadıköy,True,False
iett_510908__bus,iett_510908,510908,GÖZCÜBABA,bus,iett_gtfs,Kadıköy,True,False
iett_510909__bus,iett_510909,510909,GÖZCÜBABA,bus,iett_gtfs,Kadıköy,True,False
iett_510910__bus,iett_510910,510910,GÖZCÜBABA,bus,iett_gtfs,Kadıköy,True,False
iett_394__bus,iett_394,394,ŞEKER SOKAK,bus,iett_gtfs,Tuzla,True,False
iett_510911__bus,iett_510911,510911,MEHMET BEYAZIT ANADOLU LİSESİ,bus,iett_gtfs,Kadıköy,True,False
iett_510912__bus,iett_510912,510912,MEHMET BEYAZIT ANADOLU LİSESİ,bus,iett_gtfs,Kadıköy,True,False
iett_510913__bus,iett_510913,510913,ANAKENT KOLEJİ,bus,iett_gtfs,Kadıköy,True,False
iett_510914__bus,iett_510914,510914,ANAKENT KOLEJİ,bus,iett_gtfs,Kadıköy,True,False
iett_510915__bus,iett_510915,510915,MERDİVENKÖY,bus,iett_gtfs,Kadıköy,True,False
iett_510916__bus,iett_510916,510916,MERDİVENKÖY,bus,iett_gtfs,Kadıköy,True,False
iett_510917__bus,iett_510917,510917,GÖZCÜBABA ANADOLU İMAM HATİP LİSESİ,bus,iett_gtfs,Kadıköy,True,False
iett_510918__bus,iett_510918,510918,GÖZCÜBABA ANADOLU İMAM HATİP LİSESİ,bus,iett_gtfs,Kadıköy,True,False
iett_510919__bus,iett_510919,510919,MÜMİN DERESİ,bus,iett_gtfs,Kadıköy,True,False
iett_578779__bus,iett_578779,578779,KENTPLUS 1C KAPISI,bus,iett_gtfs,Ataşehir,True,False
iett_510922__bus,iett_510922,510922,ÖĞRETMEN HARUN REŞİT İLKOKULU,bus,iett_gtfs,Kadıköy,True,False
iett_510923__bus,iett_510923,510923,ŞAİR ARŞİ CADDESİ,bus,iett_gtfs,Kadıköy,True,False
iett_510924__bus,iett_510924,510924,GÖZTEPE KÖPRÜSÜ 1,bus,iett_gtfs,Kadıköy,True,False
iett_510925__bus,iett_510925,510925,GÖZTEPE KÖPRÜSÜ 1,bus,iett_gtfs,Kadıköy,True,False
iett_510440__bus,iett_510440,510440,ADALI SOKAK,bus,iett_gtfs,Maltepe,True,False
iett_510443__bus,iett_510443,510443,EMEK,bus,iett_gtfs,Maltepe,True,False
iett_510443__metrobus,iett_510443,510443,EMEK,metrobus,iett_gtfs,Maltepe,True,True
iett_510446__bus,iett_510446,510446,ESENKENT METRO,bus,iett_gtfs,Maltepe,True,False
iett_510446__metrobus,iett_510446,510446,ESENKENT METRO,metrobus,iett_gtfs,Maltepe,True,True
iett_510447__bus,iett_510447,510447,ESENKENT METRO,bus,iett_gtfs,Maltepe,True,False
iett_5252020__bus,iett_5252020,5252020,ELMALI KAVŞAĞI,bus,iett_gtfs,Beykoz,True,False
iett_5252021__bus,iett_5252021,5252021,ELMALI KAVŞAĞI,bus,iett_gtfs,Beykoz,True,False
iett_1669__bus,iett_1669,1669,İBB EK HİZMET BİNASI,bus,iett_gtfs,Kartal,True,False
iett_1669__metrobus,iett_1669,1669,İBB EK HİZMET BİNASI,metrobus,iett_gtfs,Kartal,True,True
iett_1670__bus,iett_1670,1670,İBB EK HİZMET BİNASI,bus,iett_gtfs,Kartal,True,False
iett_1671__bus,iett_1671,1671,KARTAL BÖLGE TRAFİK,bus,iett_gtfs,Kartal,True,False
iett_1671__metrobus,iett_1671,1671,KARTAL BÖLGE TRAFİK,metrobus,iett_gtfs,Kartal,True,True
iett_1672__bus,iett_1672,1672,KARTAL BÖLGE TRAFİK,bus,iett_gtfs,Kartal,True,False
iett_1675__bus,iett_1675,1675,SPOR CADDESİ,bus,iett_gtfs,Kartal,True,False
iett_1676__bus,iett_1676,1676,SPOR CADDESİ,bus,iett_gtfs,Kartal,True,False
iett_1677__bus,iett_1677,1677,DAĞ SOKAK,bus,iett_gtfs,Kartal,True,False
iett_1678__bus,iett_1678,1678,DAĞ SOKAK,bus,iett_gtfs,Kartal,True,False
iett_1679__bus,iett_1679,1679,ÇAVUŞOĞLU,bus,iett_gtfs,Kartal,True,False
iett_1680__bus,iett_1680,1680,ÇAVUŞOĞLU,bus,iett_gtfs,Kartal,True,False
iett_1683__bus,iett_1683,1683,ALİCANOĞLU,bus,iett_gtfs,Kartal,True,False
iett_1703__bus,iett_1703,1703,YUNUS EMRE CADDESİ,bus,iett_gtfs,Kartal,True,False
iett_1705__bus,iett_1705,1705,YENİ MAHALLE,bus,iett_gtfs,Kartal,True,False
iett_1706__bus,iett_1706,1706,YENİ MAHALLE,bus,iett_gtfs,Kartal,True,False
iett_1707__bus,iett_1707,1707,ÜLKÜ BORA ORTAOKULU,bus,iett_gtfs,Kartal,True,False
iett_1708__bus,iett_1708,1708,ÜLKÜ BORA ORTAOKULU,bus,iett_gtfs,Kartal,True,False
iett_1709__bus,iett_1709,1709,MİLLET CADDESİ,bus,iett_gtfs,Kartal,True,False
iett_1711__bus,iett_1711,1711,SOĞANLIK,bus,iett_gtfs,Kartal,True,False
iett_1712__bus,iett_1712,1712,SOĞANLIK,bus,iett_gtfs,Kartal,True,False
iett_1713__bus,iett_1713,1713,SOĞANLIK MEZARLIĞI,bus,iett_gtfs,Kartal,True,False
iett_1714__bus,iett_1714,1714,SOĞANLIK MEZARLIĞI,bus,iett_gtfs,Kartal,True,False
iett_1715__bus,iett_1715,1715,ATATÜRK CADDESİ,bus,iett_gtfs,Kartal,True,False
iett_1717__bus,iett_1717,1717,YAKAKENT CADDESİ,bus,iett_gtfs,Kartal,True,False
iett_1718__bus,iett_1718,1718,YAKAKENT CADDESİ,bus,iett_gtfs,Kartal,True,False
iett_1145__bus,iett_1145,1145,MUHSİN YAZICIOĞLU CADDESİ,bus,iett_gtfs,Pendik,True,False
iett_1146__bus,iett_1146,1146,MUHSİN YAZICIOĞLU CADDESİ,bus,iett_gtfs,Pendik,True,False
iett_1720__bus,iett_1720,1720,YAKACIK,bus,iett_gtfs,Kartal,True,False
iett_1721__bus,iett_1721,1721,YAKACIK,bus,iett_gtfs,Kartal,True,False
iett_1723__bus,iett_1723,1723,AYDOS YOLU,bus,iett_gtfs,Kartal,True,False
iett_1724__bus,iett_1724,1724,AYDOS YOLU,bus,iett_gtfs,Kartal,True,False
iett_1725__bus,iett_1725,1725,GÜLBAĞ SOKAK,bus,iett_gtfs,Kartal,True,False
iett_1726__bus,iett_1726,1726,GÜLBAĞ SOKAK,bus,iett_gtfs,Kartal,True,False
iett_1727__bus,iett_1727,1727,BULVAR,bus,iett_gtfs,Kartal,True,False
iett_1728__bus,iett_1728,1728,BULVAR,bus,iett_gtfs,Kartal,True,False
iett_1729__bus,iett_1729,1729,UĞUR MUMCU SİTESİ,bus,iett_gtfs,Kartal,True,False
iett_1730__bus,iett_1730,1730,UĞUR MUMCU SİTESİ,bus,iett_gtfs,Kartal,True,False
iett_1731__bus,iett_1731,1731,YARENLER,bus,iett_gtfs,Kartal,True,False
iett_1732__bus,iett_1732,1732,YARENLER,bus,iett_gtfs,Kartal,True,False
iett_1147__bus,iett_1147,1147,PENDİK YHT İSTASYONU,bus,iett_gtfs,Pendik,True,False
iett_5251066__bus,iett_5251066,5251066,PENDİK YHT İSTASYONU,bus,iett_gtfs,Pendik,True,False
iett_1150__bus,iett_1150,1150,PENDİK YHT İSTASYONU,bus,iett_gtfs,Pendik,True,False
iett_1151__bus,iett_1151,1151,PENDİK YHT İSTASYONU,bus,iett_gtfs,Pendik,True,False
iett_1152__bus,iett_1152,1152,SANAYİ SİTESİ,bus,iett_gtfs,Pendik,True,False
iett_1153__bus,iett_1153,1153,SANAYİ SİTESİ,bus,iett_gtfs,Pendik,True,False
iett_1821__bus,iett_1821,1821,PENDİK KÖPRÜSÜ ,bus,iett_gtfs,Pendik,True,False
iett_1155__bus,iett_1155,1155,PENDİK KÖPRÜSÜ,bus,iett_gtfs,Pendik,True,False
iett_1156__bus,iett_1156,1156,PENDİK KÖPRÜSÜ,bus,iett_gtfs,Pendik,True,False
iett_1156__metrobus,iett_1156,1156,PENDİK KÖPRÜSÜ,metrobus,iett_gtfs,Pendik,True,True
iett_1157__bus,iett_1157,1157,PENDİK KÖPRÜSÜ,bus,iett_gtfs,Pendik,True,False
iett_1160__bus,iett_1160,1160,TOPRAKYOL,bus,iett_gtfs,Pendik,True,False
iett_284308__bus,iett_284308,284308,TOPRAKYOL,bus,iett_gtfs,Pendik,True,False
iett_1162__bus,iett_1162,1162,ÖĞRENCİ YURDU,bus,iett_gtfs,Pendik,True,False
iett_1163__bus,iett_1163,1163,ÖĞRENCİ YURDU,bus,iett_gtfs,Pendik,True,False
iett_1164__bus,iett_1164,1164,ÜÇEVLER,bus,iett_gtfs,Pendik,True,False
iett_1165__bus,iett_1165,1165,ÜÇEVLER,bus,iett_gtfs,Pendik,True,False
iett_1166__bus,iett_1166,1166,ÜÇEVLER,bus,iett_gtfs,Pendik,True,False
iett_1167__bus,iett_1167,1167,ÜÇEVLER,bus,iett_gtfs,Pendik,True,False
iett_681714__bus,iett_681714,681714,İSFALT,bus,iett_gtfs,Üsküdar,True,False
iett_798517__bus,iett_798517,798517,İSFALT,bus,iett_gtfs,Üsküdar,True,False
iett_1168__bus,iett_1168,1168,ARİF ÖZÇELİK,bus,iett_gtfs,Pendik,True,False
iett_1169__bus,iett_1169,1169,ARİF ÖZÇELİK,bus,iett_gtfs,Pendik,True,False
iett_1170__bus,iett_1170,1170,ANKARA CADDESİ,bus,iett_gtfs,Pendik,True,False
iett_1171__bus,iett_1171,1171,ANKARA CADDESİ,bus,iett_gtfs,Pendik,True,False
iett_1172__bus,iett_1172,1172,GEDİK ÜNİVERSİTESİ,bus,iett_gtfs,Pendik,True,False
iett_1173__bus,iett_1173,1173,GEDİK ÜNİVERSİTESİ,bus,iett_gtfs,Pendik,True,False
iett_1174__bus,iett_1174,1174,ŞEYHLİ,bus,iett_gtfs,Pendik,True,False
iett_1175__bus,iett_1175,1175,ŞEYHLİ,bus,iett_gtfs,Pendik,True,False
iett_1176__bus,iett_1176,1176,KADER SOKAK,bus,iett_gtfs,Pendik,True,False
iett_1178__bus,iett_1178,1178,KANARYA,bus,iett_gtfs,Pendik,True,False
iett_1179__bus,iett_1179,1179,KANARYA,bus,iett_gtfs,Pendik,True,False
iett_1180__bus,iett_1180,1180,KURTKÖY,bus,iett_gtfs,Pendik,True,False
iett_1181__bus,iett_1181,1181,KURTKÖY,bus,iett_gtfs,Pendik,True,False
iett_1182__bus,iett_1182,1182,ALP SİTESİ,bus,iett_gtfs,Pendik,True,False
iett_1184__bus,iett_1184,1184,KÜME EVLERİ,bus,iett_gtfs,Pendik,True,False
iett_1185__bus,iett_1185,1185,KÜME EVLERİ,bus,iett_gtfs,Pendik,True,False
iett_1186__bus,iett_1186,1186,BORA SOKAK,bus,iett_gtfs,Pendik,True,False
iett_1187__bus,iett_1187,1187,BORA SOKAK,bus,iett_gtfs,Pendik,True,False
iett_1188__bus,iett_1188,1188,MOSTAR KAVŞAĞI,bus,iett_gtfs,Pendik,True,False
iett_1189__bus,iett_1189,1189,MOSTAR KAVŞAĞI,bus,iett_gtfs,Pendik,True,False
iett_1190__bus,iett_1190,1190,PENDİK EMNİYET MÜDÜRLÜĞÜ,bus,iett_gtfs,Pendik,True,False
iett_1191__bus,iett_1191,1191,PENDİK EMNİYET MÜDÜRLÜĞÜ,bus,iett_gtfs,Pendik,True,False
iett_1192__bus,iett_1192,1192,AYDINLI CADDESİ,bus,iett_gtfs,Pendik,True,False
iett_1193__bus,iett_1193,1193,AYDINLI CADDESİ,bus,iett_gtfs,Pendik,True,False
iett_1194__bus,iett_1194,1194,KAYNARCA PARKI,bus,iett_gtfs,Pendik,True,False
iett_1195__bus,iett_1195,1195,KAYNARCA PARKI,bus,iett_gtfs,Pendik,True,False
iett_1196__bus,iett_1196,1196,TALEBE YURDU,bus,iett_gtfs,Pendik,True,False
iett_1197__bus,iett_1197,1197,TALEBE YURDU,bus,iett_gtfs,Pendik,True,False
iett_1198__bus,iett_1198,1198,KAYNARCA ALT GEÇİT,bus,iett_gtfs,Pendik,True,False
iett_1200__bus,iett_1200,1200,KIBRIS SOKAK,bus,iett_gtfs,Pendik,True,False
iett_1202__bus,iett_1202,1202,GÜLİZAR ZEKİ OBDAN İLKOKULU,bus,iett_gtfs,Pendik,True,False
iett_1203__bus,iett_1203,1203,SÜMBÜL SOKAK,bus,iett_gtfs,Pendik,True,False
iett_5252081__bus,iett_5252081,5252081,YUNUS EMRE,bus,iett_gtfs,Pendik,True,False
iett_1204__bus,iett_1204,1204,YUNUS EMRE,bus,iett_gtfs,Pendik,True,False
iett_1205__bus,iett_1205,1205,GÜZELYALI,bus,iett_gtfs,Pendik,True,False
iett_1206__bus,iett_1206,1206,GÜZELYALI,bus,iett_gtfs,Pendik,True,False
iett_1207__bus,iett_1207,1207,FEVZİPAŞA,bus,iett_gtfs,Pendik,True,False
iett_1208__bus,iett_1208,1208,FEVZİPAŞA,bus,iett_gtfs,Pendik,True,False
iett_1209__bus,iett_1209,1209,SU DEPOSU,bus,iett_gtfs,Pendik,True,False
iett_1211__bus,iett_1211,1211,İSTİKLAL CADDESİ,bus,iett_gtfs,Pendik,True,False
iett_1213__bus,iett_1213,1213,BAŞKENT,bus,iett_gtfs,Pendik,True,False
iett_1215__bus,iett_1215,1215,FATİH CAMİİ,bus,iett_gtfs,Pendik,True,False
iett_1216__bus,iett_1216,1216,FATİH CAMİİ,bus,iett_gtfs,Pendik,True,False
iett_1217__bus,iett_1217,1217,NECMETTİN ERBAKAN CADDESİ,bus,iett_gtfs,Pendik,True,False
iett_1219__bus,iett_1219,1219,AHMET YESEVİ,bus,iett_gtfs,Pendik,True,False
iett_1220__bus,iett_1220,1220,AHMET YESEVİ,bus,iett_gtfs,Pendik,True,False
iett_1221__bus,iett_1221,1221,KAYNARCA,bus,iett_gtfs,Pendik,True,False
iett_1222__bus,iett_1222,1222,KAYNARCA,bus,iett_gtfs,Pendik,True,False
iett_1223__bus,iett_1223,1223,TAŞLIBAYIR,bus,iett_gtfs,Pendik,True,False
iett_1224__bus,iett_1224,1224,TAŞLIBAYIR,bus,iett_gtfs,Pendik,True,False
iett_1225__bus,iett_1225,1225,BAKÜ CADDESİ,bus,iett_gtfs,Pendik,True,False
iett_1226__bus,iett_1226,1226,BAKÜ CADDESİ,bus,iett_gtfs,Pendik,True,False
iett_1227__bus,iett_1227,1227,YÜCELEN SİTESİ,bus,iett_gtfs,Pendik,True,False
iett_1229__bus,iett_1229,1229,AYDINLI YOLU CADDESİ,bus,iett_gtfs,Pendik,True,False
iett_1230__bus,iett_1230,1230,AYDINLI YOLU CADDESİ,bus,iett_gtfs,Pendik,True,False
iett_1819__bus,iett_1819,1819,ALEMDARPAŞA ORTAOKULU,bus,iett_gtfs,Pendik,True,False
iett_1233__bus,iett_1233,1233,KAVAKPINAR,bus,iett_gtfs,Pendik,True,False
iett_1235__bus,iett_1235,1235,BAHÇELİEVLER,bus,iett_gtfs,Pendik,True,False
iett_1236__bus,iett_1236,1236,BAHÇELİEVLER,bus,iett_gtfs,Pendik,True,False
iett_1237__bus,iett_1237,1237,MEZARLIK,bus,iett_gtfs,Pendik,True,False
iett_1239__bus,iett_1239,1239,ŞEYHLİ YOLU,bus,iett_gtfs,Pendik,True,False
iett_1240__bus,iett_1240,1240,ŞEYHLİ YOLU,bus,iett_gtfs,Pendik,True,False
iett_1241__bus,iett_1241,1241,TUĞBA TALEBE YURDU,bus,iett_gtfs,Pendik,True,False
iett_510470__bus,iett_510470,510470,MARMARA EĞİTİM KÖYÜ ,bus,iett_gtfs,Maltepe,True,False
iett_510471__bus,iett_510471,510471,MARMARA EĞİTİM KÖYÜ,bus,iett_gtfs,Maltepe,True,False
iett_510472__bus,iett_510472,510472,AİLE SAĞLIĞI MERKEZİ,bus,iett_gtfs,Maltepe,True,False
iett_510473__bus,iett_510473,510473,AİLE SAĞLIĞI MERKEZİ,bus,iett_gtfs,Maltepe,True,False
iett_510476__bus,iett_510476,510476,İSMET KURALKAN İLKOKULU,bus,iett_gtfs,Maltepe,True,False
iett_396__bus,iett_396,396,FABRİKALAR,bus,iett_gtfs,Tuzla,True,False
iett_397__bus,iett_397,397,FABRİKALAR,bus,iett_gtfs,Tuzla,True,False
iett_510478__bus,iett_510478,510478,CEZAEVİ ZİYRAETÇİ GİRİŞİ,bus,iett_gtfs,Maltepe,True,False
iett_510479__bus,iett_510479,510479,CEZAEVİ ZİYARETÇİ GİRİŞİ,bus,iett_gtfs,Maltepe,True,False
iett_398__bus,iett_398,398,EGEMENLİK CADDESİ,bus,iett_gtfs,Tuzla,True,False
iett_399__bus,iett_399,399,EGEMENLİK CADDESİ,bus,iett_gtfs,Tuzla,True,False
iett_400__bus,iett_400,400,ŞİFA MAHALLESİ,bus,iett_gtfs,Tuzla,True,False
iett_401__bus,iett_401,401,ŞİFA MAHALLESİ,bus,iett_gtfs,Tuzla,True,False
iett_402__bus,iett_402,402,İNÖNÜ CADDESİ,bus,iett_gtfs,Tuzla,True,False
iett_403__bus,iett_403,403,İNÖNÜ CADDESİ,bus,iett_gtfs,Tuzla,True,False
iett_404__bus,iett_404,404,EMİROĞLU CADDESİ,bus,iett_gtfs,Tuzla,True,False
iett_406__bus,iett_406,406,NARİN SOKAK,bus,iett_gtfs,Tuzla,True,False
iett_408__bus,iett_408,408,GÜMÜŞPINAR CAMİİ,bus,iett_gtfs,Tuzla,True,False
iett_510480__bus,iett_510480,510480,MALTEPE CEZAEVİ,bus,iett_gtfs,Maltepe,True,False
iett_410__bus,iett_410,410,MUHTARLIK,bus,iett_gtfs,Tuzla,True,False
iett_412__bus,iett_412,412,MİMAR SİNAN,bus,iett_gtfs,Tuzla,True,False
iett_1733__bus,iett_1733,1733,DR. LÜTFİ KIRDAR ŞEHİR HASTANESİ ACİL,bus,iett_gtfs,Kartal,True,False
iett_1734__bus,iett_1734,1734,DR. LÜTFİ KIRDAR ŞEHİR HASTANESİ ACİL,bus,iett_gtfs,Kartal,True,False
iett_1735__bus,iett_1735,1735,DENİZER CADDESİ,bus,iett_gtfs,Kartal,True,False
iett_1737__bus,iett_1737,1737,CEVİZLİ MUHTARLIĞI,bus,iett_gtfs,Kartal,True,False
iett_1738__bus,iett_1738,1738,CEVİZLİ MUHTARLIĞI,bus,iett_gtfs,Kartal,True,False
iett_510482__bus,iett_510482,510482,YILDIZ BAKKAL,bus,iett_gtfs,Maltepe,True,False
iett_510485__bus,iett_510485,510485,MEHMET AKİF,bus,iett_gtfs,Maltepe,True,False
iett_414__bus,iett_414,414,KAFKALE SPOR TESİSLERİ,bus,iett_gtfs,Tuzla,True,False
iett_415__bus,iett_415,415,İSKİ TESİSLERİ,bus,iett_gtfs,Tuzla,True,False
iett_416__bus,iett_416,416,İSKİ TESİSLERİ,bus,iett_gtfs,Tuzla,True,False
iett_417__bus,iett_417,417,RAUF ORBAY CADDESİ,bus,iett_gtfs,Tuzla,True,False
iett_419__bus,iett_419,419,ÖTÜKEN EVLERİ,bus,iett_gtfs,Tuzla,True,False
iett_510486__bus,iett_510486,510486,SEFA YOKUŞU,bus,iett_gtfs,Maltepe,True,False
iett_510487__bus,iett_510487,510487,TÜLİN CADDESİ ,bus,iett_gtfs,Maltepe,True,False
iett_510488__bus,iett_510488,510488,ZÜMRÜTEVLER MAHALLE MUHTARLIĞI,bus,iett_gtfs,Maltepe,True,False
iett_510490__bus,iett_510490,510490,BENT,bus,iett_gtfs,Maltepe,True,False
iett_510492__bus,iett_510492,510492,SÜREYYAPAŞA HASTANESİ,bus,iett_gtfs,Maltepe,True,False
iett_510493__bus,iett_510493,510493,SÜREYYAPAŞA HASTANESİ,bus,iett_gtfs,Maltepe,True,False
iett_1243__bus,iett_1243,1243,DEDEPAŞA CADDESİ,bus,iett_gtfs,Pendik,True,False
iett_1244__bus,iett_1244,1244,DEDEPAŞA CADDESİ,bus,iett_gtfs,Pendik,True,False
iett_1245__bus,iett_1245,1245,GARANTİ SİTESİ,bus,iett_gtfs,Pendik,True,False
iett_1246__bus,iett_1246,1246,GARANTİ SİTESİ,bus,iett_gtfs,Pendik,True,False
iett_1247__bus,iett_1247,1247,İLAÇ FABRİKASI,bus,iett_gtfs,Pendik,True,False
iett_1248__bus,iett_1248,1248,İLAÇ FABRİKASI,bus,iett_gtfs,Pendik,True,False
iett_1249__bus,iett_1249,1249,BİRKENT SİTESİ,bus,iett_gtfs,Pendik,True,False
iett_1250__bus,iett_1250,1250,BİRKENT SİTESİ,bus,iett_gtfs,Pendik,True,False
iett_1251__bus,iett_1251,1251,ÇAM EVLERİ,bus,iett_gtfs,Pendik,True,False
iett_1252__bus,iett_1252,1252,ÇAM EVLERİ,bus,iett_gtfs,Pendik,True,False
iett_1253__bus,iett_1253,1253,EROL TÜRKER İLKOKULU,bus,iett_gtfs,Pendik,True,False
iett_1254__bus,iett_1254,1254,EROL TÜRKER İLKOKULU,bus,iett_gtfs,Pendik,True,False
iett_1255__bus,iett_1255,1255,IŞILPARK SİTESİ,bus,iett_gtfs,Pendik,True,False
iett_1256__bus,iett_1256,1256,IŞILPARK SİTESİ,bus,iett_gtfs,Pendik,True,False
iett_1257__bus,iett_1257,1257,FENERBAHÇELİLER SİTESİ,bus,iett_gtfs,Pendik,True,False
iett_1258__bus,iett_1258,1258,FENERBAHÇELİLER SİTESİ,bus,iett_gtfs,Pendik,True,False
iett_578796__bus,iett_578796,578796,ÜSKÜDAR CADDESİ,bus,iett_gtfs,Ataşehir,True,False
iett_578797__bus,iett_578797,578797,ÜSKÜDAR CADDESİ,bus,iett_gtfs,Ataşehir,True,False
iett_1259__bus,iett_1259,1259,İSMEK,bus,iett_gtfs,Pendik,True,False
iett_578798__bus,iett_578798,578798,ÜLKER SPOR VE ETKİNLİK SALONU,bus,iett_gtfs,Ataşehir,True,False
iett_578799__bus,iett_578799,578799,ÜLKER SPOR VE ETKİNLİK SALONU,bus,iett_gtfs,Ataşehir,True,False
iett_578800__bus,iett_578800,578800,ATAŞEHİR EMNİYET,bus,iett_gtfs,Ataşehir,True,False
iett_578803__bus,iett_578803,578803,IHLAMUR BULVARI,bus,iett_gtfs,Ataşehir,True,False
iett_1261__bus,iett_1261,1261,TEVFİK İLERİ İLKOKULU,bus,iett_gtfs,Pendik,True,False
iett_1262__bus,iett_1262,1262,TEVFİK İLERİ İLKOKULU,bus,iett_gtfs,Pendik,True,False
iett_578804__bus,iett_578804,578804,ARDIÇ SOKAK,bus,iett_gtfs,Ataşehir,True,False
iett_578805__bus,iett_578805,578805,ARDIÇ SOKAK,bus,iett_gtfs,Ataşehir,True,False
iett_578806__bus,iett_578806,578806,MENEKŞE SOKAK,bus,iett_gtfs,Ataşehir,True,False
iett_578807__bus,iett_578807,578807,MENEKŞE SOKAK,bus,iett_gtfs,Ataşehir,True,False
iett_1263__bus,iett_1263,1263,DENİZPARK SİTESİ,bus,iett_gtfs,Pendik,True,False
iett_1264__bus,iett_1264,1264,DENİZPARK SİTESİ,bus,iett_gtfs,Pendik,True,False
iett_421__bus,iett_421,421,ANKARA CADDESİ,bus,iett_gtfs,Tuzla,True,False
iett_422__bus,iett_422,422,ANKARA CADDESİ,bus,iett_gtfs,Tuzla,True,False
iett_423__bus,iett_423,423,ORHANLI İTFAİYESİ,bus,iett_gtfs,Tuzla,True,False
iett_424__bus,iett_424,424,ORHANLI İTFAİYESİ,bus,iett_gtfs,Tuzla,True,False
iett_425__bus,iett_425,425,ORHANGAZİ CADDESİ,bus,iett_gtfs,Tuzla,True,False
iett_426__bus,iett_426,426,ORHANGAZİ CADDESİ,bus,iett_gtfs,Tuzla,True,False
iett_578808__bus,iett_578808,578808,MİMAR  SİNAN CAMİİ,bus,iett_gtfs,Ataşehir,True,False
iett_578809__bus,iett_578809,578809,MİMAR SİNAN CAMİİ,bus,iett_gtfs,Ataşehir,True,False
iett_1765__bus,iett_1765,1765,ÇARŞI,bus,iett_gtfs,Kartal,True,False
iett_427__bus,iett_427,427,ANTENTEPE,bus,iett_gtfs,Tuzla,True,False
iett_428__bus,iett_428,428,ANTENTEPE,bus,iett_gtfs,Tuzla,True,False
iett_429__bus,iett_429,429,KİRAZTEPE,bus,iett_gtfs,Tuzla,True,False
iett_430__bus,iett_430,430,KİRAZTEPE,bus,iett_gtfs,Tuzla,True,False
iett_431__bus,iett_431,431,TEPEVİRAN,bus,iett_gtfs,Tuzla,True,False
iett_432__bus,iett_432,432,TEPEVİRAN,bus,iett_gtfs,Tuzla,True,False
iett_1265__bus,iett_1265,1265,ŞEHİT OZAN ÖZEN,bus,iett_gtfs,Pendik,True,False
iett_1267__bus,iett_1267,1267,MARİFET SOKAK,bus,iett_gtfs,Kartal,True,False
iett_433__bus,iett_433,433,YUNUS EMRE,bus,iett_gtfs,Tuzla,True,False
iett_435__bus,iett_435,435,MEDENİYET BULVARI,bus,iett_gtfs,Tuzla,True,False
iett_436__bus,iett_436,436,MEDENİYET BULVARI,bus,iett_gtfs,Tuzla,True,False
iett_437__bus,iett_437,437,KIRKLAR VADİSİ,bus,iett_gtfs,Tuzla,True,False
iett_439__bus,iett_439,439,KORU EVLERİ,bus,iett_gtfs,Tuzla,True,False
iett_441__bus,iett_441,441,GÖÇBEYLİ SAPAĞI,bus,iett_gtfs,Tuzla,True,False
iett_442__bus,iett_442,442,GÖÇBEYLİ SAPAĞI,bus,iett_gtfs,Tuzla,True,False
iett_443__bus,iett_443,443,İSTANBUL PARK,bus,iett_gtfs,Tuzla,True,False
iett_444__bus,iett_444,444,İSTANBUL PARK,bus,iett_gtfs,Tuzla,True,False
iett_445__bus,iett_445,445,JANDARMA KARAKOLU,bus,iett_gtfs,Tuzla,True,False
iett_446__bus,iett_446,446,JANDARMA KARAKOLU,bus,iett_gtfs,Tuzla,True,False
iett_447__bus,iett_447,447,GÖÇBEYLİ,bus,iett_gtfs,Pendik,True,False
iett_449__bus,iett_449,449,ATATÜRK CADDESİ,bus,iett_gtfs,Pendik,True,False
iett_452__bus,iett_452,452,ANADOLU YAKASI ORGANİZE SANAYİ BÖLGESİ,bus,iett_gtfs,Tuzla,True,False
iett_454__bus,iett_454,454,KİMYACILAR SANAYİ SİTESİ,bus,iett_gtfs,Tuzla,True,False
iett_455__bus,iett_455,455,BİRLİK ORGANİZE SANAYİ,bus,iett_gtfs,Tuzla,True,False
iett_456__bus,iett_456,456,BİRLİK ORGANİZE SANAYİ,bus,iett_gtfs,Tuzla,True,False
iett_457__bus,iett_457,457,6.SOKAK,bus,iett_gtfs,Tuzla,True,False
iett_170__bus,iett_170,170,PTT MERKEZİ,bus,iett_gtfs,Tuzla,True,False
iett_172__bus,iett_172,172,SAĞLIK MERKEZİ,bus,iett_gtfs,Tuzla,True,False
iett_173__bus,iett_173,173,SAĞLIK MERKEZİ,bus,iett_gtfs,Tuzla,True,False
iett_174__bus,iett_174,174,HUDUT KAPISI,bus,iett_gtfs,Tuzla,True,False
iett_176__bus,iett_176,176,7.CADDE,bus,iett_gtfs,Tuzla,True,False
iett_177__bus,iett_177,177,7.CADDE,bus,iett_gtfs,Tuzla,True,False
iett_178__bus,iett_178,178,2.CADDE,bus,iett_gtfs,Tuzla,True,False
iett_179__bus,iett_179,179,2.CADDE,bus,iett_gtfs,Tuzla,True,False
iett_180__bus,iett_180,180,AKFIRAT EVLERİ,bus,iett_gtfs,Tuzla,True,False
iett_181__bus,iett_181,181,BEYAZEVLER,bus,iett_gtfs,Tuzla,True,False
iett_1268__bus,iett_1268,1268,BEYAZEVLER,bus,iett_gtfs,Pendik,True,False
iett_182__bus,iett_182,182,İSTANBUL BULVARI,bus,iett_gtfs,Tuzla,True,False
iett_1269__bus,iett_1269,1269,İSTANBUL BULVARI,bus,iett_gtfs,Tuzla,True,False
iett_183__bus,iett_183,183,ARKEON EVLERİ,bus,iett_gtfs,Tuzla,True,False
iett_1270__bus,iett_1270,1270,ARKEON EVLERİ,bus,iett_gtfs,Tuzla,True,False
iett_1271__bus,iett_1271,1271,TEVFİK İLERİ CADDESİ,bus,iett_gtfs,Pendik,True,False
iett_1273__bus,iett_1273,1273,MESLEK LİSESİ,bus,iett_gtfs,Pendik,True,False
iett_1274__bus,iett_1274,1274,MESLEK LİSESİ,bus,iett_gtfs,Pendik,True,False
iett_1766__bus,iett_1766,1766,KARTAL HÜKÜMET KONAĞI,bus,iett_gtfs,Kartal,True,False
iett_1767__bus,iett_1767,1767,KARTAL HÜKÜMET KONAĞI,bus,iett_gtfs,Kartal,True,False
iett_1275__bus,iett_1275,1275,KAYNARCA CADDESİ,bus,iett_gtfs,Pendik,True,False
iett_1768__bus,iett_1768,1768,İSTANBUL BÖLGE ADLİYE MAHKEMESİ,bus,iett_gtfs,Kartal,True,False
iett_510504__bus,iett_510504,510504,MALTEPE BAĞDAT CADDESİ,bus,iett_gtfs,Maltepe,True,False
iett_510506__bus,iett_510506,510506,ÇAMLIK,bus,iett_gtfs,Maltepe,True,False
iett_1277__bus,iett_1277,1277,FATİH CADDESİ,bus,iett_gtfs,Pendik,True,False
iett_1278__bus,iett_1278,1278,FATİH CADDESİ,bus,iett_gtfs,Pendik,True,False
iett_1279__bus,iett_1279,1279,SAFA CADDESİ,bus,iett_gtfs,Pendik,True,False
iett_5250684__bus,iett_5250684,5250684,SAFA CADDESİ,bus,iett_gtfs,Pendik,True,False
iett_1772__bus,iett_1772,1772,YAPI MARKET,bus,iett_gtfs,Kartal,True,False
iett_1773__bus,iett_1773,1773,YAPI MARKET,bus,iett_gtfs,Kartal,True,False
iett_797327__bus,iett_797327,797327,BEZMİALEM DRAGOS HASTANESİ,bus,iett_gtfs,Maltepe,True,False
iett_797352__bus,iett_797352,797352,BEZMİALEM DRAGOS HASTANESİ,bus,iett_gtfs,Maltepe,True,False
iett_1774__bus,iett_1774,1774,HÜKÜMET CADDESİ,bus,iett_gtfs,Kartal,True,False
iett_1775__bus,iett_1775,1775,HÜKÜMET CADDESİ,bus,iett_gtfs,Kartal,True,False
iett_510508__bus,iett_510508,510508,ÇİLEK SOKAK,bus,iett_gtfs,Maltepe,True,False
iett_184__bus,iett_184,184,GÜL SOKAK,bus,iett_gtfs,Tuzla,True,False
iett_186__bus,iett_186,186,ÇAYIREKEN,bus,iett_gtfs,Tuzla,True,False
iett_188__bus,iett_188,188,EKİN SOKAK,bus,iett_gtfs,Tuzla,True,False
iett_190__bus,iett_190,190,SELİM SOKAK,bus,iett_gtfs,Tuzla,True,False
iett_192__bus,iett_192,192,SUMRU SOKAK,bus,iett_gtfs,Tuzla,True,False
iett_193__bus,iett_193,193,SUMRU SOKAK,bus,iett_gtfs,Tuzla,True,False
iett_194__bus,iett_194,194,İPEK SOKAK,bus,iett_gtfs,Tuzla,True,False
iett_196__bus,iett_196,196,MEZARLIK,bus,iett_gtfs,Tuzla,True,False
iett_198__bus,iett_198,198,HAKAN SOKAK,bus,iett_gtfs,Tuzla,True,False
iett_200__bus,iett_200,200,SAĞLIK OCAĞI,bus,iett_gtfs,Tuzla,True,False
iett_202__bus,iett_202,202,NAKLİYECİLER SİTESİ,bus,iett_gtfs,Tuzla,True,False
iett_203__bus,iett_203,203,NAKLİYECİLER SİTESİ,bus,iett_gtfs,Tuzla,True,False
iett_204__bus,iett_204,204,CEM SULTAN CADDESİ,bus,iett_gtfs,Tuzla,True,False
iett_205__bus,iett_205,205,CEM SULTAN CADDESİ,bus,iett_gtfs,Tuzla,True,False
iett_206__bus,iett_206,206,NECİP FAZIL KISAKÜREK CAMİİ,bus,iett_gtfs,Tuzla,True,False
iett_207__bus,iett_207,207,NECİP FAZIL KISAKÜREK CAMİİ,bus,iett_gtfs,Tuzla,True,False
iett_510931__bus,iett_510931,510931,İSTANBUL MEDENİYET ÜNİVERSİTESİ,bus,iett_gtfs,Üsküdar,True,False
iett_510931__metrobus,iett_510931,510931,İSTANBUL MEDENİYET ÜNİVERSİTESİ,metrobus,iett_gtfs,Üsküdar,True,True
iett_510932__bus,iett_510932,510932,İSTANBUL MEDENİYET ÜNİVERSİTESİ,bus,iett_gtfs,Kadıköy,True,False
iett_293398__bus,iett_293398,293398,YENİ MAHALLE CADDESİ,bus,iett_gtfs,Beykoz,True,False
iett_290874__bus,iett_290874,290874,DOĞAN SOKAK,bus,iett_gtfs,Sultanbeyli,True,False
iett_290875__bus,iett_290875,290875,DOĞAN SOKAK,bus,iett_gtfs,Sultanbeyli,True,False
iett_290876__bus,iett_290876,290876,İSTASYON SOKAK,bus,iett_gtfs,Sultanbeyli,True,False
iett_290877__bus,iett_290877,290877,İSTASYON SOKAK,bus,iett_gtfs,Sultanbeyli,True,False
iett_290878__bus,iett_290878,290878,POLONEZ CADDESİ,bus,iett_gtfs,Sultanbeyli,True,False
iett_290879__bus,iett_290879,290879,POLONEZ CADDESİ,bus,iett_gtfs,Sultanbeyli,True,False
iett_290260__bus,iett_290260,290260,REŞADİYE MUHTARLIĞI,bus,iett_gtfs,Çekmeköy,True,False
iett_509399__bus,iett_509399,509399,OTLUKBELİ CADDESİ,bus,iett_gtfs,Sancaktepe,True,False
iett_509400__bus,iett_509400,509400,OTLUKBELİ CADDESİ,bus,iett_gtfs,Sancaktepe,True,False
iett_509400__metrobus,iett_509400,509400,OTLUKBELİ CADDESİ,metrobus,iett_gtfs,Sancaktepe,True,True
iett_509401__bus,iett_509401,509401,ŞEREF SOKAK,bus,iett_gtfs,Sancaktepe,True,False
iett_509406__bus,iett_509406,509406,ŞEREF SOKAK,bus,iett_gtfs,Sancaktepe,True,False
iett_290262__bus,iett_290262,290262,ÇEKMEKÖY BELEDİYE SAPAĞI,bus,iett_gtfs,Çekmeköy,True,False
iett_290262__metrobus,iett_290262,290262,ÇEKMEKÖY BELEDİYE SAPAĞI,metrobus,iett_gtfs,Çekmeköy,True,True
iett_290882__bus,iett_290882,290882,LALEZAR SOKAK,bus,iett_gtfs,Sultanbeyli,True,False
iett_509404__bus,iett_509404,509404,HALİFE CADDESİ,bus,iett_gtfs,Sancaktepe,True,False
iett_290264__bus,iett_290264,290264,KASABA EVLERİ,bus,iett_gtfs,Çekmeköy,True,False
iett_1281__bus,iett_1281,1281,HIZIR REİS CADDESİ,bus,iett_gtfs,Pendik,True,False
iett_1282__bus,iett_1282,1282,HIZIR REİS CADDESİ,bus,iett_gtfs,Pendik,True,False
iett_1284__bus,iett_1284,1284,KANARYA CADDESİ,bus,iett_gtfs,Pendik,True,False
iett_1285__bus,iett_1285,1285,ORHANLI CADDESİ,bus,iett_gtfs,Pendik,True,False
iett_1777__bus,iett_1777,1777,ATALAR SAHİL,bus,iett_gtfs,Kartal,True,False
iett_1778__bus,iett_1778,1778,ATALAR SAHİL,bus,iett_gtfs,Kartal,True,False
iett_1286__bus,iett_1286,1286,SULTANBEYLİ PERONLAR,bus,iett_gtfs,Sultanbeyli,True,False
iett_1287__bus,iett_1287,1287,SULTANBEYLİ PERONLAR,bus,iett_gtfs,Pendik,True,False
iett_1288__bus,iett_1288,1288,SULTANBEYLİ PERONLAR,bus,iett_gtfs,Pendik,True,False
iett_510933__bus,iett_510933,510933,KONAK SOKAK,bus,iett_gtfs,Kadıköy,True,False
iett_5252804__bus,iett_5252804,5252804,NÖROLOJİK BİLİMLER,bus,iett_gtfs,Maltepe,True,False
iett_510514__bus,iett_510514,510514,TIP FAKÜLTESİ ,bus,iett_gtfs,Maltepe,True,False
iett_510515__bus,iett_510515,510515,TIP FAKÜLTESİ ,bus,iett_gtfs,Maltepe,True,False
iett_510516__bus,iett_510516,510516,SAĞLIK BİLİMLERİ KAMPÜSÜ,bus,iett_gtfs,Maltepe,True,False
iett_1289__bus,iett_1289,1289,BAHAR SOKAK,bus,iett_gtfs,Pendik,True,False
iett_1291__bus,iett_1291,1291,REYHAN CADDESİ,bus,iett_gtfs,Pendik,True,False
iett_1293__bus,iett_1293,1293,KAVİ SİTESİ,bus,iett_gtfs,Pendik,True,False
iett_293400__bus,iett_293400,293400,AYDINLAR CADDESİ,bus,iett_gtfs,Beykoz,True,False
iett_215__bus,iett_215,215,ŞEHRİYAZ KONUTLARI,bus,iett_gtfs,Tuzla,True,False
iett_217__bus,iett_217,217,CEMİL MERİÇ İLKOKULU,bus,iett_gtfs,Tuzla,True,False
iett_218__bus,iett_218,218,CEMİL MERİÇ İLKOKULU,bus,iett_gtfs,Tuzla,True,False
iett_1295__bus,iett_1295,1295,NAZMİ DURBAKAYIM CAMİİ,bus,iett_gtfs,Tuzla,True,False
iett_1296__bus,iett_1296,1296,NAZMİ DURBAKAYIM CAMİİ,bus,iett_gtfs,Tuzla,True,False
iett_1299__bus,iett_1299,1299,EVORA İSTANBUL,bus,iett_gtfs,Tuzla,True,False
iett_1301__bus,iett_1301,1301,EVORA A PARSEL GİRİŞ,bus,iett_gtfs,Tuzla,True,False
iett_1302__bus,iett_1302,1302,EVORA A PARSEL GİRİŞ,bus,iett_gtfs,Tuzla,True,False
iett_1303__bus,iett_1303,1303,IŞIKLI SOKAK,bus,iett_gtfs,Pendik,True,False
iett_1305__bus,iett_1305,1305,ESER SOKAK,bus,iett_gtfs,Pendik,True,False
iett_1306__bus,iett_1306,1306,ESER SOKAK,bus,iett_gtfs,Pendik,True,False
iett_509407__bus,iett_509407,509407,BÜYÜKBAKKALKÖY CADDESİ,bus,iett_gtfs,Sancaktepe,True,False
iett_5250622__bus,iett_5250622,5250622,BÜYÜKBAKKALKÖY CADDESİ,bus,iett_gtfs,Maltepe,True,False
iett_1307__bus,iett_1307,1307,DÖRTYOL,bus,iett_gtfs,Pendik,True,False
iett_1308__bus,iett_1308,1308,DÖRTYOL,bus,iett_gtfs,Pendik,True,False
iett_290884__bus,iett_290884,290884,KILIÇASLAN CADDESİ,bus,iett_gtfs,Sultanbeyli,True,False
iett_1310__bus,iett_1310,1310,LOKMAN HEKİM CAMİİ,bus,iett_gtfs,Pendik,True,False
iett_1311__bus,iett_1311,1311,KURTKÖY MEZARLIĞI,bus,iett_gtfs,Pendik,True,False
iett_1312__bus,iett_1312,1312,KURTKÖY MEZARLIĞI,bus,iett_gtfs,Pendik,True,False
iett_509408__bus,iett_509408,509408,KAFİYE SOKAK,bus,iett_gtfs,Sancaktepe,True,False
iett_578812__bus,iett_578812,578812,ESATPAŞA ANADOLU İMAM HATİP LİSESİ,bus,iett_gtfs,Ataşehir,True,False
iett_578813__bus,iett_578813,578813,ESATPAŞA ANADOLU İMAM HATİP LİSESİ,bus,iett_gtfs,Ataşehir,True,False
iett_290266__bus,iett_290266,290266,KİRAZLI,bus,iett_gtfs,Çekmeköy,True,False
iett_290268__bus,iett_290268,290268,CUMHURİYET KÖYÜ YOLU,bus,iett_gtfs,Çekmeköy,True,False
iett_1313__bus,iett_1313,1313,GÖZDAĞI SOSYAL TESİS,bus,iett_gtfs,Pendik,True,False
iett_1315__bus,iett_1315,1315,FATİH SULTAN MEHMET,bus,iett_gtfs,Pendik,True,False
iett_1317__bus,iett_1317,1317,ATATÜRK CADDESİ,bus,iett_gtfs,Pendik,True,False
iett_1319__bus,iett_1319,1319,MAREŞAL FEVZİ ÇAKMAK,bus,iett_gtfs,Pendik,True,False
iett_1321__bus,iett_1321,1321,KINALI SOKAK,bus,iett_gtfs,Pendik,True,False
iett_1323__bus,iett_1323,1323,TRABZON CADDESİ,bus,iett_gtfs,Pendik,True,False
iett_1325__bus,iett_1325,1325,FARABİ CADDESİ,bus,iett_gtfs,Pendik,True,False
iett_1327__bus,iett_1327,1327,ORHUN CADDESİ,bus,iett_gtfs,Pendik,True,False
iett_1329__bus,iett_1329,1329,AHMET KUTSİ TECER İLKOKULU,bus,iett_gtfs,Pendik,True,False
iett_293402__bus,iett_293402,293402,ŞEHİT LEVENT BİRBEN CADDESİ,bus,iett_gtfs,Beykoz,True,False
iett_509409__bus,iett_509409,509409,SAMANDIRA MERKEZ METRO,bus,iett_gtfs,Sancaktepe,True,False
iett_492__bus,iett_492,492,ÇAĞDAŞKENT SAĞLIK OCAĞI,bus,iett_gtfs,Tuzla,True,False
iett_601__bus,iett_601,601,YAPI KREDİ BANKASI MESLEKİ VE TEKNİK ANADOLU LİSESİ,bus,iett_gtfs,Tuzla,True,False
iett_496__bus,iett_496,496,ÇAYIROVA İTFAİYE,bus,iett_gtfs,Tuzla,True,False
iett_498__bus,iett_498,498,MENEKŞE SOKAK,bus,iett_gtfs,Tuzla,True,False
iett_500__bus,iett_500,500,SARMAŞIK SOKAK,bus,iett_gtfs,Tuzla,True,False
iett_502__bus,iett_502,502,KARTOPU SOKAK,bus,iett_gtfs,Tuzla,True,False
iett_503__bus,iett_503,503,KARTOPU SOKAK,bus,iett_gtfs,Tuzla,True,False
iett_508__bus,iett_508,508,ŞEKERPINAR ÖZGÜRLÜK CADDESİ,bus,iett_gtfs,Tuzla,True,False
iett_509__bus,iett_509,509,ŞEKERPINAR ÖZGÜRLÜK CADDESİ,bus,iett_gtfs,Tuzla,True,False
iett_510944__bus,iett_510944,510944,GÖZTEPE KÖPRÜSÜ,bus,iett_gtfs,Üsküdar,True,False
iett_510945__bus,iett_510945,510945,GÖZTEPE KÖPRÜSÜ,bus,iett_gtfs,Ataşehir,True,False
iett_293403__bus,iett_293403,293403,HARMANTEPE,bus,iett_gtfs,Beykoz,True,False
iett_510770__bus,iett_510770,510770,MUSTAFA MAZHAR BEY SOKAK,bus,iett_gtfs,Kadıköy,True,False
iett_510771__bus,iett_510771,510771,MUSTAFA MAZHAR BEY SOKAK,bus,iett_gtfs,Kadıköy,True,False
iett_509411__bus,iett_509411,509411,AYDOĞDU CADDESİ,bus,iett_gtfs,Sancaktepe,True,False
iett_681735__bus,iett_681735,681735,İHSANİYE İSKELE SOKAK,bus,iett_gtfs,Üsküdar,True,False
iett_873841__bus,iett_873841,873841,İHSANİYE İSKELE SOKAK,bus,iett_gtfs,Üsküdar,True,False
iett_580617__bus,iett_580617,580617,ÜMRANİYE SON DURAK,bus,iett_gtfs,Ümraniye,True,False
iett_512__bus,iett_512,512,YAPI KREDİ BANKASI MESLEKİ VE TEKNİK ANADOLU LİSESİ,bus,iett_gtfs,Tuzla,True,False
iett_514__bus,iett_514,514,ÇAYIROVA STADYUMU,bus,iett_gtfs,Tuzla,True,False
iett_515__bus,iett_515,515,ÇAYIROVA STADYUMU,bus,iett_gtfs,Tuzla,True,False
iett_516__bus,iett_516,516,ÇAYIROVA İTFAİYE,bus,iett_gtfs,Tuzla,True,False
iett_518__bus,iett_518,518,MENEKŞE SOKAK,bus,iett_gtfs,Tuzla,True,False
iett_519__bus,iett_519,519,SARMAŞIK SOKAK,bus,iett_gtfs,Tuzla,True,False
iett_580618__bus,iett_580618,580618,ÜMRANİYE,bus,iett_gtfs,Ümraniye,True,False
iett_580619__bus,iett_580619,580619,ÜMRANİYE,bus,iett_gtfs,Ümraniye,True,False
iett_5250526__bus,iett_5250526,5250526,ÜMRANİYE,bus,iett_gtfs,Ümraniye,True,False
iett_1331__bus,iett_1331,1331,SAFAŞ,bus,iett_gtfs,Pendik,True,False
iett_5249833__bus,iett_5249833,5249833,SAFAŞ,bus,iett_gtfs,Kartal,True,False
iett_5249833__metrobus,iett_5249833,5249833,SAFAŞ,metrobus,iett_gtfs,Kartal,True,True
iett_798668__bus,iett_798668,798668,ŞEHİT MURAT AKDEMİR,bus,iett_gtfs,Beykoz,True,False
iett_681741__bus,iett_681741,681741,HAKKI DEMİR ANADOLU İMAM HATİP LİSESİ,bus,iett_gtfs,Üsküdar,True,False
iett_293408__bus,iett_293408,293408,B KAPISI,bus,iett_gtfs,Beykoz,True,False
iett_1332__bus,iett_1332,1332,YENİŞEHİR İTFAİYE,bus,iett_gtfs,Pendik,True,False
iett_293409__bus,iett_293409,293409,KAVACIK,bus,iett_gtfs,Beykoz,True,False
iett_5249859__bus,iett_5249859,5249859,KAVACIK,bus,iett_gtfs,Beykoz,True,False
iett_526__bus,iett_526,526,KUŞTEPE MESİRE ALANI,bus,iett_gtfs,Tuzla,True,False
iett_527__bus,iett_527,527,KUŞTEPE MESİRE ALANI,bus,iett_gtfs,Tuzla,True,False
iett_528__bus,iett_528,528,543.SOKAK,bus,iett_gtfs,Tuzla,True,False
iett_529__bus,iett_529,529,543.SOKAK,bus,iett_gtfs,Tuzla,True,False
iett_530__bus,iett_530,530,542.SOKAK,bus,iett_gtfs,Tuzla,True,False
iett_531__bus,iett_531,531,542.SOKAK,bus,iett_gtfs,Tuzla,True,False
iett_532__bus,iett_532,532,541.SOKAK,bus,iett_gtfs,Tuzla,True,False
iett_533__bus,iett_533,533,541.SOKAK,bus,iett_gtfs,Tuzla,True,False
iett_534__bus,iett_534,534,REZENE SOKAK,bus,iett_gtfs,Tuzla,True,False
iett_535__bus,iett_535,535,REZENE SOKAK,bus,iett_gtfs,Tuzla,True,False
iett_538__bus,iett_538,538,MUHSİN YAZICIOĞLU CADDESİ,bus,iett_gtfs,Tuzla,True,False
iett_539__bus,iett_539,539,MUHSİN YAZICIOĞLU CADDESİ,bus,iett_gtfs,Tuzla,True,False
iett_540__bus,iett_540,540,ÇAMLICA SOKAK,bus,iett_gtfs,Tuzla,True,False
iett_541__bus,iett_541,541,ÇAMLICA SOKAK,bus,iett_gtfs,Tuzla,True,False
iett_542__bus,iett_542,542,ŞEYH EDEBALİ PARKI,bus,iett_gtfs,Tuzla,True,False
iett_544__bus,iett_544,544,TOKİ AĞIZ VE DİŞ SAĞLIĞI MERKEZİ,bus,iett_gtfs,Tuzla,True,False
iett_545__bus,iett_545,545,TOKİ AĞIZ VE DİŞ SAĞLIĞI MERKEZİ,bus,iett_gtfs,Tuzla,True,False
iett_546__bus,iett_546,546,HASRET SOKAK,bus,iett_gtfs,Tuzla,True,False
iett_548__bus,iett_548,548,HİSAR SOKAK,bus,iett_gtfs,Tuzla,True,False
iett_550__bus,iett_550,550,HUZUR SOKAK,bus,iett_gtfs,Tuzla,True,False
iett_551__bus,iett_551,551,HUZUR SOKAK,bus,iett_gtfs,Tuzla,True,False
iett_552__bus,iett_552,552,ŞEHİT İSHAK ÖZTÜRK İLKOKULU,bus,iett_gtfs,Tuzla,True,False
iett_554__bus,iett_554,554,GÜMÜŞ SOKAK,bus,iett_gtfs,Tuzla,True,False
iett_556__bus,iett_556,556,GEÇİT SOKAK,bus,iett_gtfs,Tuzla,True,False
iett_558__bus,iett_558,558,TURGUT ÖZAL CADDESİ,bus,iett_gtfs,Tuzla,True,False
iett_560__bus,iett_560,560,İHLAS SOKAK,bus,iett_gtfs,Tuzla,True,False
iett_561__bus,iett_561,561,İHLAS SOKAK,bus,iett_gtfs,Tuzla,True,False
iett_562__bus,iett_562,562,ZEHRA SOKAK,bus,iett_gtfs,Tuzla,True,False
iett_224__bus,iett_224,224,YAVUZ SOKAK,bus,iett_gtfs,Tuzla,True,False
iett_225__bus,iett_225,225,YAVUZ SOKAK,bus,iett_gtfs,Tuzla,True,False
iett_226__bus,iett_226,226,ERHAN SOKAK,bus,iett_gtfs,Tuzla,True,False
iett_228__bus,iett_228,228,ADIVAR SOKAK,bus,iett_gtfs,Tuzla,True,False
iett_229__bus,iett_229,229,ADIVAR SOKAK,bus,iett_gtfs,Tuzla,True,False
iett_290269__bus,iett_290269,290269,YALÇIN SOKAK,bus,iett_gtfs,Sancaktepe,True,False
iett_290269__metrobus,iett_290269,290269,YALÇIN SOKAK,metrobus,iett_gtfs,Sancaktepe,True,True
iett_290270__bus,iett_290270,290270,BARIŞ YOLU CADDESİ,bus,iett_gtfs,Çekmeköy,True,False
iett_510518__bus,iett_510518,510518,İSTANBUL MESLEK HASTALIKLARI HASTANESİ,bus,iett_gtfs,Maltepe,True,False
iett_510519__bus,iett_510519,510519,İSTANBUL MESLEK HASTALIKLARI HASTANESİ,bus,iett_gtfs,Maltepe,True,False
iett_230__bus,iett_230,230,AYDINTEPE İSTASYON,bus,iett_gtfs,Tuzla,True,False
iett_230__metrobus,iett_230,230,AYDINTEPE İSTASYON,metrobus,iett_gtfs,Tuzla,True,True
iett_231__bus,iett_231,231,AYDINTEPE İSTASYON,bus,iett_gtfs,Tuzla,True,False
iett_290888__bus,iett_290888,290888,ÇANDIR SOKAK,bus,iett_gtfs,Sultanbeyli,True,False
iett_293410__bus,iett_293410,293410,BOZHANE YOLU,bus,iett_gtfs,Beykoz,True,False
iett_293411__bus,iett_293411,293411,BOZHANE YOLU,bus,iett_gtfs,Beykoz,True,False
iett_290271__bus,iett_290271,290271,147.SOKAK,bus,iett_gtfs,Çekmeköy,True,False
iett_290272__bus,iett_290272,290272,147.SOKAK,bus,iett_gtfs,Çekmeköy,True,False
iett_293412__bus,iett_293412,293412,KALYON SOKAK,bus,iett_gtfs,Beykoz,True,False
iett_658613__bus,iett_658613,658613,YAVUZ SULTAN SELİM KÖPRÜSÜ GİRİŞİ,bus,iett_gtfs,Sancaktepe,True,False
iett_290273__bus,iett_290273,290273,SELAHATTİN EYYUBİ CAMİİ,bus,iett_gtfs,Çekmeköy,True,False
iett_509415__bus,iett_509415,509415,NARİN SOKAK,bus,iett_gtfs,Sancaktepe,True,False
iett_290274__bus,iett_290274,290274,NİLÜFER SOKAK,bus,iett_gtfs,Çekmeköy,True,False
iett_293414__bus,iett_293414,293414,CUMHURİYET CADDESİ,bus,iett_gtfs,Beykoz,True,False
iett_293415__bus,iett_293415,293415,NAFİ KURAN KURSU,bus,iett_gtfs,Beykoz,True,False
iett_1337__bus,iett_1337,1337,YILDIRIM BEYAZIT CADDESİ,bus,iett_gtfs,Pendik,True,False
iett_580622__bus,iett_580622,580622,ŞANLI CADDESİ,bus,iett_gtfs,Ümraniye,True,False
iett_909457__bus,iett_909457,909457,ŞANLI CADDESİ,bus,iett_gtfs,Ümraniye,True,False
iett_797674__bus,iett_797674,797674,YALI 1 NOLU AİLE SAĞLIĞI MERKEZİ,bus,iett_gtfs,Kartal,True,False
iett_5251375__bus,iett_5251375,5251375,YALI 1 NOLU AİLE SAĞLIĞI MERKEZİ,bus,iett_gtfs,Kartal,True,False
iett_658638__bus,iett_658638,658638,SULTANBEYLİ DEVLET HASTANESİ ,bus,iett_gtfs,Sultanbeyli,True,False
iett_658663__bus,iett_658663,658663,SULTANBEYLİ DEVLET HASTANESİ ,bus,iett_gtfs,Sultanbeyli,True,False
iett_5250710__bus,iett_5250710,5250710,SULTANBEYLİ DEVLET HASTANESİ,bus,iett_gtfs,Sultanbeyli,True,False
iett_681744__bus,iett_681744,681744,ÜÇPINARLAR CADDESİ,bus,iett_gtfs,Üsküdar,True,False
iett_681745__bus,iett_681745,681745,ÜÇPINARLAR CADDESİ,bus,iett_gtfs,Üsküdar,True,False
iett_234__bus,iett_234,234,GAZİ BULVARI,bus,iett_gtfs,Tuzla,True,False
iett_293419__bus,iett_293419,293419,KAVAKLIK CADDESİ,bus,iett_gtfs,Beykoz,True,False
iett_293421__bus,iett_293421,293421,KESTANELİK CADDESİ,bus,iett_gtfs,Beykoz,True,False
iett_293423__bus,iett_293423,293423,KARADENİZ CADDESİ,bus,iett_gtfs,Beykoz,True,False
iett_1338__bus,iett_1338,1338,MELTEM SOKAK,bus,iett_gtfs,Pendik,True,False
iett_1339__bus,iett_1339,1339,MELTEM SOKAK,bus,iett_gtfs,Pendik,True,False
iett_293425__bus,iett_293425,293425,AZİZ DEMİRAY SOKAK,bus,iett_gtfs,Beykoz,True,False
iett_293426__bus,iett_293426,293426,AZİZ DEMİRAY SOKAK,bus,iett_gtfs,Beykoz,True,False
iett_293427__bus,iett_293427,293427,POLONEZ YOLU,bus,iett_gtfs,Beykoz,True,False
iett_580623__bus,iett_580623,580623,FİNANS MERKEZİ,bus,iett_gtfs,Ümraniye,True,False
iett_580624__bus,iett_580624,580624,FİNANS MERKEZİ,bus,iett_gtfs,Ümraniye,True,False
iett_5251842__bus,iett_5251842,5251842,FİNANS MERKEZİ,bus,iett_gtfs,Ümraniye,True,False
iett_1340__bus,iett_1340,1340,MEHMET ALİ TUNGA CAMİİ,bus,iett_gtfs,Pendik,True,False
iett_5251931__bus,iett_5251931,5251931,MEHMET ALİ TUNGA CAMİ,bus,iett_gtfs,Pendik,True,False
iett_5251931__metrobus,iett_5251931,5251931,MEHMET ALİ TUNGA CAMİ,metrobus,iett_gtfs,Pendik,True,True
iett_293429__bus,iett_293429,293429,18 NİSAN CADDESİ,bus,iett_gtfs,Beykoz,True,False
iett_293431__bus,iett_293431,293431,YENİ RİVA YOLU,bus,iett_gtfs,Beykoz,True,False
iett_5249516__bus,iett_5249516,5249516,YENİ RİVA YOLU,bus,iett_gtfs,Beykoz,True,False
iett_580625__bus,iett_580625,580625,KIRLANGIÇ SOKAK,bus,iett_gtfs,Ümraniye,True,False
iett_290608__bus,iett_290608,290608,AKÇAY SOKAK,bus,iett_gtfs,Sultanbeyli,True,False
iett_659490__bus,iett_659490,659490,MESCİD-İ AKSA CADDESİ ,bus,iett_gtfs,Sultanbeyli,True,False
iett_509420__bus,iett_509420,509420,PEHLİVAN SOKAK,bus,iett_gtfs,Sancaktepe,True,False
iett_1346__bus,iett_1346,1346,PAPATYA SİTESİ,bus,iett_gtfs,Pendik,True,False
iett_5249771__bus,iett_5249771,5249771,PAPATYA SİTESİ,bus,iett_gtfs,Pendik,True,False
iett_681751__bus,iett_681751,681751,KİRAZLITEPE SAPAĞI,bus,iett_gtfs,Üsküdar,True,False
iett_909455__bus,iett_909455,909455,KİRAZLITEPE SAPAĞI,bus,iett_gtfs,Üsküdar,True,False
iett_681752__bus,iett_681752,681752,SAĞLIK OCAĞI,bus,iett_gtfs,Üsküdar,True,False
iett_681753__bus,iett_681753,681753,SAĞLIK OCAĞI,bus,iett_gtfs,Üsküdar,True,False
iett_681754__bus,iett_681754,681754,FERAH CADDESİ,bus,iett_gtfs,Üsküdar,True,False
iett_681755__bus,iett_681755,681755,FERAH CADDESİ,bus,iett_gtfs,Üsküdar,True,False
iett_681755__metrobus,iett_681755,681755,FERAH CADDESİ,metrobus,iett_gtfs,Üsküdar,True,True
iett_509424__bus,iett_509424,509424,HIZIR REİS SOKAK,bus,iett_gtfs,Sancaktepe,True,False
iett_779780__bus,iett_779780,779780,SEYMENLER ÇIKMAZI,bus,iett_gtfs,Çekmeköy,True,False
iett_779786__bus,iett_779786,779786,PEHLİVAN SOKAK,bus,iett_gtfs,Çekmeköy,True,False
iett_779783__bus,iett_779783,779783,PEHLİVAN SOKAK,bus,iett_gtfs,Çekmeköy,True,False
iett_578820__bus,iett_578820,578820,MEVLANA MESLEKİ VE TEKNİK ANADOLU LİSESİ,bus,iett_gtfs,Ataşehir,True,False
iett_284869__bus,iett_284869,284869,İHTİSAS CADDESİ,bus,iett_gtfs,Şile,True,False
iett_5250830__bus,iett_5250830,5250830,İHTİSAS CADDESİ,bus,iett_gtfs,Şile,True,False
iett_1348__bus,iett_1348,1348,ŞEYHLİ,bus,iett_gtfs,Pendik,True,False
iett_293433__bus,iett_293433,293433,FENOMEN SOKAK,bus,iett_gtfs,Beykoz,True,False
iett_795978__bus,iett_795978,795978,KARACAKÖY İTFAİYE,bus,iett_gtfs,Şile,True,False
iett_284866__bus,iett_284866,284866,KARACAKÖY ZEYTİN BAYIRI,bus,iett_gtfs,Şile,True,False
iett_795969__bus,iett_795969,795969,KARACAKÖY ZEYTİN BAYIRI,bus,iett_gtfs,Şile,True,False
iett_510527__bus,iett_510527,510527,KÜÇÜKYALI METRO,bus,iett_gtfs,Maltepe,True,False
iett_510527__metrobus,iett_510527,510527,KÜÇÜKYALI METRO,metrobus,iett_gtfs,Maltepe,True,True
iett_510528__bus,iett_510528,510528,KÜÇÜKYALI METRO,bus,iett_gtfs,Maltepe,True,False
iett_659484__bus,iett_659484,659484,ASKERLİK ŞUBESİ,bus,iett_gtfs,Sultanbeyli,True,False
iett_659487__bus,iett_659487,659487,ASKERLİK ŞUBESİ,bus,iett_gtfs,Sultanbeyli,True,False
iett_580627__bus,iett_580627,580627,YAMANEVLER METRO,bus,iett_gtfs,Ümraniye,True,False
iett_681756__bus,iett_681756,681756,HAREM PERONLAR,bus,iett_gtfs,Üsküdar,True,False
iett_677987__bus,iett_677987,677987,ÇEKMEKÖY METRO,bus,iett_gtfs,Çekmeköy,True,False
iett_677987__metrobus,iett_677987,677987,ÇEKMEKÖY METRO,metrobus,iett_gtfs,Çekmeköy,True,True
iett_580628__bus,iett_580628,580628,ÇEKMEKÖY METRO,bus,iett_gtfs,Ümraniye,True,False
iett_5249927__bus,iett_5249927,5249927,ÇEKMEKÖY METRO,bus,iett_gtfs,Çekmeköy,True,False
iett_580629__bus,iett_580629,580629,ÜMRANİYE ÇARŞI METRO,bus,iett_gtfs,Ümraniye,True,False
iett_580630__bus,iett_580630,580630,ÜMRANİYE ÇARŞI METRO,bus,iett_gtfs,Ümraniye,True,False
iett_509119__bus,iett_509119,509119,RAVZA CADDESİ,bus,iett_gtfs,Sancaktepe,True,False
iett_798079__bus,iett_798079,798079,KASRI ARİFAN B GİRİŞİ,bus,iett_gtfs,Tuzla,True,False
iett_798082__bus,iett_798082,798082,KASRI ARİFAN B GİRİŞİ,bus,iett_gtfs,Tuzla,True,False
iett_461__bus,iett_461,461,TEPEPARK VİLLALARI,bus,iett_gtfs,Tuzla,True,False
iett_460__bus,iett_460,460,TEPEPARK VİLLALARI,bus,iett_gtfs,Tuzla,True,False
iett_681565__bus,iett_681565,681565,ÜMRANİYE METRO ,bus,iett_gtfs,Ümraniye,True,False
iett_799564__bus,iett_799564,799564,KARLITEPE MANZARA,bus,iett_gtfs,Beykoz,True,False
iett_799540__bus,iett_799540,799540,KARLITEPE MANZARA,bus,iett_gtfs,Beykoz,True,False
iett_5249716__bus,iett_5249716,5249716,AĞRI CADDESİ,bus,iett_gtfs,Sultanbeyli,True,False
iett_5249721__bus,iett_5249721,5249721,UZUNDERE,bus,iett_gtfs,Sultanbeyli,True,False
iett_909463__bus,iett_909463,909463,YANYOL CADDESİ,bus,iett_gtfs,Pendik,True,False
iett_909463__metrobus,iett_909463,909463,YANYOL CADDESİ,metrobus,iett_gtfs,Pendik,True,True
iett_5251528__bus,iett_5251528,5251528,YANYOL CADDESİ,bus,iett_gtfs,Pendik,True,False
iett_878766__bus,iett_878766,878766,HASANPAŞA CADDESİ,bus,iett_gtfs,Sultanbeyli,True,False
iett_909611__bus,iett_909611,909611,HASIRCI SOKAK,bus,iett_gtfs,Sultanbeyli,True,False
iett_909612__bus,iett_909612,909612,ŞEHİT MURAT NAİBOĞLU ANADOLU LİSESİ,bus,iett_gtfs,Sultanbeyli,True,False
iett_284863__bus,iett_284863,284863,TEKE MAHALLESİ,bus,iett_gtfs,Şile,True,False
iett_5252722__bus,iett_5252722,5252722,TEKE MAHALLESI,bus,iett_gtfs,Şile,True,False
iett_284864__bus,iett_284864,284864,SİTE YOLU,bus,iett_gtfs,Şile,True,False
iett_909454__bus,iett_909454,909454,KISIKLI MİLLİ İRADE MEYDANI,bus,iett_gtfs,Üsküdar,True,False
iett_5249661__bus,iett_5249661,5249661,TUBA SOKAK,bus,iett_gtfs,Pendik,True,False
iett_909469__bus,iett_909469,909469,TAHİR EKŞİOĞLU KARDEŞLER CAMİİ,bus,iett_gtfs,Pendik,True,False
iett_799067__bus,iett_799067,799067,PARILTI SOKAK,bus,iett_gtfs,Ümraniye,True,False
iett_580383__bus,iett_580383,580383,ATAY CADDESİ,bus,iett_gtfs,Ümraniye,True,False
iett_292580__bus,iett_292580,292580,ŞAHİNKAYA GARAJI,bus,iett_gtfs,Beykoz,True,False
iett_799092__bus,iett_799092,799092,İLİM SARAYI CAMİİ,bus,iett_gtfs,Ümraniye,True,False
iett_292577__bus,iett_292577,292577,SIRMAKEŞ ,bus,iett_gtfs,Beykoz,True,False
iett_292565__bus,iett_292565,292565,ŞEHİT MEHMET ALİ ŞENER CADDESİ,bus,iett_gtfs,Beykoz,True,False
iett_5250850__bus,iett_5250850,5250850,ŞEHİT MEHMET ALİ ŞENER CADDESİ,bus,iett_gtfs,Beykoz,True,False
iett_580028__bus,iett_580028,580028,ÜMRANİYE KAYMAKAMLIĞI,bus,iett_gtfs,Ümraniye,True,False
iett_580028__metrobus,iett_580028,580028,ÜMRANİYE KAYMAKAMLIĞI,metrobus,iett_gtfs,Ümraniye,True,True
iett_292569__bus,iett_292569,292569,KALKANLI CADDESİ GİRİŞİ,bus,iett_gtfs,Beykoz,True,False
iett_909478__bus,iett_909478,909478,KALKANLI CADDESİ GİRİŞİ,bus,iett_gtfs,Beykoz,True,False
iett_292567__bus,iett_292567,292567,TFF MERAL CEMAL ARAS SPOR LİSESİ,bus,iett_gtfs,Beykoz,True,False
iett_292585__bus,iett_292585,292585,KİREMİTDERE CADDESİ,bus,iett_gtfs,Beykoz,True,False
iett_5251384__bus,iett_5251384,5251384,KİREMİTDERE CADDESİ,bus,iett_gtfs,Beykoz,True,False
iett_292564__bus,iett_292564,292564,BAHÇEEVLİ SOKAK,bus,iett_gtfs,Beykoz,True,False
iett_292571__bus,iett_292571,292571,BOZHANE İTFAİYE İSTASYONU,bus,iett_gtfs,Beykoz,True,False
iett_578533__bus,iett_578533,578533,ERGUVAN CADDESİ,bus,iett_gtfs,Ataşehir,True,False
iett_797255__bus,iett_797255,797255,ERGUVAN CADDESİ,bus,iett_gtfs,Ataşehir,True,False
iett_1820__bus,iett_1820,1820,KARTOPU SOKAK,bus,iett_gtfs,Pendik,True,False
iett_909452__bus,iett_909452,909452,EVORA A PARSEL GİRİŞ 1,bus,iett_gtfs,Tuzla,True,False
iett_237__bus,iett_237,237,EVORA A PARSEL GİRİŞ 2,bus,iett_gtfs,Tuzla,True,False
iett_462__bus,iett_462,462,BALLICA CADDESİ,bus,iett_gtfs,Tuzla,True,False
iett_1818__bus,iett_1818,1818,ÇİFTLİK,bus,iett_gtfs,Pendik,True,False
iett_5250061__bus,iett_5250061,5250061,ÇİFTLİK,bus,iett_gtfs,Pendik,True,False
iett_909471__bus,iett_909471,909471,AKYILDIZ CADDESİ,bus,iett_gtfs,Sancaktepe,True,False
iett_909605__bus,iett_909605,909605,AYDINLIK CADDESİ,bus,iett_gtfs,Tuzla,True,False
iett_909601__bus,iett_909601,909601,AYDINLIK CADDESİ,bus,iett_gtfs,Tuzla,True,False
iett_909600__bus,iett_909600,909600,SARMAŞIK EVLERİ,bus,iett_gtfs,Pendik,True,False
iett_909598__bus,iett_909598,909598,İMAM BUHARİ CAMİİ,bus,iett_gtfs,Pendik,True,False
iett_909595__bus,iett_909595,909595,İMAM BUHARİ CAMİİ,bus,iett_gtfs,Pendik,True,False
iett_909461__bus,iett_909461,909461,KUĞU SOKAK,bus,iett_gtfs,Sancaktepe,True,False
iett_909460__bus,iett_909460,909460,KUĞU SOKAK,bus,iett_gtfs,Sancaktepe,True,False
iett_5249709__bus,iett_5249709,5249709,ENSAR CADDESİ GİRİŞİ,bus,iett_gtfs,Pendik,True,False
iett_909599__bus,iett_909599,909599,GÜL GONCASI SOKAK,bus,iett_gtfs,Pendik,True,False
iett_5249858__bus,iett_5249858,5249858,NAMAZ SOKAK,bus,iett_gtfs,Sultanbeyli,True,False
iett_5249707__bus,iett_5249707,5249707,NEDİM SİPAHİ CADDESİ,bus,iett_gtfs,Çekmeköy,True,False
iett_5249698__bus,iett_5249698,5249698,TURGUT ÖZAL CADDESİ,bus,iett_gtfs,Sancaktepe,True,False
iett_909458__bus,iett_909458,909458,TURGUT ÖZAL CADDESİ,bus,iett_gtfs,Sancaktepe,True,False
iett_292998__bus,iett_292998,292998,ÇUBUKLU MUHTARLIĞI,bus,iett_gtfs,Beykoz,True,False
iett_292999__bus,iett_292999,292999,ÇUBUKLU MUHTARLIĞI,bus,iett_gtfs,Beykoz,True,False
iett_909462__bus,iett_909462,909462,ŞEHİT ALAATTİN BULUÇ SOKAK,bus,iett_gtfs,Beykoz,True,False
iett_909608__bus,iett_909608,909608,ÇOLAKOĞLU SOKAK,bus,iett_gtfs,Sancaktepe,True,False
iett_5249694__bus,iett_5249694,5249694,ABDULHAMİT CADDESİ,bus,iett_gtfs,Sancaktepe,True,False
iett_580359__bus,iett_580359,580359,TEPEÜSTÜ KAVŞAĞI,bus,iett_gtfs,Ümraniye,True,False
iett_909613__bus,iett_909613,909613,BULGURLU METRO,bus,iett_gtfs,Üsküdar,True,False
iett_681387__bus,iett_681387,681387,BULGURLU METRO,bus,iett_gtfs,Üsküdar,True,False
iett_5249870__bus,iett_5249870,5249870,ÇİFTEÇINARLAR,bus,iett_gtfs,Beykoz,True,False
iett_631__bus,iett_631,631,AHMET YÜKSEL ÖZEMRE CADDESİ,bus,iett_gtfs,Pendik,True,False
iett_5249536__bus,iett_5249536,5249536,FEVZİ ÇAKMAK DEPREM PARKI,bus,iett_gtfs,Pendik,True,False
iett_5249506__bus,iett_5249506,5249506,ESENKAYA SOKAK,bus,iett_gtfs,Tuzla,True,False
iett_5249867__bus,iett_5249867,5249867,ESENKAYA SOKAK,bus,iett_gtfs,Tuzla,True,False
iett_5249565__bus,iett_5249565,5249565,SEVDA SOKAK,bus,iett_gtfs,Tuzla,True,False
iett_5249863__bus,iett_5249863,5249863,SEVDA SOKAK,bus,iett_gtfs,Tuzla,True,False
iett_5249507__bus,iett_5249507,5249507,SOĞANLIK GÜMÜŞPINAR CAMİ,bus,iett_gtfs,Kartal,True,False
iett_5249509__bus,iett_5249509,5249509,SOĞANLIK MERKEZ,bus,iett_gtfs,Kartal,True,False
iett_5249746__bus,iett_5249746,5249746,HASAN FERRUH ÖZGEN ANADOLU LİSESİ,bus,iett_gtfs,Kartal,True,False
iett_5249548__bus,iett_5249548,5249548,ÇANAKKALE ŞEHİTLERİ CAMİİ,bus,iett_gtfs,Pendik,True,False
iett_5249718__bus,iett_5249718,5249718,SELÇUK CADDESİ,bus,iett_gtfs,Sultanbeyli,True,False
iett_5249517__bus,iett_5249517,5249517,BOZGOCA KÖYÜ GİRİŞİ,bus,iett_gtfs,Şile,True,False
iett_5249561__bus,iett_5249561,5249561,ÖMER ÇAM ANADOLU İMAM HATİP LİSESİ,bus,iett_gtfs,Pendik,True,False
iett_909491__bus,iett_909491,909491,ÖMER ÇAM ANADOLU İMAM HATİP LİSESİ,bus,iett_gtfs,Pendik,True,False
iett_5249608__bus,iett_5249608,5249608,SANCAKTEPE GENÇLİK MERKEZİ,bus,iett_gtfs,Sancaktepe,True,False
iett_5249611__bus,iett_5249611,5249611,NECİP FAZIL METRO,bus,iett_gtfs,Ümraniye,True,False
iett_580515__bus,iett_580515,580515,NECİP FAZIL METRO,bus,iett_gtfs,Ümraniye,True,False
iett_5250735__bus,iett_5250735,5250735,NECİP FAZIL METRO,bus,iett_gtfs,Ümraniye,True,False
iett_5249614__bus,iett_5249614,5249614,SULTANBEYLİ İLÇE EMNİYET MÜDÜRLÜĞÜ,bus,iett_gtfs,Sultanbeyli,True,False
iett_5249854__bus,iett_5249854,5249854,MOSTAR BULVARI,bus,iett_gtfs,Pendik,True,False
iett_5249755__bus,iett_5249755,5249755,ATALAR MARMARAY,bus,iett_gtfs,Kartal,True,False
iett_5249856__bus,iett_5249856,5249856,ALTINŞEHİR METRO,bus,iett_gtfs,Ümraniye,True,False
iett_5249773__bus,iett_5249773,5249773,ZALOĞLU RÜSTEM CADDESİ,bus,iett_gtfs,Sancaktepe,True,False
iett_5249769__bus,iett_5249769,5249769,VEYSEL KARANİ MAHALLE MUHTARLIĞI,bus,iett_gtfs,Sancaktepe,True,False
iett_5249831__bus,iett_5249831,5249831,HAYVAN BARINAĞI,bus,iett_gtfs,Pendik,True,False
iett_5249804__bus,iett_5249804,5249804,PLATİN ÇIKMAZI,bus,iett_gtfs,Çekmeköy,True,False
iett_5249832__bus,iett_5249832,5249832,YEŞİL CAMİİ,bus,iett_gtfs,Beykoz,True,False
iett_5249958__bus,iett_5249958,5249958,YENİKÖY ÇIKIŞI,bus,iett_gtfs,Şile,True,False
iett_5249912__bus,iett_5249912,5249912,MİLLET CADDESİ,bus,iett_gtfs,Pendik,True,False
iett_5249916__bus,iett_5249916,5249916,ÇAVUŞBAŞI SPOR TESİSLERİ,bus,iett_gtfs,Beykoz,True,False
iett_5249917__bus,iett_5249917,5249917,ÇAVUŞBAŞI SPOR TESİSLERİ,bus,iett_gtfs,Beykoz,True,False
iett_5249956__bus,iett_5249956,5249956,TESBİH SOKAK,bus,iett_gtfs,Sultanbeyli,True,False
iett_5249930__bus,iett_5249930,5249930,KIŞLA CADDESİ,bus,iett_gtfs,Çekmeköy,True,False
iett_5249928__bus,iett_5249928,5249928,ŞEHİR YOLU SOKAK,bus,iett_gtfs,Pendik,True,False
iett_292609__bus,iett_292609,292609,SALKIM SOKAK,bus,iett_gtfs,Beykoz,True,False
iett_510950__bus,iett_510950,510950,UZUNÇAYIR METROBÜS,bus,iett_gtfs,Üsküdar,True,False
iett_510950__metrobus,iett_510950,510950,UZUNÇAYIR METROBÜS,metrobus,iett_gtfs,Üsküdar,True,True
iett_5250537__bus,iett_5250537,5250537,EDEBALİ CADDESİ,bus,iett_gtfs,Tuzla,True,False
iett_5249945__bus,iett_5249945,5249945,KURTKÖY GARAJI,bus,iett_gtfs,Pendik,True,False
iett_5251604__bus,iett_5251604,5251604,KURTKÖY GARAJI,bus,iett_gtfs,Pendik,True,False
iett_5249975__bus,iett_5249975,5249975,KAYNARCA SONDURAK,bus,iett_gtfs,Pendik,True,False
iett_5249976__bus,iett_5249976,5249976,SEYİT ONBAŞI SOKAK,bus,iett_gtfs,Üsküdar,True,False
iett_5249986__bus,iett_5249986,5249986,YEŞİLTEPE SON DURAK,bus,iett_gtfs,Çekmeköy,True,False
iett_5249987__bus,iett_5249987,5249987,SEDİR SOKAK,bus,iett_gtfs,Şile,True,False
iett_5249988__bus,iett_5249988,5249988,SEDİR SOKAK,bus,iett_gtfs,Şile,True,False
iett_5249989__bus,iett_5249989,5249989,SEDİR SOKAK,bus,iett_gtfs,Şile,True,False
iett_5250020__bus,iett_5250020,5250020,NECİP FAZIL KISAKÜREK CADDESİ,bus,iett_gtfs,Çekmeköy,True,False
iett_994__bus,iett_994,994,AKDENİZ CADDESİ,bus,iett_gtfs,Pendik,True,False
iett_5250101__bus,iett_5250101,5250101,AKDENİZ CADDESİ,bus,iett_gtfs,Pendik,True,False
iett_5250031__bus,iett_5250031,5250031,VATANSEVER CADDESİ,bus,iett_gtfs,Kartal,True,False
iett_5250034__bus,iett_5250034,5250034,OĞLAK SOKAK,bus,iett_gtfs,Şile,True,False
iett_1125__bus,iett_1125,1125,EROL KAYA CADDESİ,bus,iett_gtfs,Pendik,True,False
iett_5250039__bus,iett_5250039,5250039,ANIL KAAN BERKÖZ SOKAK,bus,iett_gtfs,Maltepe,True,False
iett_5250042__bus,iett_5250042,5250042,MİRALAY ÇIKMAZI,bus,iett_gtfs,Maltepe,True,False
iett_5252286__bus,iett_5252286,5252286,MİRALAY ÇIKMAZI,bus,iett_gtfs,Maltepe,True,False
iett_5250049__bus,iett_5250049,5250049,ŞEHİT MUSTAFA CANBULDU,bus,iett_gtfs,Beykoz,True,False
iett_5250055__bus,iett_5250055,5250055,BÜYÜKBAKKALKÖY YOLU,bus,iett_gtfs,Maltepe,True,False
iett_5250056__bus,iett_5250056,5250056,BÜYÜKBAKKALKÖY YOLU,bus,iett_gtfs,Maltepe,True,False
iett_5250058__bus,iett_5250058,5250058,FERSAH SOKAK,bus,iett_gtfs,Pendik,True,False
iett_5250063__bus,iett_5250063,5250063,73.SOKAK,bus,iett_gtfs,Tuzla,True,False
iett_5250065__bus,iett_5250065,5250065,22.SOKAK,bus,iett_gtfs,Tuzla,True,False
iett_5250073__bus,iett_5250073,5250073,ÖMERLİ MEZARLIK,bus,iett_gtfs,Çekmeköy,True,False
iett_5250091__bus,iett_5250091,5250091,ÜMRANİYE KAYMAKAMLIĞI,bus,iett_gtfs,Ümraniye,True,False
iett_5250092__bus,iett_5250092,5250092,HAVA LOJMANLARI,bus,iett_gtfs,Maltepe,True,False
iett_5250093__bus,iett_5250093,5250093,HAVA LOJMANLARI,bus,iett_gtfs,Maltepe,True,False
iett_5250094__bus,iett_5250094,5250094,İBB ŞİLE ENGELLİLER KAMPI,bus,iett_gtfs,Şile,True,False
iett_5250095__bus,iett_5250095,5250095,İBB ŞİLE ENGELLİLER KAMPI,bus,iett_gtfs,Şile,True,False
iett_5250102__bus,iett_5250102,5250102,ZORLU SOKAK,bus,iett_gtfs,Çekmeköy,True,False
iett_5250104__bus,iett_5250104,5250104,AKAR ÇEŞMELER,bus,iett_gtfs,Çekmeköy,True,False
iett_5250107__bus,iett_5250107,5250107,SIRAPINAR MEZARLIĞI,bus,iett_gtfs,Çekmeköy,True,False
iett_5250106__bus,iett_5250106,5250106,SIRAPINAR MEZARLIĞI,bus,iett_gtfs,Çekmeköy,True,False
iett_5250108__bus,iett_5250108,5250108,EĞRİ ÇINAR,bus,iett_gtfs,Çekmeköy,True,False
iett_5250110__bus,iett_5250110,5250110,HAMİDİYE CADDESİ,bus,iett_gtfs,Sultanbeyli,True,False
iett_5250111__bus,iett_5250111,5250111,GÖLDERESİ,bus,iett_gtfs,Çekmeköy,True,False
iett_5250112__bus,iett_5250112,5250112,GÖLDERESİ,bus,iett_gtfs,Çekmeköy,True,False
iett_5250125__bus,iett_5250125,5250125,SAĞLIK OCAĞI,bus,iett_gtfs,Çekmeköy,True,False
iett_5250127__bus,iett_5250127,5250127,HAREM PERONLAR 1,bus,iett_gtfs,Üsküdar,True,False
iett_5250128__bus,iett_5250128,5250128,HAREM SONDURAK,bus,iett_gtfs,Üsküdar,True,False
iett_290826__bus,iett_290826,290826,OTOBAN ÇIKIŞI,bus,iett_gtfs,Sultanbeyli,True,False
iett_5250147__bus,iett_5250147,5250147,HASTANE,bus,iett_gtfs,Üsküdar,True,False
iett_5250152__bus,iett_5250152,5250152,EVİN SOKAK,bus,iett_gtfs,Çekmeköy,True,False
iett_5250155__bus,iett_5250155,5250155,MOTORLU TAŞIYICILAR KOOPERATİFİ,bus,iett_gtfs,Çekmeköy,True,False
iett_5250156__bus,iett_5250156,5250156,OTOYOL GİRİŞİ,bus,iett_gtfs,Çekmeköy,True,False
iett_5250166__bus,iett_5250166,5250166,SİPAHİOĞLU CADDESİ,bus,iett_gtfs,Beykoz,True,False
iett_5250169__bus,iett_5250169,5250169,ERGUVAN SOKAK,bus,iett_gtfs,Pendik,True,False
iett_5250170__bus,iett_5250170,5250170,ERGUVAN SOKAK,bus,iett_gtfs,Pendik,True,False
iett_5250177__bus,iett_5250177,5250177,YEŞİL BAHÇE CADDESİ,bus,iett_gtfs,Çekmeköy,True,False
iett_5250189__bus,iett_5250189,5250189,FANUS SOKAK,bus,iett_gtfs,Beykoz,True,False
iett_5250191__bus,iett_5250191,5250191,İSKİ ARITMA TESİSLERİ,bus,iett_gtfs,Çekmeköy,True,False
iett_5250192__bus,iett_5250192,5250192,İSKİ ARITMA TESİSLERİ,bus,iett_gtfs,Çekmeköy,True,False
iett_5250193__bus,iett_5250193,5250193,ŞÜKÜR SOKAK,bus,iett_gtfs,Beykoz,True,False
iett_5250205__bus,iett_5250205,5250205,SEVGİ EVLERİ ÇOCUK YUVASI,bus,iett_gtfs,Beykoz,True,False
iett_5250207__bus,iett_5250207,5250207,PLAZALAR,bus,iett_gtfs,Ümraniye,True,False
iett_5250210__bus,iett_5250210,5250210,MEVLANA HALİD CADDESİ ,bus,iett_gtfs,Maltepe,True,False
iett_5250213__bus,iett_5250213,5250213,GÜVENCE SOKAK,bus,iett_gtfs,Şile,True,False
iett_5250215__bus,iett_5250215,5250215,SÜLÜKLÜ GÖL MEVKİİ,bus,iett_gtfs,Şile,True,False
iett_5250219__bus,iett_5250219,5250219,FUZULİ CADDESİ,bus,iett_gtfs,Beykoz,True,False
iett_5250220__bus,iett_5250220,5250220,İSHAKLI MUHTARLIĞI,bus,iett_gtfs,Beykoz,True,False
iett_5250223__bus,iett_5250223,5250223,HAMZALAR SOKAK,bus,iett_gtfs,Sultanbeyli,True,False
iett_5250232__bus,iett_5250232,5250232,PİKNİK ALANI,bus,iett_gtfs,Şile,True,False
iett_5250233__bus,iett_5250233,5250233,PİKNİK ALANI,bus,iett_gtfs,Şile,True,False
iett_5250234__bus,iett_5250234,5250234,AY BALIĞI SOKAK,bus,iett_gtfs,Şile,True,False
iett_5250241__bus,iett_5250241,5250241,KARŞIDEĞİRMEN CADDESİ,bus,iett_gtfs,Şile,True,False
iett_5250255__bus,iett_5250255,5250255,MANOLYA SOKAK,bus,iett_gtfs,Pendik,True,False
iett_5250256__bus,iett_5250256,5250256,MANOLYA SOKAK,bus,iett_gtfs,Pendik,True,False
iett_5250265__bus,iett_5250265,5250265,KURTKÖY ANADOLU LİSESİ,bus,iett_gtfs,Pendik,True,False
iett_5250280__bus,iett_5250280,5250280,AKŞEMSETTİN SOKAK,bus,iett_gtfs,Üsküdar,True,False
iett_5250281__bus,iett_5250281,5250281,TEKEL CADDESİ,bus,iett_gtfs,Kartal,True,False
iett_5250287__bus,iett_5250287,5250287,FİDANLIK,bus,iett_gtfs,Çekmeköy,True,False
iett_5250288__bus,iett_5250288,5250288,FİDANLIK,bus,iett_gtfs,Çekmeköy,True,False
iett_5250298__bus,iett_5250298,5250298,CANDAN SOKAK,bus,iett_gtfs,Maltepe,True,False
iett_5250299__bus,iett_5250299,5250299,CANDAN SOKAK,bus,iett_gtfs,Maltepe,True,False
iett_510369__bus,iett_510369,510369,KÜÇÜKYALI SAHİL,bus,iett_gtfs,Maltepe,True,False
iett_681582__bus,iett_681582,681582,KAPI AĞASI,bus,iett_gtfs,Üsküdar,True,False
iett_5250313__bus,iett_5250313,5250313,SOFULAR KÖYÜ YOLU,bus,iett_gtfs,Şile,True,False
iett_5250314__bus,iett_5250314,5250314,SOFULAR KÖYÜ YOLU,bus,iett_gtfs,Şile,True,False
iett_5250315__bus,iett_5250315,5250315,SAHİLKÖY YOLU,bus,iett_gtfs,Şile,True,False
iett_5250323__bus,iett_5250323,5250323,KELEBEK VADİSİ,bus,iett_gtfs,Beykoz,True,False
iett_5250324__bus,iett_5250324,5250324,KAZIM KARABEKİR CADDESİ,bus,iett_gtfs,Beykoz,True,False
iett_5250336__bus,iett_5250336,5250336,AKHİSAR SOKAK,bus,iett_gtfs,Şile,True,False
iett_5250337__bus,iett_5250337,5250337,AKHİSAR SOKAK,bus,iett_gtfs,Şile,True,False
iett_5250338__bus,iett_5250338,5250338,FİRDEVS SOKAK,bus,iett_gtfs,Şile,True,False
iett_5250340__bus,iett_5250340,5250340,HAREM PERONLAR 3,bus,iett_gtfs,Üsküdar,True,False
iett_5250350__bus,iett_5250350,5250350,OBRUK ÇIKMAZI,bus,iett_gtfs,Beykoz,True,False
iett_5250352__bus,iett_5250352,5250352,EMLAK SOKAK,bus,iett_gtfs,Beykoz,True,False
iett_5250366__bus,iett_5250366,5250366,MAHMUT ŞEVKETPAŞA CADDESİ,bus,iett_gtfs,Beykoz,True,False
iett_5250368__bus,iett_5250368,5250368,HARMANLAR CADDESİ,bus,iett_gtfs,Şile,True,False
iett_5250371__bus,iett_5250371,5250371,YEŞİL YOL,bus,iett_gtfs,Beykoz,True,False
iett_5250373__bus,iett_5250373,5250373,KÜLTÜR SOKAK,bus,iett_gtfs,Ümraniye,True,False
iett_5250406__bus,iett_5250406,5250406,KARAKİRAZ ATIKSU ARITMA TESİSİ,bus,iett_gtfs,Şile,True,False
iett_5250407__bus,iett_5250407,5250407,KARAKİRAZ ATIKSU ARITMA TESİSİ,bus,iett_gtfs,Şile,True,False
iett_5250415__bus,iett_5250415,5250415,MUSTAFA KEMALPAŞA CADDESİ,bus,iett_gtfs,Çekmeköy,True,False
iett_5250416__bus,iett_5250416,5250416,MUSTAFA KEMALPAŞA CADDESİ,bus,iett_gtfs,Çekmeköy,True,False
iett_5250421__bus,iett_5250421,5250421,YENİ ÇAMLICA,bus,iett_gtfs,Ataşehir,True,False
iett_5250422__bus,iett_5250422,5250422,YENİ ÇAMLICA,bus,iett_gtfs,Ataşehir,True,False
iett_1710__bus,iett_1710,1710,ORTA MAHALLESİ,bus,iett_gtfs,Kartal,True,False
iett_5250442__bus,iett_5250442,5250442,NİŞANTEPE,bus,iett_gtfs,Çekmeköy,True,False
iett_290254__bus,iett_290254,290254,NİŞANTEPE,bus,iett_gtfs,Çekmeköy,True,False
iett_5250446__bus,iett_5250446,5250446,ÇİFTLİK,bus,iett_gtfs,Çekmeköy,True,False
iett_5250447__bus,iett_5250447,5250447,ÇİFTLİK,bus,iett_gtfs,Çekmeköy,True,False
iett_5250478__bus,iett_5250478,5250478,TEKEKÖY MEZARLIĞI,bus,iett_gtfs,Şile,True,False
iett_5250480__bus,iett_5250480,5250480,162.SOKAK,bus,iett_gtfs,Çekmeköy,True,False
iett_5250481__bus,iett_5250481,5250481,BAĞCI SOKAK,bus,iett_gtfs,Ümraniye,True,False
iett_5250482__bus,iett_5250482,5250482,ORMAN İŞLETME ŞEFLİĞİ LOJMANI,bus,iett_gtfs,Şile,True,False
iett_5250483__bus,iett_5250483,5250483,ORMAN İŞLETME ŞEFLİĞİ LOJMANI,bus,iett_gtfs,Şile,True,False
iett_744__bus,iett_744,744,TEKNOPARK BULVARI,bus,iett_gtfs,Pendik,True,False
iett_745__bus,iett_745,745,TEKNOPARK BULVARI,bus,iett_gtfs,Pendik,True,False
iett_5250497__bus,iett_5250497,5250497,AYVALIDERE SONDURAK,bus,iett_gtfs,Beykoz,True,False
iett_5250498__bus,iett_5250498,5250498,DARLIK,bus,iett_gtfs,Şile,True,False
iett_5250523__bus,iett_5250523,5250523,YAYALAR MAHALLE MUHTARLIĞI,bus,iett_gtfs,Pendik,True,False
iett_5250525__bus,iett_5250525,5250525,HUZUREVİ METRO,bus,iett_gtfs,Maltepe,True,False
iett_5250532__bus,iett_5250532,5250532,ZEYBEK SOKAK,bus,iett_gtfs,Sancaktepe,True,False
iett_5250534__bus,iett_5250534,5250534,TOMURCUK SOKAK,bus,iett_gtfs,Sancaktepe,True,False
iett_5250535__bus,iett_5250535,5250535,TOMURCUK SOKAK,bus,iett_gtfs,Sancaktepe,True,False
iett_5250536__bus,iett_5250536,5250536,EDEBALİ CADDESİ,bus,iett_gtfs,Tuzla,True,False
iett_5250538__bus,iett_5250538,5250538,SİVAT CADDESİ,bus,iett_gtfs,Sancaktepe,True,False
iett_5250539__bus,iett_5250539,5250539,SİVAT CADDESİ,bus,iett_gtfs,Sancaktepe,True,False
iett_5250540__bus,iett_5250540,5250540,SANCAKTEPE AĞIZ VE DİŞ SAĞLIĞI MERKEZİ,bus,iett_gtfs,Sancaktepe,True,False
iett_5250541__bus,iett_5250541,5250541,BURÇAK SOKAK,bus,iett_gtfs,Sancaktepe,True,False
iett_5250542__bus,iett_5250542,5250542,BURÇAK SOKAK,bus,iett_gtfs,Sancaktepe,True,False
iett_5250543__bus,iett_5250543,5250543,UYSAL CADDESİ,bus,iett_gtfs,Sancaktepe,True,False
iett_5250543__metrobus,iett_5250543,5250543,UYSAL CADDESİ,metrobus,iett_gtfs,Sancaktepe,True,True
iett_5250545__bus,iett_5250545,5250545,TOPKAPI SOKAK,bus,iett_gtfs,Sultanbeyli,True,False
iett_5250546__bus,iett_5250546,5250546,TOPKAPI SOKAK,bus,iett_gtfs,Sultanbeyli,True,False
iett_5250549__bus,iett_5250549,5250549,FATMA FİTNAT HANIM CAMİİ,bus,iett_gtfs,Sancaktepe,True,False
iett_5250552__bus,iett_5250552,5250552,AYDOS KAVŞAĞI,bus,iett_gtfs,Pendik,True,False
iett_5250553__bus,iett_5250553,5250553,AYDOS KAVŞAĞI,bus,iett_gtfs,Pendik,True,False
iett_5250556__bus,iett_5250556,5250556,IHLARA VADİSİ SOKAK,bus,iett_gtfs,Pendik,True,False
iett_5250557__bus,iett_5250557,5250557,IHLARA VADİSİ SOKAK,bus,iett_gtfs,Pendik,True,False
iett_5250560__bus,iett_5250560,5250560,TUNÇ SOKAK,bus,iett_gtfs,Çekmeköy,True,False
iett_5250562__bus,iett_5250562,5250562,48.SOKAK,bus,iett_gtfs,Ataşehir,True,False
iett_5252786__bus,iett_5252786,5252786,48.SOKAK,bus,iett_gtfs,Ataşehir,True,False
iett_5250567__bus,iett_5250567,5250567,HAZNEDAR SOKAK,bus,iett_gtfs,Sancaktepe,True,False
iett_5250577__bus,iett_5250577,5250577,SULTANBEYLİ DEVLET HASTANESİ ACİL,bus,iett_gtfs,Sultanbeyli,True,False
iett_5250578__bus,iett_5250578,5250578,SULTANBEYLİ AĞIZ VE DİŞ SAĞLIĞI MERKEZİ,bus,iett_gtfs,Sultanbeyli,True,False
iett_5250579__bus,iett_5250579,5250579,SULTANBEYLİ AĞIZ VE DİŞ SAĞLIĞI MERKEZİ,bus,iett_gtfs,Sultanbeyli,True,False
iett_580550__bus,iett_580550,580550,ELMALIKENT PARKI,bus,iett_gtfs,Ümraniye,True,False
iett_580548__bus,iett_580548,580548,ÖZYAVUZ CADDESİ,bus,iett_gtfs,Ümraniye,True,False
iett_5250624__bus,iett_5250624,5250624,BAHÇE,bus,iett_gtfs,Beykoz,True,False
iett_353__bus,iett_353,353,GÖKSUN SOKAK,bus,iett_gtfs,Tuzla,True,False
iett_5250700__bus,iett_5250700,5250700,DOLMABAHÇE CADDESİ,bus,iett_gtfs,Şile,True,False
iett_5250701__bus,iett_5250701,5250701,DOLMABAHÇE CADDESİ,bus,iett_gtfs,Şile,True,False
iett_5250758__bus,iett_5250758,5250758,ŞELALEPARK,bus,iett_gtfs,Tuzla,True,False
iett_5250759__bus,iett_5250759,5250759,ŞELALEPARK,bus,iett_gtfs,Tuzla,True,False
iett_5250760__bus,iett_5250760,5250760,ULUSAL CADDESİ,bus,iett_gtfs,Çekmeköy,True,False
iett_5250761__bus,iett_5250761,5250761,KÖPRÜBAŞI,bus,iett_gtfs,Beykoz,True,False
iett_5250762__bus,iett_5250762,5250762,KÖPRÜBAŞI,bus,iett_gtfs,Beykoz,True,False
iett_5250767__bus,iett_5250767,5250767,İSTİKLAL CADDESİ,bus,iett_gtfs,Tuzla,True,False
iett_5250768__bus,iett_5250768,5250768,İSTİKLAL CADDESİ,bus,iett_gtfs,Tuzla,True,False
iett_5250770__bus,iett_5250770,5250770,TEİAŞ TRAFO MERKEZİ,bus,iett_gtfs,Tuzla,True,False
iett_5250775__bus,iett_5250775,5250775,TURGUT ÖZAL CADDESİ,bus,iett_gtfs,Tuzla,True,False
iett_5250776__bus,iett_5250776,5250776,ADNAN KAHVECİ CADDESİ,bus,iett_gtfs,Tuzla,True,False
iett_5250777__bus,iett_5250777,5250777,ORHANLI TOKİ KONUTLARI,bus,iett_gtfs,Tuzla,True,False
iett_5250782__bus,iett_5250782,5250782,MEHMETÇİK VAKFI,bus,iett_gtfs,Tuzla,True,False
iett_5250783__bus,iett_5250783,5250783,KANUNİ CADDESİ,bus,iett_gtfs,Tuzla,True,False
iett_5250786__bus,iett_5250786,5250786,KESİM SOKAK,bus,iett_gtfs,Şile,True,False
iett_5250787__bus,iett_5250787,5250787,ZAMOĞLU SOKAK,bus,iett_gtfs,Şile,True,False
iett_5250788__bus,iett_5250788,5250788,BIÇKIDERE CADDESİ,bus,iett_gtfs,Şile,True,False
iett_5250789__bus,iett_5250789,5250789,BIÇKIDERE CADDESİ,bus,iett_gtfs,Şile,True,False
iett_5250791__bus,iett_5250791,5250791,BIÇKIDERE MEZARLIK,bus,iett_gtfs,Şile,True,False
iett_5250792__bus,iett_5250792,5250792,AZİZ SOKAK,bus,iett_gtfs,Şile,True,False
iett_5250794__bus,iett_5250794,5250794,İSKİ ARITMA TESİSİ,bus,iett_gtfs,Şile,True,False
iett_5250796__bus,iett_5250796,5250796,TAŞLIMAHALLE,bus,iett_gtfs,Şile,True,False
iett_5250797__bus,iett_5250797,5250797,TAŞLIMAHALLE,bus,iett_gtfs,Şile,True,False
iett_5250798__bus,iett_5250798,5250798,KARATAY SOKAK,bus,iett_gtfs,Şile,True,False
iett_5250799__bus,iett_5250799,5250799,KARATAY SOKAK,bus,iett_gtfs,Şile,True,False
iett_5250800__bus,iett_5250800,5250800,KÖMÜRLÜK CADDESİ,bus,iett_gtfs,Şile,True,False
iett_5250801__bus,iett_5250801,5250801,KÖMÜRLÜK CADDESİ,bus,iett_gtfs,Şile,True,False
iett_5250802__bus,iett_5250802,5250802,ÜVEZLİ CADDESİ,bus,iett_gtfs,Şile,True,False
iett_5250804__bus,iett_5250804,5250804,ÜVEZLİ KURAN KURSU,bus,iett_gtfs,Şile,True,False
iett_5250828__bus,iett_5250828,5250828,GENERAL EŞREF BİTLİS CADDESİ,bus,iett_gtfs,Sancaktepe,True,False
iett_5250829__bus,iett_5250829,5250829,GENERAL EŞREF BİTLİS CADDESİ,bus,iett_gtfs,Sancaktepe,True,False
iett_5250847__bus,iett_5250847,5250847,YEŞİL BAHÇE,bus,iett_gtfs,Pendik,True,False
iett_5250855__bus,iett_5250855,5250855,ANADOLU CADDESİ,bus,iett_gtfs,Pendik,True,False
iett_5250856__bus,iett_5250856,5250856,ANADOLU CADDESİ,bus,iett_gtfs,Pendik,True,False
iett_5250859__bus,iett_5250859,5250859,ZEYTİNLİK SOKAK,bus,iett_gtfs,Şile,True,False
iett_5250860__bus,iett_5250860,5250860,ZEYTİNLİK SOKAK,bus,iett_gtfs,Şile,True,False
iett_5250874__bus,iett_5250874,5250874,BAKLA SOKAK,bus,iett_gtfs,Ümraniye,True,False
iett_5250891__bus,iett_5250891,5250891,SOĞUKSU DERESİ,bus,iett_gtfs,Şile,True,False
iett_5250894__bus,iett_5250894,5250894,DOĞRU SOKAK,bus,iett_gtfs,Şile,True,False
iett_5250902__bus,iett_5250902,5250902,ALTINŞEHİR MAHALLE MUHTARLIĞI,bus,iett_gtfs,Ümraniye,True,False
iett_5250903__bus,iett_5250903,5250903,YEŞİLAY SOKAK,bus,iett_gtfs,Ümraniye,True,False
iett_5250904__bus,iett_5250904,5250904,UZMAN SOKAK,bus,iett_gtfs,Ümraniye,True,False
iett_5250905__bus,iett_5250905,5250905,MODOKO B KAPISI,bus,iett_gtfs,Ümraniye,True,False
iett_5250918__bus,iett_5250918,5250918,ASLI SOKAK,bus,iett_gtfs,Sancaktepe,True,False
iett_5250925__bus,iett_5250925,5250925,DİNLENÇ CADDESİ,bus,iett_gtfs,Kadıköy,True,False
iett_5251009__bus,iett_5251009,5251009,İRFAN CADDESİ,bus,iett_gtfs,Tuzla,True,False
iett_5251010__bus,iett_5251010,5251010,AND.OTOYOLU YANYOL,bus,iett_gtfs,Tuzla,True,False
iett_5251011__bus,iett_5251011,5251011,İSTANBUL DERİ OSB,bus,iett_gtfs,Tuzla,True,False
iett_5251012__bus,iett_5251012,5251012,İST. ENDÜSTRİ VE SERBEST BÖLGESİ,bus,iett_gtfs,Tuzla,True,False
iett_5251021__bus,iett_5251021,5251021,TEPEÜSTÜ,bus,iett_gtfs,Beykoz,True,False
iett_5251023__bus,iett_5251023,5251023,YEŞİLVADİ,bus,iett_gtfs,Şile,True,False
iett_5251024__bus,iett_5251024,5251024,İDEALTEPE MARMARAY,bus,iett_gtfs,Maltepe,True,False
iett_5251068__bus,iett_5251068,5251068,ORGANİZE DERİ SANAYİ CAMİİ,bus,iett_gtfs,Tuzla,True,False
iett_5251069__bus,iett_5251069,5251069,ORGANİZE DERİ SANAYİ CAMİİ,bus,iett_gtfs,Tuzla,True,False
iett_5251070__bus,iett_5251070,5251070,1 NOLU YOL,bus,iett_gtfs,Tuzla,True,False
iett_5251072__bus,iett_5251072,5251072,KUMPAS CADDESİ,bus,iett_gtfs,Tuzla,True,False
iett_5251073__bus,iett_5251073,5251073,KUMPAS CADDESİ,bus,iett_gtfs,Tuzla,True,False
iett_5251076__bus,iett_5251076,5251076,POLONEZKÖY YOLU,bus,iett_gtfs,Beykoz,True,False
iett_5251077__bus,iett_5251077,5251077,POLONEZKÖY YOLU,bus,iett_gtfs,Beykoz,True,False
iett_5251094__bus,iett_5251094,5251094,KAVACIK MAHALLE MUHTARLIĞI,bus,iett_gtfs,Beykoz,True,False
iett_5251096__bus,iett_5251096,5251096,GENÇLİK CADDESİ,bus,iett_gtfs,Çekmeköy,True,False
iett_5251106__bus,iett_5251106,5251106,KIZILAY CADDESİ,bus,iett_gtfs,Sancaktepe,True,False
iett_5251124__bus,iett_5251124,5251124,MARMARA EĞİTİM KÖYÜ ANA GİRİŞ,bus,iett_gtfs,Maltepe,True,False
iett_5251125__bus,iett_5251125,5251125,MARMARA EĞİTİM KÖYÜ ANA GİRİŞ,bus,iett_gtfs,Maltepe,True,False
iett_5251141__bus,iett_5251141,5251141,2.HATBOYU SOKAK,bus,iett_gtfs,Kadıköy,True,False
iett_5251145__bus,iett_5251145,5251145,ORMAN OKULU,bus,iett_gtfs,Şile,True,False
iett_5251146__bus,iett_5251146,5251146,ORMAN OKULU,bus,iett_gtfs,Şile,True,False
iett_5251179__bus,iett_5251179,5251179,GÜLNAR SOKAK,bus,iett_gtfs,Çekmeköy,True,False
iett_5251181__bus,iett_5251181,5251181,ÜNİVERSİTE KAVŞAĞI,bus,iett_gtfs,Maltepe,True,False
iett_5251182__bus,iett_5251182,5251182,ÜNİVERSİTE KAVŞAĞI,bus,iett_gtfs,Maltepe,True,False
iett_5251183__bus,iett_5251183,5251183,ÜNİVERSİTE ANA GİRİŞ,bus,iett_gtfs,Maltepe,True,False
iett_5251353__bus,iett_5251353,5251353,ÜNİVERSİTE ANA GİRİŞ,bus,iett_gtfs,Maltepe,True,False
iett_5251184__bus,iett_5251184,5251184,CEZAEVİ,bus,iett_gtfs,Maltepe,True,False
iett_5251185__bus,iett_5251185,5251185,CEZAEVİ,bus,iett_gtfs,Maltepe,True,False
iett_5251190__bus,iett_5251190,5251190,BİMES SANAYİ SİTESİ,bus,iett_gtfs,Tuzla,True,False
iett_5251191__bus,iett_5251191,5251191,BİMES SANAYİ SİTESİ,bus,iett_gtfs,Tuzla,True,False
iett_5251192__bus,iett_5251192,5251192,REYHANLI ÇIKMAZI SOKAK,bus,iett_gtfs,Beykoz,True,False
iett_5251194__bus,iett_5251194,5251194,FETİH SOKAK,bus,iett_gtfs,Pendik,True,False
iett_5251195__bus,iett_5251195,5251195,SARIGELİN SOKAK,bus,iett_gtfs,Pendik,True,False
iett_5251196__bus,iett_5251196,5251196,YAYALAR ZELİHA HATUN CAMİ,bus,iett_gtfs,Pendik,True,False
iett_5251239__bus,iett_5251239,5251239,GÖÇ İDARESİ,bus,iett_gtfs,Tuzla,True,False
iett_5251240__bus,iett_5251240,5251240,GÖÇ İDARESİ,bus,iett_gtfs,Tuzla,True,False
iett_5251241__bus,iett_5251241,5251241,AKFIRAT İGDAŞ,bus,iett_gtfs,Tuzla,True,False
iett_5251242__bus,iett_5251242,5251242,AKFIRAT İGDAŞ,bus,iett_gtfs,Tuzla,True,False
iett_5251245__bus,iett_5251245,5251245,HOBİ BAHÇESİ,bus,iett_gtfs,Beykoz,True,False
iett_5251246__bus,iett_5251246,5251246,HOBİ BAHÇESİ,bus,iett_gtfs,Beykoz,True,False
iett_5251247__bus,iett_5251247,5251247,CAM VE BİLLUR MÜZESİ,bus,iett_gtfs,Beykoz,True,False
iett_5251248__bus,iett_5251248,5251248,CAM VE BİLLUR MÜZESİ,bus,iett_gtfs,Beykoz,True,False
iett_5251249__bus,iett_5251249,5251249,SEVGİ SOKAK,bus,iett_gtfs,Sultanbeyli,True,False
iett_5251250__bus,iett_5251250,5251250,SEVGİ SOKAK,bus,iett_gtfs,Sultanbeyli,True,False
iett_5251251__bus,iett_5251251,5251251,MEKTEP SOKAK,bus,iett_gtfs,Sancaktepe,True,False
iett_5251254__bus,iett_5251254,5251254,OĞUZHAN SOKAK,bus,iett_gtfs,Sancaktepe,True,False
iett_5251255__bus,iett_5251255,5251255,OĞUZHAN SOKAK,bus,iett_gtfs,Sancaktepe,True,False
iett_5251276__bus,iett_5251276,5251276,FİKİRTEPE YAN YOL,bus,iett_gtfs,Kadıköy,True,False
iett_5251316__bus,iett_5251316,5251316,TEPEÖREN MESLEKİ TEKNİK VE ANADOLU LİSESİ,bus,iett_gtfs,Tuzla,True,False
iett_5251317__bus,iett_5251317,5251317,TEPEÖREN MESLEKİ TEKNİK VE ANADOLU LİSESİ,bus,iett_gtfs,Tuzla,True,False
iett_1133__bus,iett_1133,1133,TERSANE KÖPRÜSÜ-2,bus,iett_gtfs,Pendik,True,False
iett_1134__bus,iett_1134,1134,TERSANE KÖPRÜSÜ-2,bus,iett_gtfs,Pendik,True,False
iett_1134__metrobus,iett_1134,1134,TERSANE KÖPRÜSÜ-2,metrobus,iett_gtfs,Pendik,True,True
iett_5251325__bus,iett_5251325,5251325,İPEKBÖCEĞİ SOKAK,bus,iett_gtfs,Tuzla,True,False
iett_5251330__bus,iett_5251330,5251330,ORTA MAHALLE MUHTARLIĞI,bus,iett_gtfs,Tuzla,True,False
iett_5251329__bus,iett_5251329,5251329,ORTA MAHALLE MUHTARLIĞI,bus,iett_gtfs,Tuzla,True,False
iett_5251331__bus,iett_5251331,5251331,ŞELALE PARK ALT GEÇİT,bus,iett_gtfs,Tuzla,True,False
iett_5251271__bus,iett_5251271,5251271,İLKAY SOKAK,bus,iett_gtfs,Tuzla,True,False
iett_5251337__bus,iett_5251337,5251337,HACI MEHMET GÜNEY CAMİ,bus,iett_gtfs,Beykoz,True,False
iett_5251338__bus,iett_5251338,5251338,HACI MEHMET GÜNEY CAMİ,bus,iett_gtfs,Beykoz,True,False
iett_5251339__bus,iett_5251339,5251339,ÇIRÇIR CADDESİ,bus,iett_gtfs,Beykoz,True,False
iett_5251340__bus,iett_5251340,5251340,ÇIRÇIR CADDESİ,bus,iett_gtfs,Beykoz,True,False
iett_5251351__bus,iett_5251351,5251351,ÜNİVERSİTE CADDESİ,bus,iett_gtfs,Tuzla,True,False
iett_5251355__bus,iett_5251355,5251355,ÜSTÜNER SOKAK,bus,iett_gtfs,Pendik,True,False
iett_5251362__bus,iett_5251362,5251362,KAŞİF KALKAVAN PARKI ,bus,iett_gtfs,Ümraniye,True,False
iett_5251363__bus,iett_5251363,5251363,18 NOLU SAĞLIK MERKEZİ,bus,iett_gtfs,Ümraniye,True,False
iett_5251373__bus,iett_5251373,5251373,ORTADAĞ SPOR TESİSLERİ,bus,iett_gtfs,Sancaktepe,True,False
iett_5251376__bus,iett_5251376,5251376,DEDEOĞLU CADDESİ,bus,iett_gtfs,Beykoz,True,False
iett_5251383__bus,iett_5251383,5251383,DEDEOĞLU CADDESİ,bus,iett_gtfs,Beykoz,True,False
iett_5251377__bus,iett_5251377,5251377,CENGİZHAN CADDESİ,bus,iett_gtfs,Beykoz,True,False
iett_5251382__bus,iett_5251382,5251382,CENGİZHAN CADDESİ,bus,iett_gtfs,Beykoz,True,False
iett_5251378__bus,iett_5251378,5251378,BEYKOZ KONAKLARI VAKFI ORTAOKULU,bus,iett_gtfs,Beykoz,True,False
iett_5251381__bus,iett_5251381,5251381,BEYKOZ KONAKLARI VAKFI ORTAOKULU,bus,iett_gtfs,Beykoz,True,False
iett_5251379__bus,iett_5251379,5251379,BİLALİ HABEŞİ CAMİİ ,bus,iett_gtfs,Beykoz,True,False
iett_5251380__bus,iett_5251380,5251380,BİLALİ HABEŞİ CAMİİ,bus,iett_gtfs,Beykoz,True,False
iett_5251385__bus,iett_5251385,5251385,ŞİLE YERYÜZÜ PAZARI,bus,iett_gtfs,Şile,True,False
iett_5251386__bus,iett_5251386,5251386,ŞİLE YERYÜZÜ PAZARI,bus,iett_gtfs,Şile,True,False
iett_5251403__bus,iett_5251403,5251403,KARAYEMİŞ SOKAK,bus,iett_gtfs,Maltepe,True,False
iett_1455__bus,iett_1455,1455,YAVUZ SELİM DEVLET HASTANESİ,bus,iett_gtfs,Kartal,True,False
iett_5252061__bus,iett_5252061,5252061,YAVUZ SELİM DEVLET HASTANESİ,bus,iett_gtfs,Kartal,True,False
iett_5251415__bus,iett_5251415,5251415,KANUNİ CADDESİ,bus,iett_gtfs,Sancaktepe,True,False
iett_5251418__bus,iett_5251418,5251418,CANKURTARAN SOKAK,bus,iett_gtfs,Beykoz,True,False
iett_5251419__bus,iett_5251419,5251419,CANKURTARAN SOKAK,bus,iett_gtfs,Beykoz,True,False
iett_5251420__bus,iett_5251420,5251420,HZ HAMZA CAMİ,bus,iett_gtfs,Beykoz,True,False
iett_5251422__bus,iett_5251422,5251422,BAŞYAYLA ÇIKMAZI,bus,iett_gtfs,Beykoz,True,False
iett_5251423__bus,iett_5251423,5251423,BAŞYAYLA ÇIKMAZI,bus,iett_gtfs,Beykoz,True,False
iett_5251424__bus,iett_5251424,5251424,SAZLI ÇIKMAZI,bus,iett_gtfs,Beykoz,True,False
iett_5251425__bus,iett_5251425,5251425,SAZLI ÇIKMAZI,bus,iett_gtfs,Beykoz,True,False
iett_5251426__bus,iett_5251426,5251426,SIRMAKEŞ ,bus,iett_gtfs,Beykoz,True,False
iett_5251427__bus,iett_5251427,5251427,SIRMAKEŞ,bus,iett_gtfs,Beykoz,True,False
iett_5251428__bus,iett_5251428,5251428,ÖRNEKKÖY SAĞLIK OCAĞI,bus,iett_gtfs,Beykoz,True,False
iett_5251429__bus,iett_5251429,5251429,ÖRNEKKÖY SAĞLIK OCAĞI,bus,iett_gtfs,Beykoz,True,False
iett_5251430__bus,iett_5251430,5251430,TAHTAKÖPRÜ SOKAK,bus,iett_gtfs,Beykoz,True,False
iett_5251431__bus,iett_5251431,5251431,TAHTAKÖPRÜ SOKAK,bus,iett_gtfs,Beykoz,True,False
iett_5251434__bus,iett_5251434,5251434,BAŞKOMUTAN CADDESİ,bus,iett_gtfs,Tuzla,True,False
iett_5251435__bus,iett_5251435,5251435,BAŞKOMUTAN CADDESİ,bus,iett_gtfs,Tuzla,True,False
iett_5251436__bus,iett_5251436,5251436,BİRİNCİ CADDESİ,bus,iett_gtfs,Beykoz,True,False
iett_5251437__bus,iett_5251437,5251437,BİRİNCİ CADDESİ,bus,iett_gtfs,Beykoz,True,False
iett_5251441__bus,iett_5251441,5251441,ADNAN MENDERES BULVARI,bus,iett_gtfs,Pendik,True,False
iett_5251442__bus,iett_5251442,5251442,ADNAN MENDERES BULVARI,bus,iett_gtfs,Pendik,True,False
iett_5251443__bus,iett_5251443,5251443,İBİŞ AĞA CADDESİ ,bus,iett_gtfs,Tuzla,True,False
iett_5251444__bus,iett_5251444,5251444,İBİŞ AĞA CADDESİ,bus,iett_gtfs,Tuzla,True,False
iett_5251445__bus,iett_5251445,5251445,SAHİL GÜVENLİK İKMAL MERKEZİ  KOMUTANLIĞI,bus,iett_gtfs,Tuzla,True,False
iett_5251457__bus,iett_5251457,5251457,CEVAHİR CADDESİ,bus,iett_gtfs,Ümraniye,True,False
iett_5251458__bus,iett_5251458,5251458,CEVAHİR CADDESİ,bus,iett_gtfs,Ümraniye,True,False
iett_5251336__bus,iett_5251336,5251336,DUYGU SOKAK,bus,iett_gtfs,Tuzla,True,False
iett_5251460__bus,iett_5251460,5251460,KANUNİ KENT ORMANI,bus,iett_gtfs,Beykoz,True,False
iett_5251461__bus,iett_5251461,5251461,KANUNİ KENT ORMANI,bus,iett_gtfs,Ümraniye,True,False
iett_5251469__bus,iett_5251469,5251469,VİYADÜK YOLU,bus,iett_gtfs,Beykoz,True,False
iett_5251470__bus,iett_5251470,5251470,VİYADÜK YOLU,bus,iett_gtfs,Beykoz,True,False
iett_5251471__bus,iett_5251471,5251471,KALKANLI CADDESİ,bus,iett_gtfs,Beykoz,True,False
iett_5251482__bus,iett_5251482,5251482,TOKİ ORUÇ REİS İ.Ö.O.,bus,iett_gtfs,Tuzla,True,False
iett_5251481__bus,iett_5251481,5251481,TOKİ ORUÇ REİS İ.Ö.O.,bus,iett_gtfs,Tuzla,True,False
iett_5251484__bus,iett_5251484,5251484,DEPO,bus,iett_gtfs,Sancaktepe,True,False
iett_5251483__bus,iett_5251483,5251483,DEPO,bus,iett_gtfs,Sancaktepe,True,False
iett_5251520__bus,iett_5251520,5251520,KARTAL CADDESİ,bus,iett_gtfs,Kartal,True,False
iett_5251521__bus,iett_5251521,5251521,KARTAL CADDESİ,bus,iett_gtfs,Kartal,True,False
iett_5251522__bus,iett_5251522,5251522,D-100 GÜNEY YANYOL ,bus,iett_gtfs,Kartal,True,False
iett_5251526__bus,iett_5251526,5251526,FİKİRTEPE METROBÜS,bus,iett_gtfs,Kadıköy,True,False
iett_5251530__bus,iett_5251530,5251530,KARADUT SOKAK,bus,iett_gtfs,Beykoz,True,False
iett_5251538__bus,iett_5251538,5251538,İLÇE MİLLİ EĞİTİM MÜDÜRLÜĞÜ,bus,iett_gtfs,Sancaktepe,True,False
iett_5251539__bus,iett_5251539,5251539,15 TEMMUZ STADYUMU,bus,iett_gtfs,Sancaktepe,True,False
iett_5251565__bus,iett_5251565,5251565,ALACALI SON DURAK,bus,iett_gtfs,Şile,True,False
iett_5251570__bus,iett_5251570,5251570,HASANPAŞA YAN YOL,bus,iett_gtfs,Kadıköy,True,False
iett_5251571__bus,iett_5251571,5251571,YEŞİL GÖL,bus,iett_gtfs,Şile,True,False
iett_5251572__bus,iett_5251572,5251572,YEŞİL GÖL,bus,iett_gtfs,Şile,True,False
iett_5251574__bus,iett_5251574,5251574,KIŞLALI CADDESİ,bus,iett_gtfs,Maltepe,True,False
iett_5251575__bus,iett_5251575,5251575,MALTEPE YAŞAR KEMAL KÜLTÜR MERKEZİ,bus,iett_gtfs,Maltepe,True,False
iett_5251589__bus,iett_5251589,5251589,BRONZ ÇIKMAZI,bus,iett_gtfs,Beykoz,True,False
iett_5251590__bus,iett_5251590,5251590,BRONZ ÇIKMAZI,bus,iett_gtfs,Beykoz,True,False
iett_5251605__bus,iett_5251605,5251605,METROBÜS ALT GEÇİT,bus,iett_gtfs,Kadıköy,True,False
iett_5251606__bus,iett_5251606,5251606,KASABA EVLERİ,bus,iett_gtfs,Çekmeköy,True,False
iett_5251646__bus,iett_5251646,5251646,YAYALAR METRO,bus,iett_gtfs,Pendik,True,False
iett_5251647__bus,iett_5251647,5251647,YAYALAR METRO,bus,iett_gtfs,Pendik,True,False
iett_5251648__bus,iett_5251648,5251648,MİMAR SİNAN CADDESİ,bus,iett_gtfs,Sancaktepe,True,False
iett_5251649__bus,iett_5251649,5251649,ÇANKAYA SOKAK,bus,iett_gtfs,Sancaktepe,True,False
iett_5251659__bus,iett_5251659,5251659,FEVZİ ÇAKMAK MAHALLESİ METRO,bus,iett_gtfs,Pendik,True,False
iett_5251658__bus,iett_5251658,5251658,FEVZİ ÇAKMAK MAHALLESİ METRO,bus,iett_gtfs,Pendik,True,False
iett_5251660__bus,iett_5251660,5251660,ERZİNCAN SOKAK,bus,iett_gtfs,Beykoz,True,False
iett_5252754__bus,iett_5252754,5252754,ERZİNCAN SOKAK,bus,iett_gtfs,Beykoz,True,False
iett_5251671__bus,iett_5251671,5251671,YUVAM SOKAK,bus,iett_gtfs,Şile,True,False
iett_5251672__bus,iett_5251672,5251672,YUVAM SOKAK,bus,iett_gtfs,Şile,True,False
iett_5251673__bus,iett_5251673,5251673,ÇİMENTO FABRİKASI,bus,iett_gtfs,Çekmeköy,True,False
iett_5251674__bus,iett_5251674,5251674,ÇİMENTO FABRİKASI,bus,iett_gtfs,Çekmeköy,True,False
iett_5251679__bus,iett_5251679,5251679,SAZLIDERE CADDESİ,bus,iett_gtfs,Beykoz,True,False
iett_5251676__bus,iett_5251676,5251676,SAZLIDERE CADDESİ,bus,iett_gtfs,Beykoz,True,False
iett_5251677__bus,iett_5251677,5251677,PAŞABAHÇE MEZARLIK,bus,iett_gtfs,Beykoz,True,False
iett_5251681__bus,iett_5251681,5251681,REŞADİYE BAĞLAR CADDESİ,bus,iett_gtfs,Beykoz,True,False
iett_5251678__bus,iett_5251678,5251678,REŞADİYE BAĞLAR CADDESİ ,bus,iett_gtfs,Beykoz,True,False
iett_5251683__bus,iett_5251683,5251683,BARBAROS CADDESİ,bus,iett_gtfs,Sultanbeyli,True,False
iett_5251684__bus,iett_5251684,5251684,ÇAĞDAŞ YAŞAM TÜRKAN TUTUMLUER İLKOKULU ,bus,iett_gtfs,Sultanbeyli,True,False
iett_5251685__bus,iett_5251685,5251685,KURTKÖY MAHALLESİ METRO,bus,iett_gtfs,Pendik,True,False
iett_5251694__bus,iett_5251694,5251694,KURUÇAY SOKAK,bus,iett_gtfs,Şile,True,False
iett_5251693__bus,iett_5251693,5251693,KURUÇAY SOKAK,bus,iett_gtfs,Şile,True,False
iett_5251703__bus,iett_5251703,5251703,POSTA DAĞITIM MERKEZİ,bus,iett_gtfs,Kartal,True,False
iett_5251702__bus,iett_5251702,5251702,POSTA DAĞITIM MERKEZİ,bus,iett_gtfs,Kartal,True,False
iett_5251704__bus,iett_5251704,5251704,ATACAN SOKAK,bus,iett_gtfs,Tuzla,True,False
iett_5251705__bus,iett_5251705,5251705,ATACAN SOKAK,bus,iett_gtfs,Tuzla,True,False
iett_5251715__bus,iett_5251715,5251715,KARABURUN SAPAĞI,bus,iett_gtfs,Şile,True,False
iett_5251716__bus,iett_5251716,5251716,KARABURUN SAPAĞI,bus,iett_gtfs,Şile,True,False
iett_5251717__bus,iett_5251717,5251717,ORUÇOĞLU MEZARLIĞI,bus,iett_gtfs,Şile,True,False
iett_5251718__bus,iett_5251718,5251718,ORUÇOĞLU MEZARLIĞI,bus,iett_gtfs,Şile,True,False
iett_5251727__bus,iett_5251727,5251727,GÖKSU,bus,iett_gtfs,Beykoz,True,False
iett_5251728__bus,iett_5251728,5251728,KANLIDERE,bus,iett_gtfs,Çekmeköy,True,False
iett_5251729__bus,iett_5251729,5251729,KANLIDERE,bus,iett_gtfs,Çekmeköy,True,False
iett_5251734__bus,iett_5251734,5251734,AKÇAKESE MEZARLIĞI,bus,iett_gtfs,Şile,True,False
iett_5251735__bus,iett_5251735,5251735,AKÇAKESE MEZARLIĞI,bus,iett_gtfs,Şile,True,False
iett_5251736__bus,iett_5251736,5251736,AKÇAKESE YOLU,bus,iett_gtfs,Şile,True,False
iett_5251737__bus,iett_5251737,5251737,AKÇAKESE YOLU,bus,iett_gtfs,Şile,True,False
iett_5251738__bus,iett_5251738,5251738,DERİN DERYA CADDESİ,bus,iett_gtfs,Şile,True,False
iett_5251739__bus,iett_5251739,5251739,DERİN DERYA CADDESİ,bus,iett_gtfs,Şile,True,False
iett_5251740__bus,iett_5251740,5251740,BÜYÜKBAKKALKÖY DÖRTYOL,bus,iett_gtfs,Sancaktepe,True,False
iett_5251741__bus,iett_5251741,5251741,BÜYÜKBAKKALKÖY DÖRTYOL,bus,iett_gtfs,Maltepe,True,False
iett_5251742__bus,iett_5251742,5251742,AFAD LOJİSTİK DEPO,bus,iett_gtfs,Tuzla,True,False
iett_5251743__bus,iett_5251743,5251743,AFAD LOJİSTİK DEPO,bus,iett_gtfs,Tuzla,True,False
iett_5251760__bus,iett_5251760,5251760,SEZER SOKAK,bus,iett_gtfs,Şile,True,False
iett_5251761__bus,iett_5251761,5251761,SEZER SOKAK,bus,iett_gtfs,Şile,True,False
iett_5251768__bus,iett_5251768,5251768,PINAR CADDESİ,bus,iett_gtfs,Pendik,True,False
iett_5251769__bus,iett_5251769,5251769,PINAR CADDESİ,bus,iett_gtfs,Pendik,True,False
iett_5251771__bus,iett_5251771,5251771,SENİYE İSMAİL HANIM CADDESİ,bus,iett_gtfs,Beykoz,True,False
iett_5251772__bus,iett_5251772,5251772,SENİYE İSMAİL HANIM CADDESİ,bus,iett_gtfs,Beykoz,True,False
iett_5251777__bus,iett_5251777,5251777,ÇİFTLİK ,bus,iett_gtfs,Beykoz,True,False
iett_5251778__bus,iett_5251778,5251778,ÇİFTLİK,bus,iett_gtfs,Beykoz,True,False
iett_5251781__bus,iett_5251781,5251781,BOTANİK BAHÇE,bus,iett_gtfs,Beykoz,True,False
iett_5251780__bus,iett_5251780,5251780,BOTANİK BAHÇE,bus,iett_gtfs,Beykoz,True,False
iett_5251792__bus,iett_5251792,5251792,VATAN SOKAK,bus,iett_gtfs,Pendik,True,False
iett_5251793__bus,iett_5251793,5251793,VATAN SOKAK,bus,iett_gtfs,Pendik,True,False
iett_5251824__bus,iett_5251824,5251824,ÇAMLIK KORU,bus,iett_gtfs,Tuzla,True,False
iett_5251823__bus,iett_5251823,5251823,ÇAMLIK KORU,bus,iett_gtfs,Tuzla,True,False
iett_5251826__bus,iett_5251826,5251826,TABİAT PARKI,bus,iett_gtfs,Beykoz,True,False
iett_5251825__bus,iett_5251825,5251825,TABİAT PARKI,bus,iett_gtfs,Beykoz,True,False
iett_5251837__bus,iett_5251837,5251837,MESİRE YERİ,bus,iett_gtfs,Şile,True,False
iett_5251838__bus,iett_5251838,5251838,MESİRE YERİ,bus,iett_gtfs,Şile,True,False
iett_5251839__bus,iett_5251839,5251839,İSKİ TESİSLERİ,bus,iett_gtfs,Şile,True,False
iett_5251840__bus,iett_5251840,5251840,İSKİ TESİSLERİ,bus,iett_gtfs,Şile,True,False
iett_5251843__bus,iett_5251843,5251843,ATİKBEY CADDESİ,bus,iett_gtfs,Şile,True,False
iett_5251844__bus,iett_5251844,5251844,ATİKBEY CADDESİ,bus,iett_gtfs,Şile,True,False
iett_5251845__bus,iett_5251845,5251845,BOZAHLAT MEVKİ,bus,iett_gtfs,Şile,True,False
iett_5251846__bus,iett_5251846,5251846,BOZAHLAT MEVKİ,bus,iett_gtfs,Şile,True,False
iett_5251848__bus,iett_5251848,5251848,GEMİCİ ÇIKMAZI SOKAK,bus,iett_gtfs,Beykoz,True,False
iett_5251865__bus,iett_5251865,5251865,AŞEVİ,bus,iett_gtfs,Üsküdar,True,False
iett_5251870__bus,iett_5251870,5251870,ERTUĞRULGAZİ CADDESİ,bus,iett_gtfs,Maltepe,True,False
iett_5251871__bus,iett_5251871,5251871,ERTUĞRULGAZİ CADDESİ,bus,iett_gtfs,Maltepe,True,False
iett_5251874__bus,iett_5251874,5251874,KELEŞOĞLU CADDESİ,bus,iett_gtfs,Sancaktepe,True,False
iett_5251875__bus,iett_5251875,5251875,SÜLÜN YETİŞTİRME MERKEZİ,bus,iett_gtfs,Beykoz,True,False
iett_5251876__bus,iett_5251876,5251876,SÜLÜN YETİŞTİRME MERKEZİ,bus,iett_gtfs,Beykoz,True,False
iett_5251877__bus,iett_5251877,5251877,ÜSLÜP SOKAK,bus,iett_gtfs,Tuzla,True,False
iett_5251878__bus,iett_5251878,5251878,ÜSLÜP SOKAK,bus,iett_gtfs,Tuzla,True,False
iett_5251884__bus,iett_5251884,5251884,SERDAROĞLU DERESİ,bus,iett_gtfs,Beykoz,True,False
iett_5251885__bus,iett_5251885,5251885,SERDAROĞLU DERESİ,bus,iett_gtfs,Beykoz,True,False
iett_5251886__bus,iett_5251886,5251886,SANAYİ SİTESİ,bus,iett_gtfs,Tuzla,True,False
iett_5251887__bus,iett_5251887,5251887,SANAYİ SİTESİ,bus,iett_gtfs,Tuzla,True,False
iett_5252006__bus,iett_5252006,5252006,SULTAN KORUSU,bus,iett_gtfs,Sultanbeyli,True,False
iett_5251912__bus,iett_5251912,5251912,ORMAN İŞLETME MÜDÜRLÜĞÜ İTFAİYE,bus,iett_gtfs,Beykoz,True,False
iett_5251913__bus,iett_5251913,5251913,ORMAN İŞLETME MÜDÜRLÜĞÜ İTFAİYE,bus,iett_gtfs,Beykoz,True,False
iett_5251916__bus,iett_5251916,5251916,ULUBATLI CAMİ,bus,iett_gtfs,Sultanbeyli,True,False
iett_5251917__bus,iett_5251917,5251917,ULUBATLI CAMİ,bus,iett_gtfs,Sultanbeyli,True,False
iett_5251918__bus,iett_5251918,5251918,MALTEPE MEYDAN,bus,iett_gtfs,Maltepe,True,False
iett_5251919__bus,iett_5251919,5251919,MALTEPE MEYDAN,bus,iett_gtfs,Maltepe,True,False
iett_5251921__bus,iett_5251921,5251921,MENEKŞE SOKAK,bus,iett_gtfs,Pendik,True,False
iett_1719__bus,iett_1719,1719,ENİS AKAYGEN SOKAK,bus,iett_gtfs,Kartal,True,False
iett_5251925__bus,iett_5251925,5251925,YENİYURT SOKAK,bus,iett_gtfs,Tuzla,True,False
iett_5251926__bus,iett_5251926,5251926,YENİYURT SOKAK,bus,iett_gtfs,Tuzla,True,False
iett_5251927__bus,iett_5251927,5251927,NUMAN CADDESİ,bus,iett_gtfs,Çekmeköy,True,False
iett_5251928__bus,iett_5251928,5251928,NUMAN CADDESİ,bus,iett_gtfs,Çekmeköy,True,False
iett_5251948__bus,iett_5251948,5251948,AYDINLI SAĞLIKLI YAŞAM  MERKEZİ,bus,iett_gtfs,Tuzla,True,False
iett_5251949__bus,iett_5251949,5251949,AYDINLI SAĞLIKLI YAŞAM  MERKEZİ,bus,iett_gtfs,Tuzla,True,False
iett_5251954__bus,iett_5251954,5251954,BEYKOZ CADDESİ,bus,iett_gtfs,Çekmeköy,True,False
iett_5251994__bus,iett_5251994,5251994,AYDINLIK SOKAK,bus,iett_gtfs,Tuzla,True,False
iett_5251993__bus,iett_5251993,5251993,AYDINLIK SOKAK,bus,iett_gtfs,Tuzla,True,False
iett_5252023__bus,iett_5252023,5252023,YILDIZDAĞI CADDESİ,bus,iett_gtfs,Şile,True,False
iett_5252024__bus,iett_5252024,5252024,YILDIZDAĞI CADDESİ,bus,iett_gtfs,Şile,True,False
iett_5252025__bus,iett_5252025,5252025,ÜVEZLİ GİRİŞ,bus,iett_gtfs,Şile,True,False
iett_5252026__bus,iett_5252026,5252026,ÜVEZLİ GİRİŞ,bus,iett_gtfs,Şile,True,False
iett_5252029__bus,iett_5252029,5252029,ALKAN SOKAK,bus,iett_gtfs,Sancaktepe,True,False
iett_5252037__bus,iett_5252037,5252037,ÇEŞME,bus,iett_gtfs,Pendik,True,False
iett_5252066__bus,iett_5252066,5252066,BAHÇELER,bus,iett_gtfs,Beykoz,True,False
iett_509157__bus,iett_509157,509157,FEVZİ ÇAKMAK CADDESİ,bus,iett_gtfs,Sancaktepe,True,False
iett_5252096__bus,iett_5252096,5252096,ASALET CADDESI,bus,iett_gtfs,Tuzla,True,False
iett_5252097__bus,iett_5252097,5252097,ASALET CADDESI,bus,iett_gtfs,Tuzla,True,False
iett_5252099__bus,iett_5252099,5252099,AYDOS EVLERI,bus,iett_gtfs,Sancaktepe,True,False
iett_5252100__bus,iett_5252100,5252100,ESENCELİ SAPAĞI,bus,iett_gtfs,Şile,True,False
iett_5252118__bus,iett_5252118,5252118,BAHADIR ÇIKMAZI,bus,iett_gtfs,Beykoz,True,False
iett_5252119__bus,iett_5252119,5252119,BAHADIR ÇIKMAZI,bus,iett_gtfs,Beykoz,True,False
iett_5252122__bus,iett_5252122,5252122,BAĞLAN ÇIKMAZI,bus,iett_gtfs,Beykoz,True,False
iett_5252123__bus,iett_5252123,5252123,BAĞLAN ÇIKMAZI,bus,iett_gtfs,Beykoz,True,False
iett_5252124__bus,iett_5252124,5252124,İMRENLİ KÖYÜ MEZARLIĞI,bus,iett_gtfs,Şile,True,False
iett_5252125__bus,iett_5252125,5252125,İMRENLİ KÖYÜ MEZARLIĞI,bus,iett_gtfs,Şile,True,False
iett_5252126__bus,iett_5252126,5252126,DUMLUPINAR CADDESI,bus,iett_gtfs,Sultanbeyli,True,False
iett_5252127__bus,iett_5252127,5252127,DUMLUPINAR CADDESI,bus,iett_gtfs,Sultanbeyli,True,False
iett_5252154__bus,iett_5252154,5252154,SÜSLÜ SOKAK,bus,iett_gtfs,Sancaktepe,True,False
iett_5252157__bus,iett_5252157,5252157,RİVA KONAKLARI,bus,iett_gtfs,Beykoz,True,False
iett_5252158__bus,iett_5252158,5252158,DÜŞLER VADİSİ,bus,iett_gtfs,Beykoz,True,False
iett_5252278__bus,iett_5252278,5252278,DÜŞLER VADİSİ,bus,iett_gtfs,Beykoz,True,False
iett_5252159__bus,iett_5252159,5252159,ÇİFTLİK CADDESİ,bus,iett_gtfs,Beykoz,True,False
iett_5252280__bus,iett_5252280,5252280,ÇİFTLİK CADDESİ,bus,iett_gtfs,Beykoz,True,False
iett_5252160__bus,iett_5252160,5252160,ŞEHİT CEMİL ÇAKIR CADDESİ,bus,iett_gtfs,Beykoz,True,False
iett_5252281__bus,iett_5252281,5252281,ŞEHİT CEMİL ÇAKIR CADDESİ,bus,iett_gtfs,Beykoz,True,False
iett_5252161__bus,iett_5252161,5252161,SAĞLAM SOKAK,bus,iett_gtfs,Beykoz,True,False
iett_5252282__bus,iett_5252282,5252282,SAĞLAM SOKAK,bus,iett_gtfs,Beykoz,True,False
iett_5252196__bus,iett_5252196,5252196,MEZARLIK SOKAK,bus,iett_gtfs,Maltepe,True,False
iett_5252197__bus,iett_5252197,5252197,MEZARLIK SOKAK,bus,iett_gtfs,Sancaktepe,True,False
iett_5252198__bus,iett_5252198,5252198,ESTERGON SOKAK,bus,iett_gtfs,Sancaktepe,True,False
iett_5252199__bus,iett_5252199,5252199,ESTERGON SOKAK,bus,iett_gtfs,Sancaktepe,True,False
iett_5252201__bus,iett_5252201,5252201,TRAFO LOJMANLARI,bus,iett_gtfs,Şile,True,False
iett_5252200__bus,iett_5252200,5252200,TRAFO LOJMANLARI,bus,iett_gtfs,Şile,True,False
iett_5252202__bus,iett_5252202,5252202,KARABEYLİ KÖYÜ,bus,iett_gtfs,Şile,True,False
iett_5252203__bus,iett_5252203,5252203,KARABEYLİ KÖYÜ,bus,iett_gtfs,Şile,True,False
iett_5252204__bus,iett_5252204,5252204,MANŞAR SAPAĞI,bus,iett_gtfs,Şile,True,False
iett_5252205__bus,iett_5252205,5252205,MANŞAR SAPAĞI,bus,iett_gtfs,Şile,True,False
iett_5252206__bus,iett_5252206,5252206,EVRENLİ KÖYÜ,bus,iett_gtfs,Şile,True,False
iett_5252207__bus,iett_5252207,5252207,EVRENLİ KÖYÜ,bus,iett_gtfs,Şile,True,False
iett_5252238__bus,iett_5252238,5252238,TEPEÖREN KÖYİÇİ,bus,iett_gtfs,Tuzla,True,False
iett_5252239__bus,iett_5252239,5252239,TEPEÖREN KÖYİÇİ,bus,iett_gtfs,Tuzla,True,False
iett_5252251__bus,iett_5252251,5252251,BESİ ÇİFTLİĞİ,bus,iett_gtfs,Şile,True,False
iett_5252252__bus,iett_5252252,5252252,BESİ ÇİFTLİĞİ,bus,iett_gtfs,Şile,True,False
iett_5252259__bus,iett_5252259,5252259,SARAY SOKAK,bus,iett_gtfs,Pendik,True,False
iett_5252260__bus,iett_5252260,5252260,SARAY SOKAK,bus,iett_gtfs,Pendik,True,False
iett_1126__bus,iett_1126,1126,PALMİYE 1,bus,iett_gtfs,Pendik,True,False
iett_5252284__bus,iett_5252284,5252284,PELİN SOKAK,bus,iett_gtfs,Sultanbeyli,True,False
iett_578643__bus,iett_578643,578643,ATAŞEHİR BELEDİYESİ MUSTAFA KEMAL ATAEVİ,bus,iett_gtfs,Ataşehir,True,False
iett_578644__bus,iett_578644,578644,ATAŞEHİR BELEDİYESİ MUSTAFA KEMAL ATAEVİ,bus,iett_gtfs,Ataşehir,True,False
iett_5252294__bus,iett_5252294,5252294,BAĞLAR CADDESİ,bus,iett_gtfs,Beykoz,True,False
iett_5252295__bus,iett_5252295,5252295,BAĞLAR CADDESİ,bus,iett_gtfs,Beykoz,True,False
iett_5252318__bus,iett_5252318,5252318,PENDİK KAYMAKAMLIĞI,bus,iett_gtfs,Pendik,True,False
iett_5252319__bus,iett_5252319,5252319,PENDİK KAYMAKAMLIĞI,bus,iett_gtfs,Pendik,True,False
iett_5252346__bus,iett_5252346,5252346,ODABAŞI SOKAK,bus,iett_gtfs,Tuzla,True,False
iett_5252347__bus,iett_5252347,5252347,ODABAŞI SOKAK,bus,iett_gtfs,Tuzla,True,False
iett_5252353__bus,iett_5252353,5252353,HAFIZ ALİ ÜSKÜDARLI CAMİ,bus,iett_gtfs,Sultanbeyli,True,False
iett_5252354__bus,iett_5252354,5252354,HAFIZ ALİ ÜSKÜDARLI CAMİ,bus,iett_gtfs,Sultanbeyli,True,False
iett_5252355__bus,iett_5252355,5252355,TUZLA AYDINLI SEBZE VE MEYVE HALİ,bus,iett_gtfs,Tuzla,True,False
iett_5252356__bus,iett_5252356,5252356,TUZLA AYDINLI SEBZE VE MEYVE HALİ,bus,iett_gtfs,Tuzla,True,False
iett_5252366__bus,iett_5252366,5252366,FATİN RÜŞTÜ ZORLU CADDESİ,bus,iett_gtfs,Ataşehir,True,False
iett_5252451__bus,iett_5252451,5252451,YEŞİLCE SOKAK,bus,iett_gtfs,Beykoz,True,False
iett_5252452__bus,iett_5252452,5252452,YEŞİLCE SOKAK,bus,iett_gtfs,Beykoz,True,False
iett_5252453__bus,iett_5252453,5252453,YENİDOĞAN ŞEHİT EMRE BAYSAL ANADOLU LİSESİ,bus,iett_gtfs,Sancaktepe,True,False
iett_5252454__bus,iett_5252454,5252454,YENİDOĞAN ŞEHİT EMRE BAYSAL ANADOLU LİSESİ,bus,iett_gtfs,Sancaktepe,True,False
iett_5252456__bus,iett_5252456,5252456,YEZDA SOKAK,bus,iett_gtfs,Beykoz,True,False
iett_5252457__bus,iett_5252457,5252457,YEZDA SOKAK,bus,iett_gtfs,Beykoz,True,False
iett_510661__bus,iett_510661,510661,DR. ERKİN CADDESİ,bus,iett_gtfs,Kadıköy,True,False
iett_510662__bus,iett_510662,510662,DR. ERKİN CADDESİ,bus,iett_gtfs,Kadıköy,True,False
iett_5252481__bus,iett_5252481,5252481,GÜNDOĞDU SOKAK,bus,iett_gtfs,Üsküdar,True,False
iett_5252482__bus,iett_5252482,5252482,GÜNDOĞDU SOKAK,bus,iett_gtfs,Üsküdar,True,False
iett_5252485__bus,iett_5252485,5252485,PİKNİK ALANI,bus,iett_gtfs,Beykoz,True,False
iett_5252486__bus,iett_5252486,5252486,PİKNİK ALANI,bus,iett_gtfs,Beykoz,True,False
iett_5252492__bus,iett_5252492,5252492,ATATÜRK CADDESİ,bus,iett_gtfs,Beykoz,True,False
iett_5252493__bus,iett_5252493,5252493,ATATÜRK CADDESİ,bus,iett_gtfs,Beykoz,True,False
iett_5252517__bus,iett_5252517,5252517,YENİ KÖPRÜ,bus,iett_gtfs,Beykoz,True,False
iett_5252518__bus,iett_5252518,5252518,YENI KÖPRÜ,bus,iett_gtfs,Beykoz,True,False
iett_5252570__bus,iett_5252570,5252570,BEYDAĞI CADDESI,bus,iett_gtfs,Tuzla,True,False
iett_5252571__bus,iett_5252571,5252571,BEYDAĞI CADDESI,bus,iett_gtfs,Tuzla,True,False
iett_5252572__bus,iett_5252572,5252572,PROF DR NECMETTİN ERBAKAN CADDESİ,bus,iett_gtfs,Tuzla,True,False
iett_5252573__bus,iett_5252573,5252573,PROF DR NECMETTİN ERBAKAN CADDESİ,bus,iett_gtfs,Tuzla,True,False
iett_5252585__bus,iett_5252585,5252585,GÖKMASLI KÖYÜ GİRİŞİ,bus,iett_gtfs,Şile,True,False
iett_5252586__bus,iett_5252586,5252586,GÖKMASLI KÖYÜ GİRİŞİ,bus,iett_gtfs,Şile,True,False
iett_5252596__bus,iett_5252596,5252596,MEVLANA METRO,bus,iett_gtfs,Ataşehir,True,False
iett_5252607__bus,iett_5252607,5252607,ORUÇOĞLU SPOR TESİSLERİ,bus,iett_gtfs,Şile,True,False
iett_5252608__bus,iett_5252608,5252608,ORUÇOĞLU SPOR TESİSLERİ,bus,iett_gtfs,Şile,True,False
iett_5252623__bus,iett_5252623,5252623,2. CADDE,bus,iett_gtfs,Tuzla,True,False
iett_5252624__bus,iett_5252624,5252624,2. CADDE,bus,iett_gtfs,Tuzla,True,False
iett_5252658__bus,iett_5252658,5252658,ÖZYEĞİN ÜNİVERSİTESİ ALT KAPI,bus,iett_gtfs,Çekmeköy,True,False
iett_5252659__bus,iett_5252659,5252659,ÖZYEĞİN ÜNİVERSİTESİ ALT KAPI,bus,iett_gtfs,Çekmeköy,True,False
iett_5252668__bus,iett_5252668,5252668,ULUBATLI HASAN İLKÖĞRETİM OKULU,bus,iett_gtfs,Tuzla,True,False
iett_5252669__bus,iett_5252669,5252669,ULUBATLI HASAN İLKÖĞRETİM OKULU,bus,iett_gtfs,Tuzla,True,False
iett_5252680__bus,iett_5252680,5252680,KARAAĞAÇ CADDESİ,bus,iett_gtfs,Şile,True,False
iett_5252681__bus,iett_5252681,5252681,KARAAĞAÇ CADDESI,bus,iett_gtfs,Şile,True,False
iett_5252682__bus,iett_5252682,5252682,ÜST BOSTANCI,bus,iett_gtfs,Kadıköy,True,False
iett_5252683__bus,iett_5252683,5252683,SIRMAKEŞ SOKAK,bus,iett_gtfs,Maltepe,True,False
iett_5252710__bus,iett_5252710,5252710,AYDINLI SOKAK,bus,iett_gtfs,Şile,True,False
iett_5252711__bus,iett_5252711,5252711,AYDINLI SOKAK,bus,iett_gtfs,Şile,True,False
iett_5252718__bus,iett_5252718,5252718,ATAŞEHİR TIP MERKEZİ,bus,iett_gtfs,Ataşehir,True,False
iett_5252743__bus,iett_5252743,5252743,PROF.DR.ATAKAN YALÇIN CADDESİ,bus,iett_gtfs,Çekmeköy,True,False
iett_5252744__bus,iett_5252744,5252744,PROF.DR.ATAKAN YALÇIN CADDESI,bus,iett_gtfs,Çekmeköy,True,False
iett_5252745__bus,iett_5252745,5252745,TEVEZEL GÜLEN KIRAY ANADOLU LISESİ,bus,iett_gtfs,Çekmeköy,True,False
iett_5252747__bus,iett_5252747,5252747,ALEMDAĞ EMLAK KONUT İLKOKULU,bus,iett_gtfs,Çekmeköy,True,False
iett_5252748__bus,iett_5252748,5252748,ALEMDAĞ EMLAK KONUT İLKOKULU,bus,iett_gtfs,Çekmeköy,True,False
iett_5252749__bus,iett_5252749,5252749,GELİN ÇİÇEĞİ SOKAK,bus,iett_gtfs,Çekmeköy,True,False
iett_5252750__bus,iett_5252750,5252750,GELİN ÇİÇEĞİ SOKAK,bus,iett_gtfs,Çekmeköy,True,False
iett_5252751__bus,iett_5252751,5252751,UZUNÇAYIR METROBÜS,bus,iett_gtfs,Kadıköy,True,False
iett_5252755__bus,iett_5252755,5252755,SANCAKTAR CADDESİ,bus,iett_gtfs,Beykoz,True,False
iett_5252785__bus,iett_5252785,5252785,PERRAN KUTMAN SARITAŞ İLKÖĞRETİM VE ORTAOKULU,bus,iett_gtfs,Sancaktepe,True,False
iett_5252787__bus,iett_5252787,5252787,HUZUREVİ,bus,iett_gtfs,Çekmeköy,True,False
iett_5252788__bus,iett_5252788,5252788,HUZUREVİ,bus,iett_gtfs,Çekmeköy,True,False
iett_5252794__bus,iett_5252794,5252794,KÖYİÇİ,bus,iett_gtfs,Şile,True,False
iett_5252795__bus,iett_5252795,5252795,KÖYİÇİ,bus,iett_gtfs,Şile,True,False
iett_5252796__bus,iett_5252796,5252796,ŞİLE OTOBÜS TERMİNALİ,bus,iett_gtfs,Şile,True,False
iett_5250914__bus,iett_5250914,5250914,ŞİLE OTOBÜS TERMİNALİ,bus,iett_gtfs,Şile,True,False
iett_5252799__bus,iett_5252799,5252799,ZERZEVAT POLONEZKÖY YOLU ,bus,iett_gtfs,Beykoz,True,False
iett_5252800__bus,iett_5252800,5252800,ZERZEVAT POLONEZKÖY YOLU ,bus,iett_gtfs,Beykoz,True,False
iett_5252810__bus,iett_5252810,5252810,31. SOKAK,bus,iett_gtfs,Çekmeköy,True,False
iett_5252811__bus,iett_5252811,5252811,KÖYYERİ MEVKİ,bus,iett_gtfs,Şile,True,False
iett_5249508__bus,iett_5249508,5249508,GÜMÜŞPINAR MAHALLE MUHTARLIĞI,bus,iett_gtfs,Kartal,True,False
iett_5252820__bus,iett_5252820,5252820,KILIÇLAR KÖYÜ GİRİŞ,bus,iett_gtfs,Şile,True,False
iett_5252821__bus,iett_5252821,5252821,KILIÇLAR KÖYÜ GİRİŞ,bus,iett_gtfs,Şile,True,False
iett_5252832__bus,iett_5252832,5252832,MEVLANA SOKAK,bus,iett_gtfs,Maltepe,True,False
iett_5252835__bus,iett_5252835,5252835,CUMHURİYET CADDESİ,bus,iett_gtfs,Pendik,True,False
iett_5252836__bus,iett_5252836,5252836,CUMHURİYET CADDESİ,bus,iett_gtfs,Pendik,True,False
iett_5252837__bus,iett_5252837,5252837,KARADENİZ CADDESİ,bus,iett_gtfs,Pendik,True,False
iett_5252838__bus,iett_5252838,5252838,KARADENİZ CADDESİ,bus,iett_gtfs,Pendik,True,False
iett_5252839__bus,iett_5252839,5252839,MANOLYA SOKAK,bus,iett_gtfs,Pendik,True,False
iett_5252840__bus,iett_5252840,5252840,MANOLYA SOKAK,bus,iett_gtfs,Pendik,True,False
iett_5252841__bus,iett_5252841,5252841,YASEMİN SOKAK,bus,iett_gtfs,Pendik,True,False
iett_5252842__bus,iett_5252842,5252842,YASEMİN SOKAK,bus,iett_gtfs,Pendik,True,False
iett_5252843__bus,iett_5252843,5252843,KIVILCIM SOKAK,bus,iett_gtfs,Sultanbeyli,True,False
iett_5252844__bus,iett_5252844,5252844,KIVILCIM SOKAK,bus,iett_gtfs,Sultanbeyli,True,False
iett_1391__bus,iett_1391,1391,DR. LÜTFİ KIRDAR ŞEHİR HASTANESİ ,bus,iett_gtfs,Kartal,True,False
iett_579604__bus,iett_579604,579604,AKSARAY PERON,bus,iett_gtfs,Fatih,True,False
iett_659252__bus,iett_659252,659252,4.LEVENT METRO,bus,iett_gtfs,Şişli,True,False
iett_580005__bus,iett_580005,580005,GÜMÜŞSUYU PERON,bus,iett_gtfs,Beyoğlu,True,False
iett_510074__bus,iett_510074,510074,ATAKENT MAHALLESİ,bus,iett_gtfs,Küçükçekmece,True,False
iett_292562__bus,iett_292562,292562,ESENKENT,bus,iett_gtfs,Esenyurt,True,False
iett_509665__bus,iett_509665,509665,KANUNİ SULTAN SÜLEYMAN,bus,iett_gtfs,Küçükçekmece,True,False
iett_509665__metrobus,iett_509665,509665,KANUNİ SULTAN SÜLEYMAN,metrobus,iett_gtfs,Küçükçekmece,True,True
iett_508628__bus,iett_508628,508628,BOĞAZKÖY SON DURAK,bus,iett_gtfs,Başakşehir,True,False
iett_509716__bus,iett_509716,509716,HALKALI MARMARAY,bus,iett_gtfs,Küçükçekmece,True,False
iett_5250052__bus,iett_5250052,5250052,HALKALI MARMARAY,bus,iett_gtfs,Küçükçekmece,True,False
iett_5251161__bus,iett_5251161,5251161,HARAMİDERE,bus,iett_gtfs,Beylikdüzü,True,False
iett_659256__bus,iett_659256,659256,MECİDİYEKÖY VİYADÜK,bus,iett_gtfs,Şişli,True,False
iett_659257__bus,iett_659257,659257,MECİDİYEKÖY MEZARLIK,bus,iett_gtfs,Şişli,True,False
iett_292222__bus,iett_292222,292222,ESENKENT,bus,iett_gtfs,Esenyurt,True,False
iett_292222__metrobus,iett_292222,292222,ESENKENT,metrobus,iett_gtfs,Esenyurt,True,True
iett_5251629__bus,iett_5251629,5251629,HARAMİDERE,bus,iett_gtfs,Beylikdüzü,True,False
iett_659259__bus,iett_659259,659259,MECİDİYEKÖY VİYADÜK,bus,iett_gtfs,Şişli,True,False
iett_659262__bus,iett_659262,659262,4.LEVENT METRO,bus,iett_gtfs,Şişli,True,False
iett_659264__bus,iett_659264,659264,4.LEVENT METRO,bus,iett_gtfs,Şişli,True,False
iett_5250444__metrobus,iett_5250444,5250444,MECİDİYEKÖY METROBÜS,metrobus,iett_gtfs,Şişli,True,True
iett_807273__bus,iett_807273,807273,İ.Ü. CERRAHPAŞA AVC. KAMP.,bus,iett_gtfs,Avcılar,True,False
iett_5252685__bus,iett_5252685,5252685,BOSTANCI PERONLAR,bus,iett_gtfs,Maltepe,True,False
iett_1074__bus,iett_1074,1074,SÜTÇÜ İMAM CADDESİ,bus,iett_gtfs,Pendik,True,False
iett_293435__bus,iett_293435,293435,KAVACIK AKTARMA,bus,iett_gtfs,Beykoz,True,False
iett_290275__bus,iett_290275,290275,ŞEHİT ŞAHİNBEY,bus,iett_gtfs,Çekmeköy,True,False
iett_578821__bus,iett_578821,578821,YEDPA,bus,iett_gtfs,Ataşehir,True,False
iett_510948__bus,iett_510948,510948,KADIKÖY,bus,iett_gtfs,Kadıköy,True,False
iett_510531__bus,iett_510531,510531,CEVİZLİ PERONLAR,bus,iett_gtfs,Maltepe,True,False
iett_580631__bus,iett_580631,580631,ESTERGON CADDESİ,bus,iett_gtfs,Ümraniye,True,False
iett_509426__bus,iett_509426,509426,YENİDOĞAN PERONLAR,bus,iett_gtfs,Sancaktepe,True,False
iett_293436__bus,iett_293436,293436,ÇİFTEÇINARLAR,bus,iett_gtfs,Beykoz,True,False
iett_580404__bus,iett_580404,580404,HEKİMBAŞI,bus,iett_gtfs,Beykoz,True,False
iett_681757__bus,iett_681757,681757,ŞEMSİPAŞA,bus,iett_gtfs,Üsküdar,True,False
iett_580632__bus,iett_580632,580632,TEPEÜSTÜ,bus,iett_gtfs,Ümraniye,True,False
iett_578822__bus,iett_578822,578822,ESATPAŞA,bus,iett_gtfs,Ataşehir,True,False
iett_1787__bus,iett_1787,1787,KARTAL,bus,iett_gtfs,Kartal,True,False
iett_1349__bus,iett_1349,1349,PENDİK,bus,iett_gtfs,Pendik,True,False
iett_1788__bus,iett_1788,1788,UĞUR MUMCU,bus,iett_gtfs,Kartal,True,False
iett_658688__bus,iett_658688,658688,BATTALGAZİ MAHALLESİ,bus,iett_gtfs,Sultanbeyli,True,False
iett_5249674__bus,iett_5249674,5249674,HAREM PERONLAR 2,bus,iett_gtfs,Üsküdar,True,False
iett_5251051__bus,iett_5251051,5251051,ATATÜRK MAHALLESİ PERONLAR,bus,iett_gtfs,Sancaktepe,True,False
iett_290253__bus,iett_290253,290253,NİŞANTEPE SONDURAK,bus,iett_gtfs,Çekmeköy,True,False
iett_510526__bus,iett_510526,510526,MALTEPE PERONLAR,bus,iett_gtfs,Maltepe,True,False
iett_897__bus,iett_897,897,SABİHA GÖKÇEN HAVALİMANI,bus,iett_gtfs,Pendik,True,False
iett_909464__bus,iett_909464,909464,AYDINLI TOKİ PERONLAR,bus,iett_gtfs,Tuzla,True,False
iett_312__bus,iett_312,312,ŞİFA SONDURAK,bus,iett_gtfs,Tuzla,True,False
iett_290276__bus,iett_290276,290276,ŞEHİT ŞAHİNBEY,bus,iett_gtfs,Çekmeköy,True,False
iett_578823__bus,iett_578823,578823,YEDPA,bus,iett_gtfs,Ataşehir,True,False
iett_1805__bus,iett_1805,1805,KARTAL METRO,bus,iett_gtfs,Kartal,True,False
iett_580633__bus,iett_580633,580633,ESTERGON CADDESİ,bus,iett_gtfs,Ümraniye,True,False
iett_681760__bus,iett_681760,681760,ŞEMSİPAŞA,bus,iett_gtfs,Üsküdar,True,False
iett_580634__bus,iett_580634,580634,TEPEÜSTÜ,bus,iett_gtfs,Ümraniye,True,False
iett_290277__bus,iett_290277,290277,ŞEHİT ŞAHİNBEY,bus,iett_gtfs,Çekmeköy,True,False
iett_578825__bus,iett_578825,578825,YEDPA,bus,iett_gtfs,Ataşehir,True,False
iett_580635__bus,iett_580635,580635,ESTERGON CADDESİ,bus,iett_gtfs,Ümraniye,True,False
iett_509428__metrobus,iett_509428,509428,YENİDOĞAN PERONLAR,metrobus,iett_gtfs,Sancaktepe,True,True
iett_873793__bus,iett_873793,873793,ŞEMSİPAŞA,bus,iett_gtfs,Üsküdar,True,False
iett_580636__bus,iett_580636,580636,TEPEÜSTÜ,bus,iett_gtfs,Ümraniye,True,False
iett_578826__bus,iett_578826,578826,ESATPAŞA,bus,iett_gtfs,Ataşehir,True,False
iett_1793__bus,iett_1793,1793,KARTAL,bus,iett_gtfs,Kartal,True,False
iett_1353__bus,iett_1353,1353,PENDİK,bus,iett_gtfs,Pendik,True,False
iett_1794__bus,iett_1794,1794,UĞUR MUMCU,bus,iett_gtfs,Kartal,True,False
iett_1796__bus,iett_1796,1796,UĞUR MUMCU,bus,iett_gtfs,Kartal,True,False
iett_510960__bus,iett_510960,510960,KADIKÖY,bus,iett_gtfs,Kadıköy,True,False
iett_293441__bus,iett_293441,293441,ÇİFTEÇINARLAR,bus,iett_gtfs,Beykoz,True,False
iett_580637__bus,iett_580637,580637,TEPEÜSTÜ,bus,iett_gtfs,Ümraniye,True,False
iett_290896__bus,iett_290896,290896,SULTANBEYLİ PERONLAR,bus,iett_gtfs,Pendik,True,False
iett_1797__bus,iett_1797,1797,KARTAL,bus,iett_gtfs,Kartal,True,False
iett_580639__bus,iett_580639,580639,TEPEÜSTÜ,bus,iett_gtfs,Ümraniye,True,False
iett_5251080__bus,iett_5251080,5251080,PENDİK,bus,iett_gtfs,Pendik,True,False
iett_510963__bus,iett_510963,510963,KADIKÖY,bus,iett_gtfs,Kadıköy,True,False
iett_1800__bus,iett_1800,1800,KARTAL,bus,iett_gtfs,Kartal,True,False
iett_290900__bus,iett_290900,290900,SULTANBEYLİ PERONLAR,bus,iett_gtfs,Pendik,True,False
iett_510967__bus,iett_510967,510967,KADIKÖY,bus,iett_gtfs,Kadıköy,True,False
iett_510965__bus,iett_510965,510965,KADIKÖY,bus,iett_gtfs,Kadıköy,True,False
iett_290901__bus,iett_290901,290901,SULTANBEYLİ PERONLAR,bus,iett_gtfs,Pendik,True,False
